ExceptionOccurrenceID,ReportDate,EnrolmentID,StudentID,ExceptionCode,ExceptionType,DQDimension,Severity,RemediationStatus,ResolvedDate,RemediationAction
X0000001,2026-03-02,E0000001,S001086,EX01,Incomplete Contact Details,Completeness,Medium,Open,,Pending investigation
X0000002,2026-03-16,E0000001,S001086,EX01,Incomplete Contact Details,Completeness,Medium,Resolved,2026-03-22,Record remediation
X0000003,2026-04-27,E0000005,S001890,EX05,Legacy Migration Mismatch,Consistency,High,Resolved,2026-04-30,System correction
X0000004,2026-04-13,E0000008,S000090,EX06,Fee/Product Validation,Validity,High,Open,,Pending investigation
X0000005,2026-03-30,E0000011,S001322,EX04,Withdrawal / Remediation Overlap,Consistency,Medium,Resolved,2026-04-02,Record remediation
X0000006,2026-03-16,E0000013,S003503,EX06,Fee/Product Validation,Validity,High,Open,,Pending investigation
X0000007,2026-03-30,E0000013,S003503,EX06,Fee/Product Validation,Validity,High,Open,,Pending investigation
X0000008,2026-03-16,E0000019,S000833,EX01,Incomplete Contact Details,Completeness,Medium,Resolved,2026-04-03,Record remediation
X0000009,2026-04-13,E0000023,S001935,EX06,Fee/Product Validation,Validity,High,Open,,Pending investigation
X0000010,2026-04-27,E0000023,S001935,EX06,Fee/Product Validation,Validity,High,Open,,Pending investigation
X0000011,2026-03-02,E0000035,S000947,EX05,Legacy Migration Mismatch,Consistency,High,Resolved,2026-03-08,System correction
X0000012,2026-04-27,E0000035,S000947,EX03,Potential Duplicate Enrolment,Uniqueness,High,Resolved,2026-05-04,Record remediation
X0000013,2026-03-02,E0000037,S003535,EX07,Incomplete Enrolment,Completeness,Medium,Resolved,2026-03-05,Record remediation
X0000014,2026-04-13,E0000037,S003535,EX03,Potential Duplicate Enrolment,Uniqueness,High,Open,,Pending investigation
X0000015,2026-04-13,E0000044,S001966,EX04,Withdrawal / Remediation Overlap,Consistency,Medium,Open,,Pending investigation
X0000016,2026-04-27,E0000044,S001966,EX04,Withdrawal / Remediation Overlap,Consistency,Medium,Resolved,2026-05-15,Record remediation
X0000017,2026-03-30,E0000055,S001134,EX06,Fee/Product Validation,Validity,High,Open,,Pending investigation
X0000018,2026-03-30,E0000062,S004011,EX07,Incomplete Enrolment,Completeness,Medium,Open,,Pending investigation
X0000019,2026-03-30,E0000065,S002152,EX01,Incomplete Contact Details,Completeness,Medium,Resolved,2026-04-05,Record remediation
X0000020,2026-03-30,E0000073,S001855,EX01,Incomplete Contact Details,Completeness,Medium,Open,,Pending investigation
X0000021,2026-03-16,E0000086,S001039,EX01,Incomplete Contact Details,Completeness,Medium,Open,,Pending investigation
X0000022,2026-03-02,E0000096,S003443,EX07,Incomplete Enrolment,Completeness,Medium,Open,,Pending investigation
X0000023,2026-04-27,E0000097,S000539,EX05,Legacy Migration Mismatch,Consistency,High,Open,,Pending investigation
X0000024,2026-05-11,E0000097,S000539,EX05,Legacy Migration Mismatch,Consistency,High,Open,,Pending investigation
X0000025,2026-05-11,E0000097,S000539,EX05,Legacy Migration Mismatch,Consistency,High,Open,,Pending investigation
X0000026,2026-03-02,E0000097,S000539,EX02,Missing LMS Unit Link,Completeness,High,Resolved,2026-03-07,System correction
X0000027,2026-03-16,E0000097,S000539,EX02,Missing LMS Unit Link,Completeness,High,Resolved,2026-03-31,System correction
X0000028,2026-04-27,E0000100,S002359,EX07,Incomplete Enrolment,Completeness,Medium,Resolved,2026-04-29,Record remediation
X0000029,2026-04-13,E0000100,S002359,EX06,Fee/Product Validation,Validity,High,Resolved,2026-04-16,System correction
X0000030,2026-04-27,E0000107,S001063,EX06,Fee/Product Validation,Validity,High,Resolved,2026-05-01,System correction
X0000031,2026-04-27,E0000113,S003973,EX01,Incomplete Contact Details,Completeness,Medium,Resolved,2026-05-06,Record remediation
X0000032,2026-03-30,E0000113,S003973,EX03,Potential Duplicate Enrolment,Uniqueness,High,Open,,Pending investigation
X0000033,2026-03-16,E0000126,S002509,EX06,Fee/Product Validation,Validity,High,Resolved,2026-03-20,System correction
X0000034,2026-03-02,E0000127,S001049,EX06,Fee/Product Validation,Validity,High,Open,,Pending investigation
X0000035,2026-03-16,E0000140,S003013,EX05,Legacy Migration Mismatch,Consistency,High,Open,,Pending investigation
X0000036,2026-03-30,E0000140,S003013,EX05,Legacy Migration Mismatch,Consistency,High,Open,,Pending investigation
X0000037,2026-04-13,E0000140,S003013,EX05,Legacy Migration Mismatch,Consistency,High,Resolved,2026-04-21,System correction
X0000038,2026-03-30,E0000141,S003354,EX05,Legacy Migration Mismatch,Consistency,High,Resolved,2026-04-05,System correction
X0000039,2026-04-27,E0000147,S004111,EX06,Fee/Product Validation,Validity,High,Resolved,2026-05-08,System correction
X0000040,2026-03-02,E0000152,S001142,EX05,Legacy Migration Mismatch,Consistency,High,Resolved,2026-03-12,System correction
X0000041,2026-04-27,E0000153,S003392,EX02,Missing LMS Unit Link,Completeness,High,Open,,Pending investigation
X0000042,2026-05-11,E0000153,S003392,EX02,Missing LMS Unit Link,Completeness,High,Resolved,2026-05-24,System correction
X0000043,2026-03-16,E0000156,S000482,EX01,Incomplete Contact Details,Completeness,Medium,Resolved,2026-04-02,Record remediation
X0000044,2026-03-30,E0000161,S002465,EX02,Missing LMS Unit Link,Completeness,High,Resolved,2026-04-03,System correction
X0000045,2026-04-13,E0000161,S002465,EX02,Missing LMS Unit Link,Completeness,High,Resolved,2026-05-01,System correction
X0000046,2026-03-02,E0000166,S001932,EX01,Incomplete Contact Details,Completeness,Medium,Resolved,2026-03-15,Record remediation
X0000047,2026-03-02,E0000168,S003978,EX02,Missing LMS Unit Link,Completeness,High,Resolved,2026-03-08,System correction
X0000048,2026-03-30,E0000177,S002724,EX06,Fee/Product Validation,Validity,High,Resolved,2026-03-31,System correction
X0000049,2026-04-13,E0000178,S000563,EX01,Incomplete Contact Details,Completeness,Medium,Open,,Pending investigation
X0000050,2026-04-27,E0000178,S000563,EX01,Incomplete Contact Details,Completeness,Medium,Resolved,2026-05-07,Record remediation
X0000051,2026-03-30,E0000180,S003751,EX07,Incomplete Enrolment,Completeness,Medium,Resolved,2026-04-06,Record remediation
X0000052,2026-03-02,E0000190,S002375,EX01,Incomplete Contact Details,Completeness,Medium,Resolved,2026-03-08,Record remediation
X0000053,2026-04-13,E0000191,S002410,EX04,Withdrawal / Remediation Overlap,Consistency,Medium,Open,,Pending investigation
X0000054,2026-04-27,E0000196,S000971,EX01,Incomplete Contact Details,Completeness,Medium,Resolved,2026-05-09,Record remediation
X0000055,2026-04-13,E0000198,S000491,EX02,Missing LMS Unit Link,Completeness,High,Open,,Pending investigation
X0000056,2026-04-27,E0000198,S000491,EX02,Missing LMS Unit Link,Completeness,High,Resolved,2026-05-09,System correction
X0000057,2026-03-02,E0000203,S002109,EX03,Potential Duplicate Enrolment,Uniqueness,High,Open,,Pending investigation
X0000058,2026-03-16,E0000203,S002109,EX03,Potential Duplicate Enrolment,Uniqueness,High,Resolved,2026-03-30,Record remediation
X0000059,2026-03-30,E0000212,S000919,EX07,Incomplete Enrolment,Completeness,Medium,Resolved,2026-04-11,Record remediation
X0000060,2026-03-16,E0000212,S000919,EX02,Missing LMS Unit Link,Completeness,High,Open,,Pending investigation
X0000061,2026-03-30,E0000212,S000919,EX02,Missing LMS Unit Link,Completeness,High,Resolved,2026-04-09,System correction
X0000062,2026-03-30,E0000212,S000919,EX03,Potential Duplicate Enrolment,Uniqueness,High,Resolved,2026-04-06,Record remediation
X0000063,2026-03-02,E0000219,S002491,EX06,Fee/Product Validation,Validity,High,Open,,Pending investigation
X0000064,2026-04-27,E0000223,S001704,EX05,Legacy Migration Mismatch,Consistency,High,Resolved,2026-04-30,System correction
X0000065,2026-03-02,E0000224,S002017,EX01,Incomplete Contact Details,Completeness,Medium,Resolved,2026-03-15,Record remediation
X0000066,2026-03-16,E0000228,S003456,EX06,Fee/Product Validation,Validity,High,Open,,Pending investigation
X0000067,2026-03-02,E0000229,S003862,EX02,Missing LMS Unit Link,Completeness,High,Open,,Pending investigation
X0000068,2026-03-16,E0000237,S003549,EX01,Incomplete Contact Details,Completeness,Medium,Resolved,2026-03-22,Record remediation
X0000069,2026-03-16,E0000244,S000911,EX06,Fee/Product Validation,Validity,High,Resolved,2026-03-26,System correction
X0000070,2026-04-27,E0000253,S003673,EX02,Missing LMS Unit Link,Completeness,High,Resolved,2026-05-06,System correction
X0000071,2026-04-13,E0000257,S003132,EX01,Incomplete Contact Details,Completeness,Medium,Resolved,2026-04-14,Record remediation
X0000072,2026-04-27,E0000257,S003132,EX01,Incomplete Contact Details,Completeness,Medium,Open,,Pending investigation
X0000073,2026-03-16,E0000257,S003132,EX03,Potential Duplicate Enrolment,Uniqueness,High,Resolved,2026-03-18,Record remediation
X0000074,2026-04-27,E0000263,S003690,EX06,Fee/Product Validation,Validity,High,Open,,Pending investigation
X0000075,2026-04-13,E0000267,S000778,EX07,Incomplete Enrolment,Completeness,Medium,Resolved,2026-04-19,Record remediation
X0000076,2026-04-13,E0000278,S000677,EX01,Incomplete Contact Details,Completeness,Medium,Resolved,2026-04-17,Record remediation
X0000077,2026-03-30,E0000281,S002994,EX02,Missing LMS Unit Link,Completeness,High,Resolved,2026-04-15,System correction
X0000078,2026-04-13,E0000281,S002994,EX02,Missing LMS Unit Link,Completeness,High,Open,,Pending investigation
X0000079,2026-03-16,E0000284,S000296,EX06,Fee/Product Validation,Validity,High,Resolved,2026-04-03,System correction
X0000080,2026-03-02,E0000297,S004093,EX07,Incomplete Enrolment,Completeness,Medium,Open,,Pending investigation
X0000081,2026-03-16,E0000297,S004093,EX07,Incomplete Enrolment,Completeness,Medium,Resolved,2026-03-19,Record remediation
X0000082,2026-04-13,E0000300,S001837,EX01,Incomplete Contact Details,Completeness,Medium,Resolved,2026-04-19,Record remediation
X0000083,2026-04-27,E0000301,S002834,EX02,Missing LMS Unit Link,Completeness,High,Open,,Pending investigation
X0000084,2026-05-11,E0000301,S002834,EX02,Missing LMS Unit Link,Completeness,High,Resolved,2026-05-20,System correction
X0000085,2026-05-11,E0000301,S002834,EX02,Missing LMS Unit Link,Completeness,High,Resolved,2026-05-26,System correction
X0000086,2026-03-30,E0000304,S001491,EX07,Incomplete Enrolment,Completeness,Medium,Resolved,2026-04-14,Record remediation
X0000087,2026-03-02,E0000304,S001491,EX06,Fee/Product Validation,Validity,High,Resolved,2026-03-18,System correction
X0000088,2026-03-16,E0000305,S004084,EX01,Incomplete Contact Details,Completeness,Medium,Resolved,2026-03-18,Record remediation
X0000089,2026-04-27,E0000307,S001213,EX01,Incomplete Contact Details,Completeness,Medium,Open,,Pending investigation
X0000090,2026-05-11,E0000307,S001213,EX01,Incomplete Contact Details,Completeness,Medium,Resolved,2026-05-13,Record remediation
X0000091,2026-03-02,E0000308,S002326,EX07,Incomplete Enrolment,Completeness,Medium,Resolved,2026-03-13,Record remediation
X0000092,2026-03-30,E0000309,S001356,EX06,Fee/Product Validation,Validity,High,Resolved,2026-04-04,System correction
X0000093,2026-03-16,E0000311,S001381,EX06,Fee/Product Validation,Validity,High,Resolved,2026-03-31,System correction
X0000094,2026-03-02,E0000313,S000157,EX01,Incomplete Contact Details,Completeness,Medium,Open,,Pending investigation
X0000095,2026-04-13,E0000318,S003626,EX06,Fee/Product Validation,Validity,High,Open,,Pending investigation
X0000096,2026-03-16,E0000321,S002844,EX06,Fee/Product Validation,Validity,High,Resolved,2026-03-20,System correction
X0000097,2026-03-16,E0000328,S000144,EX06,Fee/Product Validation,Validity,High,Open,,Pending investigation
X0000098,2026-04-13,E0000334,S002244,EX05,Legacy Migration Mismatch,Consistency,High,Resolved,2026-04-17,System correction
X0000099,2026-03-30,E0000339,S002512,EX03,Potential Duplicate Enrolment,Uniqueness,High,Resolved,2026-04-17,Record remediation
X0000100,2026-03-16,E0000342,S001656,EX02,Missing LMS Unit Link,Completeness,High,Open,,Pending investigation
X0000101,2026-03-30,E0000342,S001656,EX02,Missing LMS Unit Link,Completeness,High,Resolved,2026-04-02,System correction
X0000102,2026-04-13,E0000342,S001656,EX02,Missing LMS Unit Link,Completeness,High,Resolved,2026-05-01,System correction
X0000103,2026-03-30,E0000345,S000670,EX05,Legacy Migration Mismatch,Consistency,High,Open,,Pending investigation
X0000104,2026-04-13,E0000345,S000670,EX05,Legacy Migration Mismatch,Consistency,High,Resolved,2026-04-29,System correction
X0000105,2026-03-16,E0000347,S000713,EX06,Fee/Product Validation,Validity,High,Resolved,2026-03-17,System correction
X0000106,2026-03-30,E0000347,S000713,EX06,Fee/Product Validation,Validity,High,Resolved,2026-04-16,System correction
X0000107,2026-03-16,E0000357,S000159,EX06,Fee/Product Validation,Validity,High,Open,,Pending investigation
X0000108,2026-03-30,E0000357,S000159,EX06,Fee/Product Validation,Validity,High,Resolved,2026-04-17,System correction
X0000109,2026-04-27,E0000366,S003066,EX01,Incomplete Contact Details,Completeness,Medium,Resolved,2026-05-12,Record remediation
X0000110,2026-04-13,E0000371,S000973,EX07,Incomplete Enrolment,Completeness,Medium,Resolved,2026-04-29,Record remediation
X0000111,2026-03-16,E0000377,S002052,EX02,Missing LMS Unit Link,Completeness,High,Resolved,2026-03-30,System correction
X0000112,2026-03-02,E0000379,S002976,EX02,Missing LMS Unit Link,Completeness,High,Resolved,2026-03-11,System correction
X0000113,2026-03-30,E0000379,S002976,EX01,Incomplete Contact Details,Completeness,Medium,Resolved,2026-04-06,Record remediation
X0000114,2026-03-02,E0000383,S003636,EX04,Withdrawal / Remediation Overlap,Consistency,Medium,Resolved,2026-03-12,Record remediation
X0000115,2026-03-16,E0000383,S003636,EX04,Withdrawal / Remediation Overlap,Consistency,Medium,Resolved,2026-04-03,Record remediation
X0000116,2026-04-27,E0000384,S001101,EX05,Legacy Migration Mismatch,Consistency,High,Open,,Pending investigation
X0000117,2026-03-30,E0000389,S001776,EX04,Withdrawal / Remediation Overlap,Consistency,Medium,Open,,Pending investigation
X0000118,2026-03-16,E0000394,S002321,EX06,Fee/Product Validation,Validity,High,Resolved,2026-03-23,System correction
X0000119,2026-04-27,E0000394,S002321,EX03,Potential Duplicate Enrolment,Uniqueness,High,Resolved,2026-05-13,Record remediation
X0000120,2026-03-02,E0000396,S003326,EX01,Incomplete Contact Details,Completeness,Medium,Open,,Pending investigation
X0000121,2026-03-30,E0000399,S002928,EX04,Withdrawal / Remediation Overlap,Consistency,Medium,Resolved,2026-04-07,Record remediation
X0000122,2026-03-16,E0000407,S001914,EX06,Fee/Product Validation,Validity,High,Open,,Pending investigation
X0000123,2026-03-02,E0000407,S001914,EX01,Incomplete Contact Details,Completeness,Medium,Resolved,2026-03-09,Record remediation
X0000124,2026-04-27,E0000411,S003953,EX04,Withdrawal / Remediation Overlap,Consistency,Medium,Resolved,2026-05-14,Record remediation
X0000125,2026-03-02,E0000414,S000754,EX06,Fee/Product Validation,Validity,High,Resolved,2026-03-07,System correction
X0000126,2026-04-13,E0000418,S003822,EX03,Potential Duplicate Enrolment,Uniqueness,High,Open,,Pending investigation
X0000127,2026-04-13,E0000419,S001789,EX01,Incomplete Contact Details,Completeness,Medium,Resolved,2026-04-16,Record remediation
X0000128,2026-03-30,E0000430,S001947,EX02,Missing LMS Unit Link,Completeness,High,Resolved,2026-04-08,System correction
X0000129,2026-04-13,E0000442,S002504,EX06,Fee/Product Validation,Validity,High,Open,,Pending investigation
X0000130,2026-04-27,E0000442,S002504,EX06,Fee/Product Validation,Validity,High,Resolved,2026-05-10,System correction
X0000131,2026-04-27,E0000450,S000410,EX02,Missing LMS Unit Link,Completeness,High,Open,,Pending investigation
X0000132,2026-05-11,E0000450,S000410,EX02,Missing LMS Unit Link,Completeness,High,Resolved,2026-05-29,System correction
X0000133,2026-03-16,E0000452,S002268,EX03,Potential Duplicate Enrolment,Uniqueness,High,Open,,Pending investigation
X0000134,2026-03-30,E0000454,S001765,EX04,Withdrawal / Remediation Overlap,Consistency,Medium,Open,,Pending investigation
X0000135,2026-04-13,E0000454,S001765,EX04,Withdrawal / Remediation Overlap,Consistency,Medium,Resolved,2026-04-20,Record remediation
X0000136,2026-04-13,E0000461,S001693,EX03,Potential Duplicate Enrolment,Uniqueness,High,Resolved,2026-04-25,Record remediation
X0000137,2026-03-30,E0000469,S000557,EX06,Fee/Product Validation,Validity,High,Resolved,2026-04-06,System correction
X0000138,2026-03-30,E0000482,S001746,EX05,Legacy Migration Mismatch,Consistency,High,Open,,Pending investigation
X0000139,2026-04-13,E0000482,S001746,EX05,Legacy Migration Mismatch,Consistency,High,Resolved,2026-04-14,System correction
X0000140,2026-03-02,E0000483,S003474,EX07,Incomplete Enrolment,Completeness,Medium,Resolved,2026-03-08,Record remediation
X0000141,2026-03-16,E0000483,S003474,EX07,Incomplete Enrolment,Completeness,Medium,Resolved,2026-03-22,Record remediation
X0000142,2026-03-02,E0000487,S001601,EX06,Fee/Product Validation,Validity,High,Open,,Pending investigation
X0000143,2026-03-16,E0000487,S001601,EX04,Withdrawal / Remediation Overlap,Consistency,Medium,Resolved,2026-03-21,Record remediation
X0000144,2026-04-27,E0000488,S002531,EX03,Potential Duplicate Enrolment,Uniqueness,High,Resolved,2026-05-13,Record remediation
X0000145,2026-04-27,E0000491,S003355,EX03,Potential Duplicate Enrolment,Uniqueness,High,Open,,Pending investigation
X0000146,2026-05-11,E0000491,S003355,EX03,Potential Duplicate Enrolment,Uniqueness,High,Resolved,2026-05-29,Record remediation
X0000147,2026-04-13,E0000495,S000930,EX03,Potential Duplicate Enrolment,Uniqueness,High,Resolved,2026-04-26,Record remediation
X0000148,2026-04-13,E0000503,S002382,EX06,Fee/Product Validation,Validity,High,Resolved,2026-04-21,System correction
X0000149,2026-03-02,E0000503,S002382,EX04,Withdrawal / Remediation Overlap,Consistency,Medium,Resolved,2026-03-17,Record remediation
X0000150,2026-03-16,E0000503,S002382,EX04,Withdrawal / Remediation Overlap,Consistency,Medium,Open,,Pending investigation
X0000151,2026-04-13,E0000506,S003708,EX06,Fee/Product Validation,Validity,High,Resolved,2026-04-29,System correction
X0000152,2026-03-16,E0000508,S002748,EX06,Fee/Product Validation,Validity,High,Open,,Pending investigation
X0000153,2026-04-13,E0000513,S001156,EX01,Incomplete Contact Details,Completeness,Medium,Resolved,2026-04-25,Record remediation
X0000154,2026-03-16,E0000519,S000411,EX01,Incomplete Contact Details,Completeness,Medium,Open,,Pending investigation
X0000155,2026-03-30,E0000519,S000411,EX01,Incomplete Contact Details,Completeness,Medium,Resolved,2026-04-11,Record remediation
X0000156,2026-03-02,E0000525,S003401,EX06,Fee/Product Validation,Validity,High,Open,,Pending investigation
X0000157,2026-03-02,E0000529,S001721,EX06,Fee/Product Validation,Validity,High,Resolved,2026-03-18,System correction
X0000158,2026-03-16,E0000529,S001721,EX06,Fee/Product Validation,Validity,High,Resolved,2026-03-26,System correction
X0000159,2026-03-02,E0000531,S002187,EX03,Potential Duplicate Enrolment,Uniqueness,High,Resolved,2026-03-19,Record remediation
X0000160,2026-03-16,E0000531,S002187,EX03,Potential Duplicate Enrolment,Uniqueness,High,Resolved,2026-03-18,Record remediation
X0000161,2026-03-30,E0000532,S001450,EX06,Fee/Product Validation,Validity,High,Resolved,2026-04-12,System correction
X0000162,2026-04-13,E0000540,S002736,EX01,Incomplete Contact Details,Completeness,Medium,Resolved,2026-04-22,Record remediation
X0000163,2026-04-13,E0000541,S002472,EX01,Incomplete Contact Details,Completeness,Medium,Resolved,2026-04-25,Record remediation
X0000164,2026-04-13,E0000546,S001791,EX07,Incomplete Enrolment,Completeness,Medium,Resolved,2026-04-29,Record remediation
X0000165,2026-03-30,E0000550,S003699,EX07,Incomplete Enrolment,Completeness,Medium,Open,,Pending investigation
X0000166,2026-04-27,E0000559,S000016,EX01,Incomplete Contact Details,Completeness,Medium,Resolved,2026-05-11,Record remediation
X0000167,2026-03-16,E0000562,S001810,EX07,Incomplete Enrolment,Completeness,Medium,Open,,Pending investigation
X0000168,2026-04-13,E0000562,S001810,EX06,Fee/Product Validation,Validity,High,Open,,Pending investigation
X0000169,2026-04-27,E0000565,S002179,EX07,Incomplete Enrolment,Completeness,Medium,Resolved,2026-05-06,Record remediation
X0000170,2026-03-02,E0000581,S002013,EX02,Missing LMS Unit Link,Completeness,High,Resolved,2026-03-06,System correction
X0000171,2026-03-16,E0000583,S003859,EX04,Withdrawal / Remediation Overlap,Consistency,Medium,Resolved,2026-03-22,Record remediation
X0000172,2026-03-16,E0000585,S002871,EX01,Incomplete Contact Details,Completeness,Medium,Resolved,2026-03-27,Record remediation
X0000173,2026-04-27,E0000591,S003899,EX04,Withdrawal / Remediation Overlap,Consistency,Medium,Resolved,2026-04-28,Record remediation
X0000174,2026-03-30,E0000602,S000822,EX02,Missing LMS Unit Link,Completeness,High,Open,,Pending investigation
X0000175,2026-04-13,E0000602,S000822,EX02,Missing LMS Unit Link,Completeness,High,Open,,Pending investigation
X0000176,2026-03-02,E0000604,S003629,EX06,Fee/Product Validation,Validity,High,Resolved,2026-03-15,System correction
X0000177,2026-03-16,E0000611,S000953,EX06,Fee/Product Validation,Validity,High,Resolved,2026-03-23,System correction
X0000178,2026-03-02,E0000617,S003130,EX01,Incomplete Contact Details,Completeness,Medium,Open,,Pending investigation
X0000179,2026-03-16,E0000626,S001160,EX01,Incomplete Contact Details,Completeness,Medium,Open,,Pending investigation
X0000180,2026-04-13,E0000629,S002060,EX07,Incomplete Enrolment,Completeness,Medium,Resolved,2026-04-22,Record remediation
X0000181,2026-03-16,E0000635,S002544,EX06,Fee/Product Validation,Validity,High,Resolved,2026-03-24,System correction
X0000182,2026-03-16,E0000648,S001839,EX03,Potential Duplicate Enrolment,Uniqueness,High,Open,,Pending investigation
X0000183,2026-04-13,E0000651,S002900,EX06,Fee/Product Validation,Validity,High,Open,,Pending investigation
X0000184,2026-04-13,E0000655,S002842,EX02,Missing LMS Unit Link,Completeness,High,Open,,Pending investigation
X0000185,2026-03-02,E0000656,S002617,EX03,Potential Duplicate Enrolment,Uniqueness,High,Open,,Pending investigation
X0000186,2026-04-27,E0000658,S003481,EX06,Fee/Product Validation,Validity,High,Resolved,2026-05-08,System correction
X0000187,2026-04-27,E0000658,S003481,EX01,Incomplete Contact Details,Completeness,Medium,Resolved,2026-05-01,Record remediation
X0000188,2026-03-16,E0000662,S002759,EX01,Incomplete Contact Details,Completeness,Medium,Resolved,2026-04-03,Record remediation
X0000189,2026-04-27,E0000668,S001268,EX04,Withdrawal / Remediation Overlap,Consistency,Medium,Resolved,2026-05-12,Record remediation
X0000190,2026-03-02,E0000669,S001616,EX01,Incomplete Contact Details,Completeness,Medium,Resolved,2026-03-11,Record remediation
X0000191,2026-04-13,E0000670,S001940,EX01,Incomplete Contact Details,Completeness,Medium,Resolved,2026-04-24,Record remediation
X0000192,2026-03-16,E0000679,S003533,EX06,Fee/Product Validation,Validity,High,Resolved,2026-03-31,System correction
X0000193,2026-04-13,E0000683,S000742,EX07,Incomplete Enrolment,Completeness,Medium,Open,,Pending investigation
X0000194,2026-03-02,E0000687,S003409,EX02,Missing LMS Unit Link,Completeness,High,Resolved,2026-03-04,System correction
X0000195,2026-03-16,E0000687,S003409,EX02,Missing LMS Unit Link,Completeness,High,Open,,Pending investigation
X0000196,2026-03-30,E0000687,S003409,EX02,Missing LMS Unit Link,Completeness,High,Resolved,2026-04-08,System correction
X0000197,2026-04-27,E0000688,S001196,EX03,Potential Duplicate Enrolment,Uniqueness,High,Open,,Pending investigation
X0000198,2026-03-02,E0000691,S001736,EX01,Incomplete Contact Details,Completeness,Medium,Resolved,2026-03-04,Record remediation
X0000199,2026-03-30,E0000693,S002100,EX02,Missing LMS Unit Link,Completeness,High,Open,,Pending investigation
X0000200,2026-04-13,E0000693,S002100,EX02,Missing LMS Unit Link,Completeness,High,Resolved,2026-04-28,System correction
X0000201,2026-04-13,E0000704,S000321,EX06,Fee/Product Validation,Validity,High,Resolved,2026-04-21,System correction
X0000202,2026-04-13,E0000705,S000297,EX06,Fee/Product Validation,Validity,High,Open,,Pending investigation
X0000203,2026-03-30,E0000705,S000297,EX01,Incomplete Contact Details,Completeness,Medium,Open,,Pending investigation
X0000204,2026-03-02,E0000708,S001092,EX04,Withdrawal / Remediation Overlap,Consistency,Medium,Resolved,2026-03-05,Record remediation
X0000205,2026-03-02,E0000717,S003165,EX07,Incomplete Enrolment,Completeness,Medium,Open,,Pending investigation
X0000206,2026-03-16,E0000717,S003165,EX07,Incomplete Enrolment,Completeness,Medium,Resolved,2026-04-03,Record remediation
X0000207,2026-03-02,E0000724,S001046,EX01,Incomplete Contact Details,Completeness,Medium,Resolved,2026-03-10,Record remediation
X0000208,2026-03-02,E0000726,S002879,EX05,Legacy Migration Mismatch,Consistency,High,Resolved,2026-03-17,System correction
X0000209,2026-04-27,E0000734,S001994,EX02,Missing LMS Unit Link,Completeness,High,Open,,Pending investigation
X0000210,2026-05-11,E0000734,S001994,EX02,Missing LMS Unit Link,Completeness,High,Resolved,2026-05-25,System correction
X0000211,2026-04-27,E0000735,S001519,EX01,Incomplete Contact Details,Completeness,Medium,Resolved,2026-05-15,Record remediation
X0000212,2026-03-02,E0000736,S002916,EX01,Incomplete Contact Details,Completeness,Medium,Resolved,2026-03-08,Record remediation
X0000213,2026-03-02,E0000737,S000367,EX06,Fee/Product Validation,Validity,High,Open,,Pending investigation
X0000214,2026-03-30,E0000741,S001623,EX03,Potential Duplicate Enrolment,Uniqueness,High,Resolved,2026-04-05,Record remediation
X0000215,2026-04-13,E0000746,S001224,EX06,Fee/Product Validation,Validity,High,Open,,Pending investigation
X0000216,2026-04-13,E0000769,S000701,EX06,Fee/Product Validation,Validity,High,Resolved,2026-04-29,System correction
X0000217,2026-03-02,E0000774,S002804,EX05,Legacy Migration Mismatch,Consistency,High,Resolved,2026-03-07,System correction
X0000218,2026-04-13,E0000775,S001776,EX05,Legacy Migration Mismatch,Consistency,High,Resolved,2026-04-25,System correction
X0000219,2026-04-27,E0000778,S000094,EX01,Incomplete Contact Details,Completeness,Medium,Resolved,2026-05-11,Record remediation
X0000220,2026-03-16,E0000781,S003099,EX04,Withdrawal / Remediation Overlap,Consistency,Medium,Resolved,2026-03-24,Record remediation
X0000221,2026-04-27,E0000785,S001865,EX01,Incomplete Contact Details,Completeness,Medium,Resolved,2026-04-30,Record remediation
X0000222,2026-03-02,E0000789,S000713,EX06,Fee/Product Validation,Validity,High,Resolved,2026-03-11,System correction
X0000223,2026-03-16,E0000797,S001715,EX03,Potential Duplicate Enrolment,Uniqueness,High,Resolved,2026-03-18,Record remediation
X0000224,2026-03-02,E0000801,S000619,EX07,Incomplete Enrolment,Completeness,Medium,Open,,Pending investigation
X0000225,2026-03-02,E0000802,S000970,EX06,Fee/Product Validation,Validity,High,Open,,Pending investigation
X0000226,2026-03-30,E0000808,S001057,EX06,Fee/Product Validation,Validity,High,Resolved,2026-04-02,System correction
X0000227,2026-03-16,E0000808,S001057,EX04,Withdrawal / Remediation Overlap,Consistency,Medium,Open,,Pending investigation
X0000228,2026-03-30,E0000813,S002411,EX03,Potential Duplicate Enrolment,Uniqueness,High,Resolved,2026-04-02,Record remediation
X0000229,2026-04-13,E0000813,S002411,EX03,Potential Duplicate Enrolment,Uniqueness,High,Resolved,2026-04-19,Record remediation
X0000230,2026-04-13,E0000819,S000713,EX05,Legacy Migration Mismatch,Consistency,High,Resolved,2026-04-25,System correction
X0000231,2026-04-27,E0000819,S000713,EX05,Legacy Migration Mismatch,Consistency,High,Resolved,2026-04-29,System correction
X0000232,2026-04-13,E0000825,S004092,EX01,Incomplete Contact Details,Completeness,Medium,Resolved,2026-04-22,Record remediation
X0000233,2026-03-16,E0000826,S000385,EX01,Incomplete Contact Details,Completeness,Medium,Resolved,2026-03-20,Record remediation
X0000234,2026-03-02,E0000829,S001756,EX07,Incomplete Enrolment,Completeness,Medium,Resolved,2026-03-06,Record remediation
X0000235,2026-03-16,E0000830,S003060,EX02,Missing LMS Unit Link,Completeness,High,Resolved,2026-03-28,System correction
X0000236,2026-03-30,E0000830,S003060,EX02,Missing LMS Unit Link,Completeness,High,Open,,Pending investigation
X0000237,2026-04-13,E0000830,S003060,EX02,Missing LMS Unit Link,Completeness,High,Resolved,2026-04-14,System correction
X0000238,2026-03-30,E0000831,S000937,EX01,Incomplete Contact Details,Completeness,Medium,Open,,Pending investigation
X0000239,2026-04-13,E0000834,S003149,EX06,Fee/Product Validation,Validity,High,Open,,Pending investigation
X0000240,2026-03-16,E0000835,S002648,EX07,Incomplete Enrolment,Completeness,Medium,Open,,Pending investigation
X0000241,2026-04-13,E0000845,S001160,EX06,Fee/Product Validation,Validity,High,Resolved,2026-04-18,System correction
X0000242,2026-03-02,E0000847,S000406,EX03,Potential Duplicate Enrolment,Uniqueness,High,Open,,Pending investigation
X0000243,2026-03-16,E0000847,S000406,EX03,Potential Duplicate Enrolment,Uniqueness,High,Resolved,2026-03-23,Record remediation
X0000244,2026-03-30,E0000849,S001763,EX02,Missing LMS Unit Link,Completeness,High,Resolved,2026-04-14,System correction
X0000245,2026-04-13,E0000849,S001763,EX02,Missing LMS Unit Link,Completeness,High,Open,,Pending investigation
X0000246,2026-04-13,E0000857,S001414,EX07,Incomplete Enrolment,Completeness,Medium,Resolved,2026-04-30,Record remediation
X0000247,2026-04-13,E0000860,S000279,EX01,Incomplete Contact Details,Completeness,Medium,Open,,Pending investigation
X0000248,2026-03-02,E0000861,S003812,EX03,Potential Duplicate Enrolment,Uniqueness,High,Resolved,2026-03-17,Record remediation
X0000249,2026-03-16,E0000862,S001477,EX01,Incomplete Contact Details,Completeness,Medium,Open,,Pending investigation
X0000250,2026-04-27,E0000864,S004092,EX02,Missing LMS Unit Link,Completeness,High,Resolved,2026-05-15,System correction
X0000251,2026-05-11,E0000864,S004092,EX02,Missing LMS Unit Link,Completeness,High,Resolved,2026-05-17,System correction
X0000252,2026-04-27,E0000874,S001979,EX06,Fee/Product Validation,Validity,High,Resolved,2026-05-01,System correction
X0000253,2026-03-16,E0000887,S002343,EX02,Missing LMS Unit Link,Completeness,High,Open,,Pending investigation
X0000254,2026-03-16,E0000898,S002616,EX01,Incomplete Contact Details,Completeness,Medium,Resolved,2026-03-20,Record remediation
X0000255,2026-03-02,E0000903,S000260,EX02,Missing LMS Unit Link,Completeness,High,Resolved,2026-03-04,System correction
X0000256,2026-04-13,E0000906,S003584,EX02,Missing LMS Unit Link,Completeness,High,Open,,Pending investigation
X0000257,2026-04-27,E0000906,S003584,EX02,Missing LMS Unit Link,Completeness,High,Resolved,2026-05-03,System correction
X0000258,2026-04-27,E0000910,S002899,EX05,Legacy Migration Mismatch,Consistency,High,Resolved,2026-05-07,System correction
X0000259,2026-05-11,E0000910,S002899,EX05,Legacy Migration Mismatch,Consistency,High,Resolved,2026-05-16,System correction
X0000260,2026-04-13,E0000910,S002899,EX01,Incomplete Contact Details,Completeness,Medium,Open,,Pending investigation
X0000261,2026-03-02,E0000913,S003550,EX01,Incomplete Contact Details,Completeness,Medium,Resolved,2026-03-05,Record remediation
X0000262,2026-04-13,E0000914,S002340,EX07,Incomplete Enrolment,Completeness,Medium,Resolved,2026-05-01,Record remediation
X0000263,2026-03-16,E0000914,S002340,EX01,Incomplete Contact Details,Completeness,Medium,Open,,Pending investigation
X0000264,2026-03-16,E0000920,S000845,EX07,Incomplete Enrolment,Completeness,Medium,Resolved,2026-03-29,Record remediation
X0000265,2026-04-27,E0000921,S001337,EX06,Fee/Product Validation,Validity,High,Open,,Pending investigation
X0000266,2026-03-16,E0000924,S000014,EX06,Fee/Product Validation,Validity,High,Resolved,2026-03-21,System correction
X0000267,2026-03-30,E0000926,S001249,EX03,Potential Duplicate Enrolment,Uniqueness,High,Resolved,2026-03-31,Record remediation
X0000268,2026-03-16,E0000934,S001320,EX04,Withdrawal / Remediation Overlap,Consistency,Medium,Resolved,2026-03-26,Record remediation
X0000269,2026-03-16,E0000942,S001638,EX02,Missing LMS Unit Link,Completeness,High,Resolved,2026-03-21,System correction
X0000270,2026-03-30,E0000942,S001638,EX02,Missing LMS Unit Link,Completeness,High,Resolved,2026-04-02,System correction
X0000271,2026-03-02,E0000942,S001638,EX01,Incomplete Contact Details,Completeness,Medium,Resolved,2026-03-06,Record remediation
X0000272,2026-04-13,E0000945,S001424,EX01,Incomplete Contact Details,Completeness,Medium,Open,,Pending investigation
X0000273,2026-03-02,E0000947,S003704,EX01,Incomplete Contact Details,Completeness,Medium,Resolved,2026-03-11,Record remediation
X0000274,2026-03-30,E0000951,S002867,EX01,Incomplete Contact Details,Completeness,Medium,Resolved,2026-04-08,Record remediation
X0000275,2026-03-16,E0000951,S002867,EX03,Potential Duplicate Enrolment,Uniqueness,High,Resolved,2026-03-31,Record remediation
X0000276,2026-04-13,E0000953,S003609,EX06,Fee/Product Validation,Validity,High,Resolved,2026-04-19,System correction
X0000277,2026-03-02,E0000954,S000528,EX04,Withdrawal / Remediation Overlap,Consistency,Medium,Open,,Pending investigation
X0000278,2026-03-16,E0000955,S002190,EX01,Incomplete Contact Details,Completeness,Medium,Resolved,2026-03-29,Record remediation
X0000279,2026-04-13,E0000957,S002221,EX06,Fee/Product Validation,Validity,High,Open,,Pending investigation
X0000280,2026-04-27,E0000957,S002221,EX06,Fee/Product Validation,Validity,High,Resolved,2026-05-01,System correction
X0000281,2026-03-16,E0000962,S001285,EX01,Incomplete Contact Details,Completeness,Medium,Resolved,2026-04-01,Record remediation
X0000282,2026-03-30,E0000984,S003587,EX02,Missing LMS Unit Link,Completeness,High,Resolved,2026-04-08,System correction
X0000283,2026-03-30,E0000986,S000746,EX06,Fee/Product Validation,Validity,High,Resolved,2026-04-02,System correction
X0000284,2026-03-02,E0000992,S000905,EX03,Potential Duplicate Enrolment,Uniqueness,High,Resolved,2026-03-06,Record remediation
X0000285,2026-04-13,E0001004,S001847,EX01,Incomplete Contact Details,Completeness,Medium,Resolved,2026-05-01,Record remediation
X0000286,2026-04-27,E0001004,S001847,EX01,Incomplete Contact Details,Completeness,Medium,Resolved,2026-05-03,Record remediation
X0000287,2026-03-02,E0001011,S000680,EX04,Withdrawal / Remediation Overlap,Consistency,Medium,Resolved,2026-03-14,Record remediation
X0000288,2026-03-16,E0001011,S000680,EX04,Withdrawal / Remediation Overlap,Consistency,Medium,Resolved,2026-03-29,Record remediation
X0000289,2026-04-13,E0001015,S001094,EX04,Withdrawal / Remediation Overlap,Consistency,Medium,Resolved,2026-04-18,Record remediation
X0000290,2026-03-02,E0001017,S000063,EX01,Incomplete Contact Details,Completeness,Medium,Resolved,2026-03-03,Record remediation
X0000291,2026-04-27,E0001018,S003052,EX01,Incomplete Contact Details,Completeness,Medium,Resolved,2026-05-12,Record remediation
X0000292,2026-05-11,E0001018,S003052,EX01,Incomplete Contact Details,Completeness,Medium,Resolved,2026-05-26,Record remediation
X0000293,2026-04-13,E0001024,S001357,EX02,Missing LMS Unit Link,Completeness,High,Resolved,2026-04-19,System correction
X0000294,2026-04-27,E0001043,S000628,EX01,Incomplete Contact Details,Completeness,Medium,Resolved,2026-05-14,Record remediation
X0000295,2026-04-27,E0001044,S001742,EX06,Fee/Product Validation,Validity,High,Open,,Pending investigation
X0000296,2026-03-16,E0001045,S000864,EX05,Legacy Migration Mismatch,Consistency,High,Resolved,2026-03-30,System correction
X0000297,2026-04-27,E0001046,S003820,EX07,Incomplete Enrolment,Completeness,Medium,Open,,Pending investigation
X0000298,2026-04-27,E0001049,S002492,EX06,Fee/Product Validation,Validity,High,Resolved,2026-05-12,System correction
X0000299,2026-04-27,E0001049,S002492,EX03,Potential Duplicate Enrolment,Uniqueness,High,Resolved,2026-05-01,Record remediation
X0000300,2026-03-02,E0001058,S001560,EX01,Incomplete Contact Details,Completeness,Medium,Resolved,2026-03-05,Record remediation
X0000301,2026-04-13,E0001059,S001432,EX01,Incomplete Contact Details,Completeness,Medium,Open,,Pending investigation
X0000302,2026-03-16,E0001064,S003099,EX06,Fee/Product Validation,Validity,High,Resolved,2026-03-20,System correction
X0000303,2026-03-30,E0001064,S003099,EX06,Fee/Product Validation,Validity,High,Resolved,2026-04-05,System correction
X0000304,2026-03-16,E0001065,S000823,EX04,Withdrawal / Remediation Overlap,Consistency,Medium,Resolved,2026-03-21,Record remediation
X0000305,2026-04-13,E0001081,S001646,EX06,Fee/Product Validation,Validity,High,Open,,Pending investigation
X0000306,2026-03-30,E0001089,S002331,EX06,Fee/Product Validation,Validity,High,Open,,Pending investigation
X0000307,2026-03-30,E0001090,S003183,EX01,Incomplete Contact Details,Completeness,Medium,Open,,Pending investigation
X0000308,2026-04-13,E0001090,S003183,EX01,Incomplete Contact Details,Completeness,Medium,Open,,Pending investigation
X0000309,2026-03-30,E0001095,S000866,EX02,Missing LMS Unit Link,Completeness,High,Open,,Pending investigation
X0000310,2026-03-02,E0001102,S003509,EX01,Incomplete Contact Details,Completeness,Medium,Resolved,2026-03-16,Record remediation
X0000311,2026-04-13,E0001103,S003427,EX02,Missing LMS Unit Link,Completeness,High,Open,,Pending investigation
X0000312,2026-03-16,E0001109,S000004,EX03,Potential Duplicate Enrolment,Uniqueness,High,Resolved,2026-03-22,Record remediation
X0000313,2026-03-30,E0001109,S000004,EX03,Potential Duplicate Enrolment,Uniqueness,High,Resolved,2026-03-31,Record remediation
X0000314,2026-03-30,E0001110,S003396,EX06,Fee/Product Validation,Validity,High,Resolved,2026-04-02,System correction
X0000315,2026-04-27,E0001115,S001971,EX02,Missing LMS Unit Link,Completeness,High,Resolved,2026-05-12,System correction
X0000316,2026-04-13,E0001116,S002068,EX07,Incomplete Enrolment,Completeness,Medium,Resolved,2026-04-23,Record remediation
X0000317,2026-03-16,E0001128,S003359,EX04,Withdrawal / Remediation Overlap,Consistency,Medium,Open,,Pending investigation
X0000318,2026-03-30,E0001128,S003359,EX04,Withdrawal / Remediation Overlap,Consistency,Medium,Open,,Pending investigation
X0000319,2026-04-27,E0001134,S003200,EX04,Withdrawal / Remediation Overlap,Consistency,Medium,Open,,Pending investigation
X0000320,2026-05-11,E0001134,S003200,EX04,Withdrawal / Remediation Overlap,Consistency,Medium,Resolved,2026-05-28,Record remediation
X0000321,2026-03-02,E0001136,S000493,EX06,Fee/Product Validation,Validity,High,Resolved,2026-03-03,System correction
X0000322,2026-03-02,E0001138,S000543,EX02,Missing LMS Unit Link,Completeness,High,Open,,Pending investigation
X0000323,2026-03-16,E0001138,S000543,EX02,Missing LMS Unit Link,Completeness,High,Open,,Pending investigation
X0000324,2026-03-30,E0001138,S000543,EX02,Missing LMS Unit Link,Completeness,High,Open,,Pending investigation
X0000325,2026-03-30,E0001139,S003481,EX06,Fee/Product Validation,Validity,High,Resolved,2026-04-02,System correction
X0000326,2026-03-02,E0001141,S003897,EX04,Withdrawal / Remediation Overlap,Consistency,Medium,Open,,Pending investigation
X0000327,2026-04-27,E0001142,S001388,EX01,Incomplete Contact Details,Completeness,Medium,Resolved,2026-05-09,Record remediation
X0000328,2026-03-16,E0001143,S002669,EX04,Withdrawal / Remediation Overlap,Consistency,Medium,Open,,Pending investigation
X0000329,2026-03-30,E0001147,S001216,EX07,Incomplete Enrolment,Completeness,Medium,Open,,Pending investigation
X0000330,2026-04-27,E0001147,S001216,EX06,Fee/Product Validation,Validity,High,Resolved,2026-05-06,System correction
X0000331,2026-04-27,E0001151,S001181,EX06,Fee/Product Validation,Validity,High,Resolved,2026-05-04,System correction
X0000332,2026-03-02,E0001168,S002297,EX01,Incomplete Contact Details,Completeness,Medium,Open,,Pending investigation
X0000333,2026-03-02,E0001169,S000834,EX04,Withdrawal / Remediation Overlap,Consistency,Medium,Resolved,2026-03-03,Record remediation
X0000334,2026-04-13,E0001170,S000264,EX06,Fee/Product Validation,Validity,High,Open,,Pending investigation
X0000335,2026-04-27,E0001170,S000264,EX06,Fee/Product Validation,Validity,High,Resolved,2026-05-08,System correction
X0000336,2026-03-02,E0001183,S003541,EX07,Incomplete Enrolment,Completeness,Medium,Open,,Pending investigation
X0000337,2026-04-27,E0001190,S002816,EX07,Incomplete Enrolment,Completeness,Medium,Resolved,2026-05-06,Record remediation
X0000338,2026-03-30,E0001200,S001059,EX07,Incomplete Enrolment,Completeness,Medium,Resolved,2026-04-17,Record remediation
X0000339,2026-03-16,E0001203,S003817,EX06,Fee/Product Validation,Validity,High,Resolved,2026-03-25,System correction
X0000340,2026-03-30,E0001207,S001549,EX01,Incomplete Contact Details,Completeness,Medium,Open,,Pending investigation
X0000341,2026-04-13,E0001207,S001549,EX01,Incomplete Contact Details,Completeness,Medium,Resolved,2026-05-01,Record remediation
X0000342,2026-03-02,E0001215,S002916,EX05,Legacy Migration Mismatch,Consistency,High,Resolved,2026-03-11,System correction
X0000343,2026-03-16,E0001215,S002916,EX05,Legacy Migration Mismatch,Consistency,High,Resolved,2026-03-26,System correction
X0000344,2026-03-16,E0001219,S002905,EX01,Incomplete Contact Details,Completeness,Medium,Open,,Pending investigation
X0000345,2026-03-02,E0001220,S003590,EX06,Fee/Product Validation,Validity,High,Resolved,2026-03-04,System correction
X0000346,2026-04-27,E0001224,S001358,EX06,Fee/Product Validation,Validity,High,Open,,Pending investigation
X0000347,2026-03-30,E0001224,S001358,EX03,Potential Duplicate Enrolment,Uniqueness,High,Resolved,2026-04-09,Record remediation
X0000348,2026-03-30,E0001226,S001070,EX06,Fee/Product Validation,Validity,High,Open,,Pending investigation
X0000349,2026-04-13,E0001226,S001070,EX06,Fee/Product Validation,Validity,High,Resolved,2026-04-23,System correction
X0000350,2026-04-27,E0001229,S000836,EX07,Incomplete Enrolment,Completeness,Medium,Resolved,2026-05-06,Record remediation
X0000351,2026-03-30,E0001230,S001735,EX03,Potential Duplicate Enrolment,Uniqueness,High,Open,,Pending investigation
X0000352,2026-04-13,E0001230,S001735,EX03,Potential Duplicate Enrolment,Uniqueness,High,Resolved,2026-04-21,Record remediation
X0000353,2026-03-16,E0001234,S001842,EX07,Incomplete Enrolment,Completeness,Medium,Resolved,2026-03-23,Record remediation
X0000354,2026-03-30,E0001234,S001842,EX06,Fee/Product Validation,Validity,High,Open,,Pending investigation
X0000355,2026-03-16,E0001241,S004075,EX06,Fee/Product Validation,Validity,High,Open,,Pending investigation
X0000356,2026-03-16,E0001252,S000282,EX07,Incomplete Enrolment,Completeness,Medium,Resolved,2026-04-02,Record remediation
X0000357,2026-03-16,E0001255,S002359,EX07,Incomplete Enrolment,Completeness,Medium,Resolved,2026-03-23,Record remediation
X0000358,2026-04-27,E0001260,S000777,EX02,Missing LMS Unit Link,Completeness,High,Resolved,2026-05-11,System correction
X0000359,2026-05-11,E0001260,S000777,EX02,Missing LMS Unit Link,Completeness,High,Resolved,2026-05-29,System correction
X0000360,2026-03-16,E0001262,S001030,EX01,Incomplete Contact Details,Completeness,Medium,Resolved,2026-03-27,Record remediation
X0000361,2026-04-27,E0001265,S000327,EX01,Incomplete Contact Details,Completeness,Medium,Resolved,2026-05-09,Record remediation
X0000362,2026-04-27,E0001266,S003993,EX07,Incomplete Enrolment,Completeness,Medium,Resolved,2026-05-07,Record remediation
X0000363,2026-04-27,E0001272,S001249,EX07,Incomplete Enrolment,Completeness,Medium,Open,,Pending investigation
X0000364,2026-04-13,E0001277,S000876,EX01,Incomplete Contact Details,Completeness,Medium,Resolved,2026-04-19,Record remediation
X0000365,2026-04-13,E0001281,S003737,EX06,Fee/Product Validation,Validity,High,Open,,Pending investigation
X0000366,2026-04-27,E0001281,S003737,EX06,Fee/Product Validation,Validity,High,Resolved,2026-05-07,System correction
X0000367,2026-03-30,E0001289,S003150,EX03,Potential Duplicate Enrolment,Uniqueness,High,Resolved,2026-04-17,Record remediation
X0000368,2026-03-16,E0001302,S000960,EX05,Legacy Migration Mismatch,Consistency,High,Resolved,2026-03-30,System correction
X0000369,2026-03-16,E0001314,S003207,EX01,Incomplete Contact Details,Completeness,Medium,Resolved,2026-03-22,Record remediation
X0000370,2026-04-27,E0001316,S003170,EX06,Fee/Product Validation,Validity,High,Resolved,2026-05-01,System correction
X0000371,2026-05-11,E0001316,S003170,EX06,Fee/Product Validation,Validity,High,Resolved,2026-05-23,System correction
X0000372,2026-03-16,E0001323,S001607,EX01,Incomplete Contact Details,Completeness,Medium,Resolved,2026-03-21,Record remediation
X0000373,2026-04-27,E0001324,S000329,EX01,Incomplete Contact Details,Completeness,Medium,Open,,Pending investigation
X0000374,2026-03-02,E0001327,S001773,EX02,Missing LMS Unit Link,Completeness,High,Resolved,2026-03-07,System correction
X0000375,2026-03-30,E0001327,S001773,EX06,Fee/Product Validation,Validity,High,Open,,Pending investigation
X0000376,2026-04-13,E0001327,S001773,EX06,Fee/Product Validation,Validity,High,Resolved,2026-04-17,System correction
X0000377,2026-03-16,E0001331,S000240,EX07,Incomplete Enrolment,Completeness,Medium,Resolved,2026-03-29,Record remediation
X0000378,2026-03-02,E0001333,S000332,EX06,Fee/Product Validation,Validity,High,Resolved,2026-03-07,System correction
X0000379,2026-04-27,E0001335,S000141,EX03,Potential Duplicate Enrolment,Uniqueness,High,Resolved,2026-05-04,Record remediation
X0000380,2026-03-02,E0001339,S000290,EX03,Potential Duplicate Enrolment,Uniqueness,High,Resolved,2026-03-19,Record remediation
X0000381,2026-03-16,E0001339,S000290,EX03,Potential Duplicate Enrolment,Uniqueness,High,Resolved,2026-03-28,Record remediation
X0000382,2026-03-16,E0001342,S003182,EX07,Incomplete Enrolment,Completeness,Medium,Open,,Pending investigation
X0000383,2026-03-16,E0001352,S001557,EX04,Withdrawal / Remediation Overlap,Consistency,Medium,Resolved,2026-03-17,Record remediation
X0000384,2026-04-13,E0001353,S004041,EX07,Incomplete Enrolment,Completeness,Medium,Resolved,2026-04-23,Record remediation
X0000385,2026-03-02,E0001353,S004041,EX01,Incomplete Contact Details,Completeness,Medium,Resolved,2026-03-17,Record remediation
X0000386,2026-04-13,E0001355,S000525,EX01,Incomplete Contact Details,Completeness,Medium,Resolved,2026-04-29,Record remediation
X0000387,2026-03-16,E0001361,S000324,EX01,Incomplete Contact Details,Completeness,Medium,Open,,Pending investigation
X0000388,2026-04-13,E0001364,S003922,EX03,Potential Duplicate Enrolment,Uniqueness,High,Resolved,2026-04-16,Record remediation
X0000389,2026-04-27,E0001364,S003922,EX03,Potential Duplicate Enrolment,Uniqueness,High,Resolved,2026-05-05,Record remediation
X0000390,2026-03-02,E0001365,S003505,EX03,Potential Duplicate Enrolment,Uniqueness,High,Resolved,2026-03-14,Record remediation
X0000391,2026-03-02,E0001377,S002632,EX04,Withdrawal / Remediation Overlap,Consistency,Medium,Resolved,2026-03-15,Record remediation
X0000392,2026-03-16,E0001377,S002632,EX04,Withdrawal / Remediation Overlap,Consistency,Medium,Resolved,2026-03-29,Record remediation
X0000393,2026-03-02,E0001388,S002612,EX06,Fee/Product Validation,Validity,High,Open,,Pending investigation
X0000394,2026-04-27,E0001390,S001668,EX02,Missing LMS Unit Link,Completeness,High,Open,,Pending investigation
X0000395,2026-05-11,E0001390,S001668,EX02,Missing LMS Unit Link,Completeness,High,Resolved,2026-05-28,System correction
X0000396,2026-04-13,E0001394,S004160,EX06,Fee/Product Validation,Validity,High,Open,,Pending investigation
X0000397,2026-03-30,E0001401,S001112,EX07,Incomplete Enrolment,Completeness,Medium,Open,,Pending investigation
X0000398,2026-04-27,E0001402,S000589,EX05,Legacy Migration Mismatch,Consistency,High,Resolved,2026-05-12,System correction
X0000399,2026-03-30,E0001402,S000589,EX02,Missing LMS Unit Link,Completeness,High,Resolved,2026-04-01,System correction
X0000400,2026-04-27,E0001408,S002481,EX06,Fee/Product Validation,Validity,High,Resolved,2026-05-10,System correction
X0000401,2026-03-02,E0001410,S002804,EX03,Potential Duplicate Enrolment,Uniqueness,High,Resolved,2026-03-09,Record remediation
X0000402,2026-03-30,E0001414,S003973,EX06,Fee/Product Validation,Validity,High,Resolved,2026-04-07,System correction
X0000403,2026-04-13,E0001418,S002812,EX03,Potential Duplicate Enrolment,Uniqueness,High,Open,,Pending investigation
X0000404,2026-03-30,E0001428,S003790,EX02,Missing LMS Unit Link,Completeness,High,Resolved,2026-04-07,System correction
X0000405,2026-04-27,E0001429,S001759,EX02,Missing LMS Unit Link,Completeness,High,Open,,Pending investigation
X0000406,2026-05-11,E0001429,S001759,EX02,Missing LMS Unit Link,Completeness,High,Resolved,2026-05-25,System correction
X0000407,2026-03-02,E0001430,S002899,EX02,Missing LMS Unit Link,Completeness,High,Open,,Pending investigation
X0000408,2026-03-16,E0001430,S002899,EX02,Missing LMS Unit Link,Completeness,High,Resolved,2026-03-20,System correction
X0000409,2026-03-30,E0001430,S002899,EX02,Missing LMS Unit Link,Completeness,High,Resolved,2026-04-17,System correction
X0000410,2026-04-13,E0001436,S000027,EX06,Fee/Product Validation,Validity,High,Resolved,2026-04-24,System correction
X0000411,2026-04-13,E0001437,S000333,EX06,Fee/Product Validation,Validity,High,Resolved,2026-04-29,System correction
X0000412,2026-04-27,E0001439,S003959,EX06,Fee/Product Validation,Validity,High,Resolved,2026-05-09,System correction
X0000413,2026-04-27,E0001440,S003228,EX02,Missing LMS Unit Link,Completeness,High,Open,,Pending investigation
X0000414,2026-05-11,E0001440,S003228,EX02,Missing LMS Unit Link,Completeness,High,Resolved,2026-05-21,System correction
X0000415,2026-05-11,E0001440,S003228,EX02,Missing LMS Unit Link,Completeness,High,Resolved,2026-05-15,System correction
X0000416,2026-03-30,E0001444,S001978,EX02,Missing LMS Unit Link,Completeness,High,Resolved,2026-04-10,System correction
X0000417,2026-04-27,E0001444,S001978,EX03,Potential Duplicate Enrolment,Uniqueness,High,Resolved,2026-05-06,Record remediation
X0000418,2026-03-02,E0001451,S000537,EX02,Missing LMS Unit Link,Completeness,High,Resolved,2026-03-06,System correction
X0000419,2026-03-16,E0001451,S000537,EX02,Missing LMS Unit Link,Completeness,High,Resolved,2026-03-27,System correction
X0000420,2026-04-13,E0001455,S003264,EX06,Fee/Product Validation,Validity,High,Resolved,2026-04-19,System correction
X0000421,2026-03-02,E0001461,S000161,EX02,Missing LMS Unit Link,Completeness,High,Resolved,2026-03-10,System correction
X0000422,2026-03-16,E0001465,S003850,EX01,Incomplete Contact Details,Completeness,Medium,Resolved,2026-03-26,Record remediation
X0000423,2026-03-16,E0001472,S003307,EX07,Incomplete Enrolment,Completeness,Medium,Open,,Pending investigation
X0000424,2026-03-30,E0001481,S002789,EX01,Incomplete Contact Details,Completeness,Medium,Resolved,2026-04-07,Record remediation
X0000425,2026-03-16,E0001484,S001100,EX01,Incomplete Contact Details,Completeness,Medium,Resolved,2026-03-17,Record remediation
X0000426,2026-03-02,E0001486,S004130,EX06,Fee/Product Validation,Validity,High,Open,,Pending investigation
X0000427,2026-03-02,E0001486,S004130,EX01,Incomplete Contact Details,Completeness,Medium,Open,,Pending investigation
X0000428,2026-04-27,E0001486,S004130,EX03,Potential Duplicate Enrolment,Uniqueness,High,Resolved,2026-04-30,Record remediation
X0000429,2026-04-27,E0001489,S002792,EX01,Incomplete Contact Details,Completeness,Medium,Resolved,2026-05-01,Record remediation
X0000430,2026-05-11,E0001489,S002792,EX01,Incomplete Contact Details,Completeness,Medium,Resolved,2026-05-29,Record remediation
X0000431,2026-03-30,E0001490,S002447,EX06,Fee/Product Validation,Validity,High,Resolved,2026-04-05,System correction
X0000432,2026-03-02,E0001491,S002489,EX06,Fee/Product Validation,Validity,High,Resolved,2026-03-17,System correction
X0000433,2026-04-13,E0001492,S003183,EX06,Fee/Product Validation,Validity,High,Resolved,2026-04-24,System correction
X0000434,2026-03-16,E0001493,S001315,EX01,Incomplete Contact Details,Completeness,Medium,Resolved,2026-03-17,Record remediation
X0000435,2026-04-27,E0001494,S003553,EX02,Missing LMS Unit Link,Completeness,High,Open,,Pending investigation
X0000436,2026-05-11,E0001494,S003553,EX02,Missing LMS Unit Link,Completeness,High,Resolved,2026-05-15,System correction
X0000437,2026-03-16,E0001495,S000565,EX01,Incomplete Contact Details,Completeness,Medium,Open,,Pending investigation
X0000438,2026-03-02,E0001499,S002622,EX06,Fee/Product Validation,Validity,High,Resolved,2026-03-13,System correction
X0000439,2026-04-27,E0001499,S002622,EX01,Incomplete Contact Details,Completeness,Medium,Resolved,2026-05-01,Record remediation
X0000440,2026-03-02,E0001502,S000851,EX06,Fee/Product Validation,Validity,High,Resolved,2026-03-15,System correction
X0000441,2026-03-30,E0001504,S004067,EX01,Incomplete Contact Details,Completeness,Medium,Resolved,2026-04-16,Record remediation
X0000442,2026-03-02,E0001510,S003410,EX06,Fee/Product Validation,Validity,High,Resolved,2026-03-09,System correction
X0000443,2026-03-30,E0001513,S001718,EX01,Incomplete Contact Details,Completeness,Medium,Open,,Pending investigation
X0000444,2026-04-13,E0001517,S003087,EX07,Incomplete Enrolment,Completeness,Medium,Resolved,2026-04-16,Record remediation
X0000445,2026-04-27,E0001517,S003087,EX07,Incomplete Enrolment,Completeness,Medium,Open,,Pending investigation
X0000446,2026-03-30,E0001519,S004177,EX07,Incomplete Enrolment,Completeness,Medium,Open,,Pending investigation
X0000447,2026-03-02,E0001521,S000101,EX01,Incomplete Contact Details,Completeness,Medium,Resolved,2026-03-04,Record remediation
X0000448,2026-03-02,E0001524,S001663,EX05,Legacy Migration Mismatch,Consistency,High,Resolved,2026-03-05,System correction
X0000449,2026-03-02,E0001535,S003350,EX05,Legacy Migration Mismatch,Consistency,High,Open,,Pending investigation
X0000450,2026-03-16,E0001535,S003350,EX05,Legacy Migration Mismatch,Consistency,High,Open,,Pending investigation
X0000451,2026-04-27,E0001537,S003339,EX06,Fee/Product Validation,Validity,High,Open,,Pending investigation
X0000452,2026-05-11,E0001537,S003339,EX06,Fee/Product Validation,Validity,High,Resolved,2026-05-18,System correction
X0000453,2026-03-30,E0001542,S003200,EX05,Legacy Migration Mismatch,Consistency,High,Open,,Pending investigation
X0000454,2026-04-13,E0001542,S003200,EX05,Legacy Migration Mismatch,Consistency,High,Resolved,2026-04-15,System correction
X0000455,2026-03-30,E0001545,S000751,EX02,Missing LMS Unit Link,Completeness,High,Resolved,2026-04-17,System correction
X0000456,2026-03-02,E0001548,S000111,EX02,Missing LMS Unit Link,Completeness,High,Open,,Pending investigation
X0000457,2026-03-16,E0001548,S000111,EX02,Missing LMS Unit Link,Completeness,High,Open,,Pending investigation
X0000458,2026-03-30,E0001548,S000111,EX02,Missing LMS Unit Link,Completeness,High,Open,,Pending investigation
X0000459,2026-03-30,E0001548,S000111,EX04,Withdrawal / Remediation Overlap,Consistency,Medium,Open,,Pending investigation
X0000460,2026-04-13,E0001548,S000111,EX04,Withdrawal / Remediation Overlap,Consistency,Medium,Resolved,2026-04-22,Record remediation
X0000461,2026-03-02,E0001550,S001689,EX01,Incomplete Contact Details,Completeness,Medium,Resolved,2026-03-08,Record remediation
X0000462,2026-03-02,E0001551,S001117,EX06,Fee/Product Validation,Validity,High,Resolved,2026-03-16,System correction
X0000463,2026-03-02,E0001555,S001794,EX07,Incomplete Enrolment,Completeness,Medium,Resolved,2026-03-17,Record remediation
X0000464,2026-03-16,E0001562,S000576,EX05,Legacy Migration Mismatch,Consistency,High,Open,,Pending investigation
X0000465,2026-03-30,E0001562,S000576,EX05,Legacy Migration Mismatch,Consistency,High,Open,,Pending investigation
X0000466,2026-04-13,E0001562,S000576,EX01,Incomplete Contact Details,Completeness,Medium,Resolved,2026-04-16,Record remediation
X0000467,2026-03-02,E0001568,S003849,EX07,Incomplete Enrolment,Completeness,Medium,Resolved,2026-03-04,Record remediation
X0000468,2026-04-27,E0001569,S000051,EX07,Incomplete Enrolment,Completeness,Medium,Resolved,2026-05-14,Record remediation
X0000469,2026-04-27,E0001577,S003915,EX04,Withdrawal / Remediation Overlap,Consistency,Medium,Open,,Pending investigation
X0000470,2026-03-16,E0001579,S001088,EX02,Missing LMS Unit Link,Completeness,High,Resolved,2026-03-25,System correction
X0000471,2026-03-30,E0001579,S001088,EX02,Missing LMS Unit Link,Completeness,High,Resolved,2026-04-05,System correction
X0000472,2026-04-13,E0001580,S004161,EX01,Incomplete Contact Details,Completeness,Medium,Resolved,2026-04-18,Record remediation
X0000473,2026-03-02,E0001584,S000890,EX07,Incomplete Enrolment,Completeness,Medium,Resolved,2026-03-11,Record remediation
X0000474,2026-03-16,E0001590,S000800,EX04,Withdrawal / Remediation Overlap,Consistency,Medium,Resolved,2026-03-20,Record remediation
X0000475,2026-04-13,E0001608,S002370,EX06,Fee/Product Validation,Validity,High,Resolved,2026-04-16,System correction
X0000476,2026-04-13,E0001611,S002780,EX01,Incomplete Contact Details,Completeness,Medium,Resolved,2026-04-17,Record remediation
X0000477,2026-04-27,E0001612,S000131,EX02,Missing LMS Unit Link,Completeness,High,Open,,Pending investigation
X0000478,2026-05-11,E0001612,S000131,EX02,Missing LMS Unit Link,Completeness,High,Resolved,2026-05-25,System correction
X0000479,2026-03-16,E0001613,S003598,EX04,Withdrawal / Remediation Overlap,Consistency,Medium,Resolved,2026-03-26,Record remediation
X0000480,2026-03-02,E0001614,S003894,EX01,Incomplete Contact Details,Completeness,Medium,Resolved,2026-03-03,Record remediation
X0000481,2026-04-27,E0001615,S002234,EX05,Legacy Migration Mismatch,Consistency,High,Resolved,2026-05-06,System correction
X0000482,2026-03-02,E0001618,S001800,EX01,Incomplete Contact Details,Completeness,Medium,Open,,Pending investigation
X0000483,2026-03-02,E0001625,S003662,EX05,Legacy Migration Mismatch,Consistency,High,Resolved,2026-03-13,System correction
X0000484,2026-03-16,E0001625,S003662,EX05,Legacy Migration Mismatch,Consistency,High,Open,,Pending investigation
X0000485,2026-03-16,E0001627,S004033,EX01,Incomplete Contact Details,Completeness,Medium,Resolved,2026-03-19,Record remediation
X0000486,2026-03-02,E0001629,S002743,EX06,Fee/Product Validation,Validity,High,Open,,Pending investigation
X0000487,2026-03-16,E0001629,S002743,EX06,Fee/Product Validation,Validity,High,Resolved,2026-03-23,System correction
X0000488,2026-03-02,E0001630,S002979,EX02,Missing LMS Unit Link,Completeness,High,Resolved,2026-03-16,System correction
X0000489,2026-03-16,E0001630,S002979,EX02,Missing LMS Unit Link,Completeness,High,Open,,Pending investigation
X0000490,2026-04-27,E0001630,S002979,EX01,Incomplete Contact Details,Completeness,Medium,Resolved,2026-05-14,Record remediation
X0000491,2026-03-16,E0001631,S000836,EX05,Legacy Migration Mismatch,Consistency,High,Resolved,2026-03-27,System correction
X0000492,2026-03-30,E0001631,S000836,EX05,Legacy Migration Mismatch,Consistency,High,Resolved,2026-04-08,System correction
X0000493,2026-03-02,E0001632,S000011,EX07,Incomplete Enrolment,Completeness,Medium,Resolved,2026-03-19,Record remediation
X0000494,2026-04-27,E0001637,S003382,EX04,Withdrawal / Remediation Overlap,Consistency,Medium,Resolved,2026-05-15,Record remediation
X0000495,2026-03-30,E0001643,S003855,EX04,Withdrawal / Remediation Overlap,Consistency,Medium,Resolved,2026-04-10,Record remediation
X0000496,2026-03-02,E0001644,S002549,EX02,Missing LMS Unit Link,Completeness,High,Open,,Pending investigation
X0000497,2026-03-16,E0001644,S002549,EX02,Missing LMS Unit Link,Completeness,High,Resolved,2026-03-20,System correction
X0000498,2026-03-02,E0001644,S002549,EX06,Fee/Product Validation,Validity,High,Resolved,2026-03-05,System correction
X0000499,2026-03-16,E0001645,S002391,EX06,Fee/Product Validation,Validity,High,Resolved,2026-04-01,System correction
X0000500,2026-03-02,E0001647,S002601,EX04,Withdrawal / Remediation Overlap,Consistency,Medium,Open,,Pending investigation
X0000501,2026-03-30,E0001649,S004013,EX02,Missing LMS Unit Link,Completeness,High,Open,,Pending investigation
X0000502,2026-04-27,E0001653,S004025,EX07,Incomplete Enrolment,Completeness,Medium,Resolved,2026-04-30,Record remediation
X0000503,2026-03-16,E0001655,S002541,EX05,Legacy Migration Mismatch,Consistency,High,Resolved,2026-03-25,System correction
X0000504,2026-03-30,E0001655,S002541,EX05,Legacy Migration Mismatch,Consistency,High,Open,,Pending investigation
X0000505,2026-04-27,E0001662,S002961,EX03,Potential Duplicate Enrolment,Uniqueness,High,Open,,Pending investigation
X0000506,2026-03-16,E0001670,S002185,EX07,Incomplete Enrolment,Completeness,Medium,Resolved,2026-03-19,Record remediation
X0000507,2026-04-27,E0001671,S003540,EX05,Legacy Migration Mismatch,Consistency,High,Open,,Pending investigation
X0000508,2026-03-30,E0001677,S003160,EX07,Incomplete Enrolment,Completeness,Medium,Open,,Pending investigation
X0000509,2026-04-13,E0001677,S003160,EX07,Incomplete Enrolment,Completeness,Medium,Resolved,2026-05-01,Record remediation
X0000510,2026-04-27,E0001685,S001459,EX07,Incomplete Enrolment,Completeness,Medium,Resolved,2026-05-09,Record remediation
X0000511,2026-04-27,E0001689,S003549,EX04,Withdrawal / Remediation Overlap,Consistency,Medium,Resolved,2026-05-12,Record remediation
X0000512,2026-04-27,E0001690,S001913,EX06,Fee/Product Validation,Validity,High,Resolved,2026-04-30,System correction
X0000513,2026-03-02,E0001696,S003925,EX02,Missing LMS Unit Link,Completeness,High,Resolved,2026-03-07,System correction
X0000514,2026-03-16,E0001702,S002056,EX05,Legacy Migration Mismatch,Consistency,High,Resolved,2026-04-02,System correction
X0000515,2026-04-27,E0001703,S003807,EX05,Legacy Migration Mismatch,Consistency,High,Resolved,2026-05-04,System correction
X0000516,2026-04-13,E0001704,S003001,EX03,Potential Duplicate Enrolment,Uniqueness,High,Resolved,2026-04-19,Record remediation
X0000517,2026-03-02,E0001705,S000137,EX06,Fee/Product Validation,Validity,High,Open,,Pending investigation
X0000518,2026-03-30,E0001706,S002017,EX05,Legacy Migration Mismatch,Consistency,High,Open,,Pending investigation
X0000519,2026-04-13,E0001707,S003356,EX06,Fee/Product Validation,Validity,High,Resolved,2026-04-23,System correction
X0000520,2026-03-16,E0001707,S003356,EX01,Incomplete Contact Details,Completeness,Medium,Open,,Pending investigation
X0000521,2026-04-27,E0001719,S001104,EX06,Fee/Product Validation,Validity,High,Open,,Pending investigation
X0000522,2026-04-13,E0001722,S001096,EX01,Incomplete Contact Details,Completeness,Medium,Resolved,2026-04-26,Record remediation
X0000523,2026-03-30,E0001730,S001792,EX02,Missing LMS Unit Link,Completeness,High,Resolved,2026-04-04,System correction
X0000524,2026-04-13,E0001730,S001792,EX02,Missing LMS Unit Link,Completeness,High,Open,,Pending investigation
X0000525,2026-04-27,E0001733,S003254,EX06,Fee/Product Validation,Validity,High,Resolved,2026-05-01,System correction
X0000526,2026-03-30,E0001736,S001699,EX04,Withdrawal / Remediation Overlap,Consistency,Medium,Open,,Pending investigation
X0000527,2026-03-02,E0001740,S003937,EX05,Legacy Migration Mismatch,Consistency,High,Resolved,2026-03-08,System correction
X0000528,2026-04-27,E0001747,S002466,EX01,Incomplete Contact Details,Completeness,Medium,Resolved,2026-05-11,Record remediation
X0000529,2026-04-13,E0001748,S000947,EX02,Missing LMS Unit Link,Completeness,High,Resolved,2026-04-30,System correction
X0000530,2026-04-27,E0001748,S000947,EX02,Missing LMS Unit Link,Completeness,High,Resolved,2026-05-04,System correction
X0000531,2026-03-30,E0001754,S000469,EX03,Potential Duplicate Enrolment,Uniqueness,High,Open,,Pending investigation
X0000532,2026-04-13,E0001756,S003856,EX01,Incomplete Contact Details,Completeness,Medium,Open,,Pending investigation
X0000533,2026-03-02,E0001766,S001409,EX07,Incomplete Enrolment,Completeness,Medium,Open,,Pending investigation
X0000534,2026-04-27,E0001767,S003056,EX04,Withdrawal / Remediation Overlap,Consistency,Medium,Resolved,2026-05-02,Record remediation
X0000535,2026-03-16,E0001774,S002360,EX03,Potential Duplicate Enrolment,Uniqueness,High,Resolved,2026-03-25,Record remediation
X0000536,2026-04-27,E0001779,S001419,EX01,Incomplete Contact Details,Completeness,Medium,Resolved,2026-05-14,Record remediation
X0000537,2026-05-11,E0001779,S001419,EX01,Incomplete Contact Details,Completeness,Medium,Open,,Pending investigation
X0000538,2026-04-27,E0001780,S003574,EX03,Potential Duplicate Enrolment,Uniqueness,High,Resolved,2026-05-08,Record remediation
X0000539,2026-04-13,E0001784,S004037,EX05,Legacy Migration Mismatch,Consistency,High,Open,,Pending investigation
X0000540,2026-04-27,E0001784,S004037,EX05,Legacy Migration Mismatch,Consistency,High,Resolved,2026-05-07,System correction
X0000541,2026-03-16,E0001784,S004037,EX01,Incomplete Contact Details,Completeness,Medium,Resolved,2026-03-28,Record remediation
X0000542,2026-04-13,E0001787,S004143,EX01,Incomplete Contact Details,Completeness,Medium,Resolved,2026-04-28,Record remediation
X0000543,2026-03-30,E0001788,S002153,EX07,Incomplete Enrolment,Completeness,Medium,Open,,Pending investigation
X0000544,2026-04-13,E0001793,S000001,EX04,Withdrawal / Remediation Overlap,Consistency,Medium,Resolved,2026-04-30,Record remediation
X0000545,2026-03-30,E0001794,S002609,EX02,Missing LMS Unit Link,Completeness,High,Resolved,2026-04-03,System correction
X0000546,2026-03-16,E0001802,S000001,EX01,Incomplete Contact Details,Completeness,Medium,Resolved,2026-03-21,Record remediation
X0000547,2026-03-30,E0001808,S001299,EX02,Missing LMS Unit Link,Completeness,High,Resolved,2026-04-16,System correction
X0000548,2026-04-13,E0001809,S000393,EX01,Incomplete Contact Details,Completeness,Medium,Resolved,2026-04-17,Record remediation
X0000549,2026-03-02,E0001810,S001217,EX07,Incomplete Enrolment,Completeness,Medium,Resolved,2026-03-08,Record remediation
X0000550,2026-03-30,E0001817,S001570,EX06,Fee/Product Validation,Validity,High,Resolved,2026-04-11,System correction
X0000551,2026-03-02,E0001819,S003507,EX03,Potential Duplicate Enrolment,Uniqueness,High,Open,,Pending investigation
X0000552,2026-04-13,E0001824,S002414,EX06,Fee/Product Validation,Validity,High,Open,,Pending investigation
X0000553,2026-03-30,E0001826,S001207,EX01,Incomplete Contact Details,Completeness,Medium,Resolved,2026-04-11,Record remediation
X0000554,2026-03-02,E0001831,S003539,EX06,Fee/Product Validation,Validity,High,Resolved,2026-03-12,System correction
X0000555,2026-03-02,E0001837,S002149,EX06,Fee/Product Validation,Validity,High,Open,,Pending investigation
X0000556,2026-03-02,E0001839,S000726,EX06,Fee/Product Validation,Validity,High,Resolved,2026-03-07,System correction
X0000557,2026-04-13,E0001840,S003228,EX06,Fee/Product Validation,Validity,High,Open,,Pending investigation
X0000558,2026-04-27,E0001841,S002922,EX06,Fee/Product Validation,Validity,High,Resolved,2026-05-14,System correction
X0000559,2026-03-16,E0001847,S002858,EX06,Fee/Product Validation,Validity,High,Resolved,2026-03-31,System correction
X0000560,2026-03-16,E0001850,S001818,EX06,Fee/Product Validation,Validity,High,Open,,Pending investigation
X0000561,2026-04-13,E0001852,S003846,EX01,Incomplete Contact Details,Completeness,Medium,Resolved,2026-04-18,Record remediation
X0000562,2026-03-30,E0001853,S000792,EX02,Missing LMS Unit Link,Completeness,High,Open,,Pending investigation
X0000563,2026-04-13,E0001853,S000792,EX02,Missing LMS Unit Link,Completeness,High,Resolved,2026-04-29,System correction
X0000564,2026-03-02,E0001860,S003760,EX07,Incomplete Enrolment,Completeness,Medium,Open,,Pending investigation
X0000565,2026-04-27,E0001860,S003760,EX06,Fee/Product Validation,Validity,High,Resolved,2026-05-04,System correction
X0000566,2026-05-11,E0001860,S003760,EX06,Fee/Product Validation,Validity,High,Open,,Pending investigation
X0000567,2026-04-27,E0001861,S002391,EX03,Potential Duplicate Enrolment,Uniqueness,High,Resolved,2026-05-03,Record remediation
X0000568,2026-03-16,E0001863,S002140,EX03,Potential Duplicate Enrolment,Uniqueness,High,Open,,Pending investigation
X0000569,2026-03-30,E0001864,S003861,EX05,Legacy Migration Mismatch,Consistency,High,Resolved,2026-04-02,System correction
X0000570,2026-04-13,E0001864,S003861,EX05,Legacy Migration Mismatch,Consistency,High,Open,,Pending investigation
X0000571,2026-03-30,E0001865,S001395,EX05,Legacy Migration Mismatch,Consistency,High,Open,,Pending investigation
X0000572,2026-04-13,E0001865,S001395,EX05,Legacy Migration Mismatch,Consistency,High,Resolved,2026-04-15,System correction
X0000573,2026-04-13,E0001873,S001773,EX06,Fee/Product Validation,Validity,High,Resolved,2026-04-14,System correction
X0000574,2026-03-30,E0001883,S003541,EX02,Missing LMS Unit Link,Completeness,High,Resolved,2026-04-02,System correction
X0000575,2026-03-02,E0001883,S003541,EX01,Incomplete Contact Details,Completeness,Medium,Open,,Pending investigation
X0000576,2026-04-27,E0001885,S000368,EX06,Fee/Product Validation,Validity,High,Resolved,2026-05-13,System correction
X0000577,2026-03-30,E0001897,S004036,EX01,Incomplete Contact Details,Completeness,Medium,Open,,Pending investigation
X0000578,2026-04-13,E0001897,S004036,EX01,Incomplete Contact Details,Completeness,Medium,Resolved,2026-04-16,Record remediation
X0000579,2026-03-16,E0001902,S000036,EX06,Fee/Product Validation,Validity,High,Open,,Pending investigation
X0000580,2026-04-27,E0001912,S000279,EX01,Incomplete Contact Details,Completeness,Medium,Resolved,2026-05-09,Record remediation
X0000581,2026-04-27,E0001912,S000279,EX03,Potential Duplicate Enrolment,Uniqueness,High,Open,,Pending investigation
X0000582,2026-03-30,E0001918,S002762,EX06,Fee/Product Validation,Validity,High,Open,,Pending investigation
X0000583,2026-04-13,E0001918,S002762,EX06,Fee/Product Validation,Validity,High,Resolved,2026-04-17,System correction
X0000584,2026-03-30,E0001923,S003462,EX06,Fee/Product Validation,Validity,High,Open,,Pending investigation
X0000585,2026-03-16,E0001925,S001253,EX06,Fee/Product Validation,Validity,High,Resolved,2026-03-23,System correction
X0000586,2026-03-02,E0001927,S002316,EX06,Fee/Product Validation,Validity,High,Resolved,2026-03-19,System correction
X0000587,2026-03-16,E0001930,S000065,EX01,Incomplete Contact Details,Completeness,Medium,Resolved,2026-03-20,Record remediation
X0000588,2026-04-27,E0001950,S003552,EX01,Incomplete Contact Details,Completeness,Medium,Resolved,2026-05-01,Record remediation
X0000589,2026-05-11,E0001950,S003552,EX01,Incomplete Contact Details,Completeness,Medium,Open,,Pending investigation
X0000590,2026-03-16,E0001952,S000300,EX01,Incomplete Contact Details,Completeness,Medium,Resolved,2026-04-03,Record remediation
X0000591,2026-04-27,E0001956,S001447,EX01,Incomplete Contact Details,Completeness,Medium,Resolved,2026-04-28,Record remediation
X0000592,2026-04-27,E0001963,S003633,EX06,Fee/Product Validation,Validity,High,Resolved,2026-05-13,System correction
X0000593,2026-04-13,E0001965,S000328,EX06,Fee/Product Validation,Validity,High,Resolved,2026-04-17,System correction
X0000594,2026-04-27,E0001965,S000328,EX01,Incomplete Contact Details,Completeness,Medium,Open,,Pending investigation
X0000595,2026-03-02,E0001970,S000193,EX07,Incomplete Enrolment,Completeness,Medium,Open,,Pending investigation
X0000596,2026-03-16,E0001971,S002470,EX04,Withdrawal / Remediation Overlap,Consistency,Medium,Open,,Pending investigation
X0000597,2026-03-02,E0001972,S000247,EX04,Withdrawal / Remediation Overlap,Consistency,Medium,Open,,Pending investigation
X0000598,2026-04-27,E0001974,S000224,EX02,Missing LMS Unit Link,Completeness,High,Resolved,2026-05-14,System correction
X0000599,2026-04-13,E0001974,S000224,EX01,Incomplete Contact Details,Completeness,Medium,Resolved,2026-04-16,Record remediation
X0000600,2026-04-27,E0001988,S003018,EX02,Missing LMS Unit Link,Completeness,High,Resolved,2026-05-10,System correction
X0000601,2026-05-11,E0001988,S003018,EX02,Missing LMS Unit Link,Completeness,High,Resolved,2026-05-18,System correction
X0000602,2026-04-27,E0001990,S001751,EX07,Incomplete Enrolment,Completeness,Medium,Open,,Pending investigation
X0000603,2026-04-27,E0001991,S002289,EX06,Fee/Product Validation,Validity,High,Resolved,2026-05-02,System correction
X0000604,2026-03-30,E0001993,S002684,EX01,Incomplete Contact Details,Completeness,Medium,Resolved,2026-04-16,Record remediation
X0000605,2026-03-16,E0002000,S003590,EX06,Fee/Product Validation,Validity,High,Resolved,2026-03-22,System correction
X0000606,2026-03-30,E0002000,S003590,EX06,Fee/Product Validation,Validity,High,Resolved,2026-04-08,System correction
X0000607,2026-04-27,E0002000,S003590,EX01,Incomplete Contact Details,Completeness,Medium,Open,,Pending investigation
X0000608,2026-03-02,E0002004,S003722,EX01,Incomplete Contact Details,Completeness,Medium,Resolved,2026-03-20,Record remediation
X0000609,2026-03-30,E0002005,S001740,EX07,Incomplete Enrolment,Completeness,Medium,Resolved,2026-04-15,Record remediation
X0000610,2026-03-02,E0002010,S000315,EX06,Fee/Product Validation,Validity,High,Open,,Pending investigation
X0000611,2026-04-13,E0002014,S002464,EX07,Incomplete Enrolment,Completeness,Medium,Resolved,2026-04-21,Record remediation
X0000612,2026-03-16,E0002027,S003287,EX02,Missing LMS Unit Link,Completeness,High,Open,,Pending investigation
X0000613,2026-03-30,E0002027,S003287,EX02,Missing LMS Unit Link,Completeness,High,Resolved,2026-04-07,System correction
X0000614,2026-03-02,E0002027,S003287,EX01,Incomplete Contact Details,Completeness,Medium,Resolved,2026-03-03,Record remediation
X0000615,2026-03-16,E0002027,S003287,EX01,Incomplete Contact Details,Completeness,Medium,Resolved,2026-03-31,Record remediation
X0000616,2026-04-13,E0002028,S003596,EX06,Fee/Product Validation,Validity,High,Resolved,2026-04-24,System correction
X0000617,2026-03-30,E0002031,S004171,EX02,Missing LMS Unit Link,Completeness,High,Open,,Pending investigation
X0000618,2026-04-13,E0002031,S004171,EX02,Missing LMS Unit Link,Completeness,High,Open,,Pending investigation
X0000619,2026-04-27,E0002031,S004171,EX02,Missing LMS Unit Link,Completeness,High,Open,,Pending investigation
X0000620,2026-03-30,E0002031,S004171,EX06,Fee/Product Validation,Validity,High,Open,,Pending investigation
X0000621,2026-03-16,E0002037,S000533,EX03,Potential Duplicate Enrolment,Uniqueness,High,Open,,Pending investigation
X0000622,2026-04-27,E0002038,S000981,EX07,Incomplete Enrolment,Completeness,Medium,Resolved,2026-05-08,Record remediation
X0000623,2026-03-30,E0002049,S003381,EX06,Fee/Product Validation,Validity,High,Resolved,2026-04-15,System correction
X0000624,2026-03-02,E0002049,S003381,EX01,Incomplete Contact Details,Completeness,Medium,Open,,Pending investigation
X0000625,2026-03-16,E0002049,S003381,EX01,Incomplete Contact Details,Completeness,Medium,Resolved,2026-03-28,Record remediation
X0000626,2026-03-02,E0002057,S003940,EX05,Legacy Migration Mismatch,Consistency,High,Open,,Pending investigation
X0000627,2026-03-16,E0002057,S003940,EX05,Legacy Migration Mismatch,Consistency,High,Resolved,2026-03-29,System correction
X0000628,2026-03-30,E0002057,S003940,EX05,Legacy Migration Mismatch,Consistency,High,Resolved,2026-04-11,System correction
X0000629,2026-03-02,E0002063,S001863,EX02,Missing LMS Unit Link,Completeness,High,Open,,Pending investigation
X0000630,2026-03-16,E0002063,S001863,EX02,Missing LMS Unit Link,Completeness,High,Open,,Pending investigation
X0000631,2026-03-30,E0002065,S000214,EX03,Potential Duplicate Enrolment,Uniqueness,High,Open,,Pending investigation
X0000632,2026-04-13,E0002065,S000214,EX03,Potential Duplicate Enrolment,Uniqueness,High,Resolved,2026-04-28,Record remediation
X0000633,2026-04-27,E0002070,S004165,EX06,Fee/Product Validation,Validity,High,Resolved,2026-05-06,System correction
X0000634,2026-03-30,E0002072,S001069,EX02,Missing LMS Unit Link,Completeness,High,Open,,Pending investigation
X0000635,2026-03-16,E0002082,S001939,EX01,Incomplete Contact Details,Completeness,Medium,Open,,Pending investigation
X0000636,2026-03-16,E0002086,S001252,EX06,Fee/Product Validation,Validity,High,Resolved,2026-03-31,System correction
X0000637,2026-03-02,E0002087,S001240,EX01,Incomplete Contact Details,Completeness,Medium,Resolved,2026-03-10,Record remediation
X0000638,2026-04-27,E0002088,S000481,EX01,Incomplete Contact Details,Completeness,Medium,Open,,Pending investigation
X0000639,2026-03-02,E0002091,S003511,EX06,Fee/Product Validation,Validity,High,Resolved,2026-03-06,System correction
X0000640,2026-04-13,E0002117,S001642,EX05,Legacy Migration Mismatch,Consistency,High,Open,,Pending investigation
X0000641,2026-04-27,E0002117,S001642,EX05,Legacy Migration Mismatch,Consistency,High,Resolved,2026-05-07,System correction
X0000642,2026-05-11,E0002117,S001642,EX05,Legacy Migration Mismatch,Consistency,High,Resolved,2026-05-14,System correction
X0000643,2026-04-27,E0002118,S001734,EX06,Fee/Product Validation,Validity,High,Resolved,2026-05-15,System correction
X0000644,2026-05-11,E0002118,S001734,EX06,Fee/Product Validation,Validity,High,Open,,Pending investigation
X0000645,2026-03-30,E0002120,S001525,EX07,Incomplete Enrolment,Completeness,Medium,Open,,Pending investigation
X0000646,2026-04-13,E0002122,S000446,EX02,Missing LMS Unit Link,Completeness,High,Resolved,2026-04-17,System correction
X0000647,2026-03-02,E0002127,S003896,EX07,Incomplete Enrolment,Completeness,Medium,Resolved,2026-03-11,Record remediation
X0000648,2026-04-13,E0002128,S001281,EX02,Missing LMS Unit Link,Completeness,High,Resolved,2026-04-28,System correction
X0000649,2026-04-27,E0002128,S001281,EX02,Missing LMS Unit Link,Completeness,High,Resolved,2026-05-02,System correction
X0000650,2026-03-16,E0002130,S000925,EX02,Missing LMS Unit Link,Completeness,High,Resolved,2026-03-31,System correction
X0000651,2026-03-30,E0002130,S000925,EX02,Missing LMS Unit Link,Completeness,High,Resolved,2026-04-06,System correction
X0000652,2026-04-13,E0002130,S000925,EX02,Missing LMS Unit Link,Completeness,High,Resolved,2026-04-17,System correction
X0000653,2026-04-13,E0002135,S002270,EX04,Withdrawal / Remediation Overlap,Consistency,Medium,Open,,Pending investigation
X0000654,2026-03-30,E0002136,S003478,EX07,Incomplete Enrolment,Completeness,Medium,Open,,Pending investigation
X0000655,2026-04-13,E0002137,S002910,EX06,Fee/Product Validation,Validity,High,Open,,Pending investigation
X0000656,2026-04-27,E0002137,S002910,EX06,Fee/Product Validation,Validity,High,Open,,Pending investigation
X0000657,2026-03-16,E0002137,S002910,EX01,Incomplete Contact Details,Completeness,Medium,Resolved,2026-03-19,Record remediation
X0000658,2026-04-13,E0002143,S000667,EX01,Incomplete Contact Details,Completeness,Medium,Resolved,2026-04-25,Record remediation
X0000659,2026-04-13,E0002149,S002536,EX03,Potential Duplicate Enrolment,Uniqueness,High,Resolved,2026-04-24,Record remediation
X0000660,2026-04-27,E0002149,S002536,EX03,Potential Duplicate Enrolment,Uniqueness,High,Resolved,2026-04-29,Record remediation
X0000661,2026-03-02,E0002149,S002536,EX04,Withdrawal / Remediation Overlap,Consistency,Medium,Open,,Pending investigation
X0000662,2026-03-30,E0002154,S002795,EX01,Incomplete Contact Details,Completeness,Medium,Open,,Pending investigation
X0000663,2026-04-13,E0002158,S003525,EX07,Incomplete Enrolment,Completeness,Medium,Open,,Pending investigation
X0000664,2026-03-16,E0002160,S004176,EX04,Withdrawal / Remediation Overlap,Consistency,Medium,Open,,Pending investigation
X0000665,2026-03-16,E0002161,S001428,EX02,Missing LMS Unit Link,Completeness,High,Resolved,2026-03-20,System correction
X0000666,2026-03-02,E0002161,S001428,EX01,Incomplete Contact Details,Completeness,Medium,Open,,Pending investigation
X0000667,2026-03-16,E0002163,S000327,EX01,Incomplete Contact Details,Completeness,Medium,Resolved,2026-03-20,Record remediation
X0000668,2026-03-16,E0002168,S003096,EX02,Missing LMS Unit Link,Completeness,High,Resolved,2026-03-21,System correction
X0000669,2026-03-16,E0002170,S002253,EX06,Fee/Product Validation,Validity,High,Resolved,2026-03-20,System correction
X0000670,2026-03-02,E0002179,S000568,EX01,Incomplete Contact Details,Completeness,Medium,Resolved,2026-03-13,Record remediation
X0000671,2026-04-27,E0002182,S003496,EX02,Missing LMS Unit Link,Completeness,High,Resolved,2026-05-14,System correction
X0000672,2026-05-11,E0002182,S003496,EX02,Missing LMS Unit Link,Completeness,High,Resolved,2026-05-21,System correction
X0000673,2026-04-13,E0002196,S004057,EX06,Fee/Product Validation,Validity,High,Resolved,2026-04-23,System correction
X0000674,2026-03-02,E0002197,S002036,EX01,Incomplete Contact Details,Completeness,Medium,Resolved,2026-03-17,Record remediation
X0000675,2026-04-13,E0002198,S003201,EX07,Incomplete Enrolment,Completeness,Medium,Open,,Pending investigation
X0000676,2026-04-13,E0002202,S003318,EX03,Potential Duplicate Enrolment,Uniqueness,High,Resolved,2026-04-16,Record remediation
X0000677,2026-03-02,E0002204,S001213,EX03,Potential Duplicate Enrolment,Uniqueness,High,Resolved,2026-03-13,Record remediation
X0000678,2026-04-27,E0002217,S001572,EX04,Withdrawal / Remediation Overlap,Consistency,Medium,Resolved,2026-05-10,Record remediation
X0000679,2026-03-16,E0002220,S001375,EX02,Missing LMS Unit Link,Completeness,High,Resolved,2026-03-31,System correction
X0000680,2026-03-30,E0002220,S001375,EX02,Missing LMS Unit Link,Completeness,High,Resolved,2026-04-12,System correction
X0000681,2026-04-27,E0002223,S000490,EX06,Fee/Product Validation,Validity,High,Resolved,2026-05-08,System correction
X0000682,2026-03-16,E0002224,S000679,EX02,Missing LMS Unit Link,Completeness,High,Resolved,2026-03-31,System correction
X0000683,2026-03-02,E0002232,S001795,EX04,Withdrawal / Remediation Overlap,Consistency,Medium,Resolved,2026-03-06,Record remediation
X0000684,2026-04-27,E0002236,S000379,EX01,Incomplete Contact Details,Completeness,Medium,Open,,Pending investigation
X0000685,2026-04-27,E0002241,S001145,EX05,Legacy Migration Mismatch,Consistency,High,Open,,Pending investigation
X0000686,2026-05-11,E0002241,S001145,EX05,Legacy Migration Mismatch,Consistency,High,Resolved,2026-05-24,System correction
X0000687,2026-03-16,E0002242,S000368,EX01,Incomplete Contact Details,Completeness,Medium,Resolved,2026-03-21,Record remediation
X0000688,2026-03-02,E0002248,S002802,EX01,Incomplete Contact Details,Completeness,Medium,Resolved,2026-03-04,Record remediation
X0000689,2026-03-16,E0002251,S003967,EX04,Withdrawal / Remediation Overlap,Consistency,Medium,Resolved,2026-03-21,Record remediation
X0000690,2026-04-13,E0002258,S000829,EX06,Fee/Product Validation,Validity,High,Resolved,2026-04-24,System correction
X0000691,2026-04-13,E0002260,S003724,EX05,Legacy Migration Mismatch,Consistency,High,Open,,Pending investigation
X0000692,2026-03-30,E0002262,S002497,EX06,Fee/Product Validation,Validity,High,Resolved,2026-04-09,System correction
X0000693,2026-03-02,E0002262,S002497,EX03,Potential Duplicate Enrolment,Uniqueness,High,Resolved,2026-03-17,Record remediation
X0000694,2026-03-02,E0002272,S003772,EX04,Withdrawal / Remediation Overlap,Consistency,Medium,Resolved,2026-03-20,Record remediation
X0000695,2026-04-13,E0002273,S002785,EX04,Withdrawal / Remediation Overlap,Consistency,Medium,Resolved,2026-04-27,Record remediation
X0000696,2026-03-16,E0002284,S003842,EX05,Legacy Migration Mismatch,Consistency,High,Resolved,2026-03-27,System correction
X0000697,2026-03-30,E0002284,S003842,EX05,Legacy Migration Mismatch,Consistency,High,Resolved,2026-04-07,System correction
X0000698,2026-03-02,E0002285,S003605,EX02,Missing LMS Unit Link,Completeness,High,Open,,Pending investigation
X0000699,2026-04-13,E0002287,S000172,EX02,Missing LMS Unit Link,Completeness,High,Open,,Pending investigation
X0000700,2026-03-16,E0002289,S000769,EX02,Missing LMS Unit Link,Completeness,High,Resolved,2026-03-26,System correction
X0000701,2026-03-30,E0002289,S000769,EX02,Missing LMS Unit Link,Completeness,High,Resolved,2026-04-10,System correction
X0000702,2026-04-13,E0002289,S000769,EX06,Fee/Product Validation,Validity,High,Resolved,2026-04-17,System correction
X0000703,2026-04-27,E0002289,S000769,EX06,Fee/Product Validation,Validity,High,Open,,Pending investigation
X0000704,2026-03-30,E0002291,S000633,EX06,Fee/Product Validation,Validity,High,Resolved,2026-04-02,System correction
X0000705,2026-04-13,E0002291,S000633,EX06,Fee/Product Validation,Validity,High,Resolved,2026-04-16,System correction
X0000706,2026-03-30,E0002294,S002277,EX01,Incomplete Contact Details,Completeness,Medium,Resolved,2026-04-09,Record remediation
X0000707,2026-04-27,E0002294,S002277,EX04,Withdrawal / Remediation Overlap,Consistency,Medium,Resolved,2026-04-28,Record remediation
X0000708,2026-04-13,E0002296,S001177,EX06,Fee/Product Validation,Validity,High,Open,,Pending investigation
X0000709,2026-04-27,E0002296,S001177,EX01,Incomplete Contact Details,Completeness,Medium,Open,,Pending investigation
X0000710,2026-04-13,E0002298,S001371,EX07,Incomplete Enrolment,Completeness,Medium,Resolved,2026-04-23,Record remediation
X0000711,2026-04-13,E0002308,S004134,EX02,Missing LMS Unit Link,Completeness,High,Resolved,2026-04-19,System correction
X0000712,2026-04-27,E0002308,S004134,EX02,Missing LMS Unit Link,Completeness,High,Open,,Pending investigation
X0000713,2026-03-02,E0002321,S002210,EX01,Incomplete Contact Details,Completeness,Medium,Resolved,2026-03-17,Record remediation
X0000714,2026-03-02,E0002322,S002403,EX03,Potential Duplicate Enrolment,Uniqueness,High,Resolved,2026-03-14,Record remediation
X0000715,2026-03-16,E0002326,S002108,EX02,Missing LMS Unit Link,Completeness,High,Resolved,2026-03-30,System correction
X0000716,2026-03-30,E0002326,S002108,EX02,Missing LMS Unit Link,Completeness,High,Resolved,2026-04-13,System correction
X0000717,2026-04-13,E0002326,S002108,EX02,Missing LMS Unit Link,Completeness,High,Resolved,2026-04-19,System correction
X0000718,2026-03-02,E0002331,S001772,EX06,Fee/Product Validation,Validity,High,Resolved,2026-03-08,System correction
X0000719,2026-03-16,E0002331,S001772,EX06,Fee/Product Validation,Validity,High,Resolved,2026-04-02,System correction
X0000720,2026-04-13,E0002334,S001270,EX01,Incomplete Contact Details,Completeness,Medium,Resolved,2026-04-23,Record remediation
X0000721,2026-03-30,E0002344,S003282,EX06,Fee/Product Validation,Validity,High,Open,,Pending investigation
X0000722,2026-04-13,E0002344,S003282,EX06,Fee/Product Validation,Validity,High,Resolved,2026-04-21,System correction
X0000723,2026-04-27,E0002348,S001015,EX07,Incomplete Enrolment,Completeness,Medium,Resolved,2026-05-15,Record remediation
X0000724,2026-03-02,E0002349,S002112,EX05,Legacy Migration Mismatch,Consistency,High,Resolved,2026-03-20,System correction
X0000725,2026-04-27,E0002349,S002112,EX04,Withdrawal / Remediation Overlap,Consistency,Medium,Resolved,2026-05-06,Record remediation
X0000726,2026-04-27,E0002353,S003711,EX06,Fee/Product Validation,Validity,High,Open,,Pending investigation
X0000727,2026-03-16,E0002360,S001999,EX06,Fee/Product Validation,Validity,High,Resolved,2026-03-17,System correction
X0000728,2026-03-16,E0002361,S002805,EX01,Incomplete Contact Details,Completeness,Medium,Resolved,2026-03-30,Record remediation
X0000729,2026-03-30,E0002361,S002805,EX01,Incomplete Contact Details,Completeness,Medium,Resolved,2026-04-09,Record remediation
X0000730,2026-03-02,E0002362,S001426,EX04,Withdrawal / Remediation Overlap,Consistency,Medium,Open,,Pending investigation
X0000731,2026-03-16,E0002362,S001426,EX04,Withdrawal / Remediation Overlap,Consistency,Medium,Resolved,2026-03-24,Record remediation
X0000732,2026-03-16,E0002374,S002024,EX01,Incomplete Contact Details,Completeness,Medium,Open,,Pending investigation
X0000733,2026-03-02,E0002375,S003838,EX07,Incomplete Enrolment,Completeness,Medium,Resolved,2026-03-03,Record remediation
X0000734,2026-03-30,E0002375,S003838,EX02,Missing LMS Unit Link,Completeness,High,Open,,Pending investigation
X0000735,2026-04-13,E0002375,S003838,EX02,Missing LMS Unit Link,Completeness,High,Open,,Pending investigation
X0000736,2026-04-27,E0002375,S003838,EX02,Missing LMS Unit Link,Completeness,High,Resolved,2026-04-28,System correction
X0000737,2026-03-02,E0002379,S000923,EX07,Incomplete Enrolment,Completeness,Medium,Resolved,2026-03-05,Record remediation
X0000738,2026-03-16,E0002379,S000923,EX07,Incomplete Enrolment,Completeness,Medium,Resolved,2026-03-19,Record remediation
X0000739,2026-03-16,E0002380,S002415,EX01,Incomplete Contact Details,Completeness,Medium,Resolved,2026-03-17,Record remediation
X0000740,2026-03-16,E0002385,S002211,EX03,Potential Duplicate Enrolment,Uniqueness,High,Resolved,2026-03-19,Record remediation
X0000741,2026-03-16,E0002389,S002772,EX06,Fee/Product Validation,Validity,High,Open,,Pending investigation
X0000742,2026-03-30,E0002389,S002772,EX06,Fee/Product Validation,Validity,High,Resolved,2026-04-01,System correction
X0000743,2026-04-27,E0002397,S001693,EX01,Incomplete Contact Details,Completeness,Medium,Resolved,2026-05-14,Record remediation
X0000744,2026-04-27,E0002403,S000723,EX02,Missing LMS Unit Link,Completeness,High,Resolved,2026-05-01,System correction
X0000745,2026-05-11,E0002403,S000723,EX02,Missing LMS Unit Link,Completeness,High,Open,,Pending investigation
X0000746,2026-03-30,E0002405,S004013,EX05,Legacy Migration Mismatch,Consistency,High,Open,,Pending investigation
X0000747,2026-03-02,E0002406,S002639,EX02,Missing LMS Unit Link,Completeness,High,Open,,Pending investigation
X0000748,2026-03-16,E0002406,S002639,EX02,Missing LMS Unit Link,Completeness,High,Open,,Pending investigation
X0000749,2026-03-30,E0002406,S002639,EX02,Missing LMS Unit Link,Completeness,High,Resolved,2026-04-05,System correction
X0000750,2026-03-30,E0002407,S003400,EX01,Incomplete Contact Details,Completeness,Medium,Resolved,2026-04-06,Record remediation
X0000751,2026-03-30,E0002407,S003400,EX03,Potential Duplicate Enrolment,Uniqueness,High,Open,,Pending investigation
X0000752,2026-04-27,E0002410,S004088,EX07,Incomplete Enrolment,Completeness,Medium,Resolved,2026-04-28,Record remediation
X0000753,2026-03-16,E0002410,S004088,EX03,Potential Duplicate Enrolment,Uniqueness,High,Resolved,2026-04-01,Record remediation
X0000754,2026-04-13,E0002423,S001742,EX06,Fee/Product Validation,Validity,High,Open,,Pending investigation
X0000755,2026-03-30,E0002431,S000156,EX02,Missing LMS Unit Link,Completeness,High,Resolved,2026-04-14,System correction
X0000756,2026-04-13,E0002431,S000156,EX06,Fee/Product Validation,Validity,High,Open,,Pending investigation
X0000757,2026-03-16,E0002434,S001616,EX01,Incomplete Contact Details,Completeness,Medium,Resolved,2026-03-20,Record remediation
X0000758,2026-03-16,E0002435,S000800,EX04,Withdrawal / Remediation Overlap,Consistency,Medium,Resolved,2026-03-23,Record remediation
X0000759,2026-03-30,E0002435,S000800,EX04,Withdrawal / Remediation Overlap,Consistency,Medium,Resolved,2026-04-02,Record remediation
X0000760,2026-03-30,E0002439,S001621,EX01,Incomplete Contact Details,Completeness,Medium,Open,,Pending investigation
X0000761,2026-04-13,E0002442,S001347,EX02,Missing LMS Unit Link,Completeness,High,Resolved,2026-04-16,System correction
X0000762,2026-04-27,E0002442,S001347,EX02,Missing LMS Unit Link,Completeness,High,Open,,Pending investigation
X0000763,2026-05-11,E0002442,S001347,EX02,Missing LMS Unit Link,Completeness,High,Resolved,2026-05-14,System correction
X0000764,2026-03-16,E0002453,S003644,EX01,Incomplete Contact Details,Completeness,Medium,Resolved,2026-03-21,Record remediation
X0000765,2026-04-27,E0002462,S002523,EX07,Incomplete Enrolment,Completeness,Medium,Resolved,2026-05-08,Record remediation
X0000766,2026-04-13,E0002462,S002523,EX06,Fee/Product Validation,Validity,High,Resolved,2026-04-29,System correction
X0000767,2026-03-02,E0002467,S002905,EX05,Legacy Migration Mismatch,Consistency,High,Open,,Pending investigation
X0000768,2026-03-16,E0002467,S002905,EX05,Legacy Migration Mismatch,Consistency,High,Resolved,2026-03-21,System correction
X0000769,2026-03-16,E0002473,S000907,EX05,Legacy Migration Mismatch,Consistency,High,Open,,Pending investigation
X0000770,2026-03-30,E0002473,S000907,EX05,Legacy Migration Mismatch,Consistency,High,Resolved,2026-04-04,System correction
X0000771,2026-04-13,E0002473,S000907,EX05,Legacy Migration Mismatch,Consistency,High,Resolved,2026-04-15,System correction
X0000772,2026-03-30,E0002478,S001949,EX06,Fee/Product Validation,Validity,High,Resolved,2026-04-09,System correction
X0000773,2026-03-02,E0002480,S000641,EX04,Withdrawal / Remediation Overlap,Consistency,Medium,Open,,Pending investigation
X0000774,2026-03-30,E0002485,S003668,EX05,Legacy Migration Mismatch,Consistency,High,Resolved,2026-04-09,System correction
X0000775,2026-04-13,E0002485,S003668,EX05,Legacy Migration Mismatch,Consistency,High,Open,,Pending investigation
X0000776,2026-03-16,E0002486,S002216,EX06,Fee/Product Validation,Validity,High,Resolved,2026-03-27,System correction
X0000777,2026-03-16,E0002489,S003533,EX02,Missing LMS Unit Link,Completeness,High,Open,,Pending investigation
X0000778,2026-03-30,E0002489,S003533,EX02,Missing LMS Unit Link,Completeness,High,Resolved,2026-04-04,System correction
X0000779,2026-04-27,E0002490,S002324,EX05,Legacy Migration Mismatch,Consistency,High,Open,,Pending investigation
X0000780,2026-05-11,E0002490,S002324,EX05,Legacy Migration Mismatch,Consistency,High,Resolved,2026-05-27,System correction
X0000781,2026-03-02,E0002491,S000864,EX05,Legacy Migration Mismatch,Consistency,High,Open,,Pending investigation
X0000782,2026-03-16,E0002491,S000864,EX05,Legacy Migration Mismatch,Consistency,High,Resolved,2026-03-31,System correction
X0000783,2026-03-30,E0002491,S000864,EX05,Legacy Migration Mismatch,Consistency,High,Resolved,2026-04-10,System correction
X0000784,2026-03-30,E0002491,S000864,EX01,Incomplete Contact Details,Completeness,Medium,Resolved,2026-04-12,Record remediation
X0000785,2026-04-13,E0002491,S000864,EX01,Incomplete Contact Details,Completeness,Medium,Resolved,2026-04-28,Record remediation
X0000786,2026-03-16,E0002491,S000864,EX06,Fee/Product Validation,Validity,High,Open,,Pending investigation
X0000787,2026-03-30,E0002491,S000864,EX06,Fee/Product Validation,Validity,High,Resolved,2026-04-05,System correction
X0000788,2026-04-27,E0002492,S001439,EX07,Incomplete Enrolment,Completeness,Medium,Open,,Pending investigation
X0000789,2026-04-13,E0002494,S004142,EX06,Fee/Product Validation,Validity,High,Resolved,2026-04-26,System correction
X0000790,2026-03-16,E0002499,S000862,EX01,Incomplete Contact Details,Completeness,Medium,Open,,Pending investigation
X0000791,2026-03-16,E0002500,S001328,EX06,Fee/Product Validation,Validity,High,Open,,Pending investigation
X0000792,2026-03-30,E0002503,S001281,EX06,Fee/Product Validation,Validity,High,Resolved,2026-04-11,System correction
X0000793,2026-04-13,E0002503,S001281,EX06,Fee/Product Validation,Validity,High,Open,,Pending investigation
X0000794,2026-03-16,E0002504,S003567,EX07,Incomplete Enrolment,Completeness,Medium,Open,,Pending investigation
X0000795,2026-04-27,E0002510,S002340,EX07,Incomplete Enrolment,Completeness,Medium,Resolved,2026-05-12,Record remediation
X0000796,2026-03-30,E0002511,S003714,EX06,Fee/Product Validation,Validity,High,Open,,Pending investigation
X0000797,2026-03-02,E0002513,S003535,EX06,Fee/Product Validation,Validity,High,Resolved,2026-03-04,System correction
X0000798,2026-04-13,E0002516,S003823,EX01,Incomplete Contact Details,Completeness,Medium,Open,,Pending investigation
X0000799,2026-04-27,E0002516,S003823,EX01,Incomplete Contact Details,Completeness,Medium,Resolved,2026-05-09,Record remediation
X0000800,2026-04-27,E0002517,S002659,EX04,Withdrawal / Remediation Overlap,Consistency,Medium,Open,,Pending investigation
X0000801,2026-03-30,E0002527,S000346,EX04,Withdrawal / Remediation Overlap,Consistency,Medium,Open,,Pending investigation
X0000802,2026-04-13,E0002527,S000346,EX04,Withdrawal / Remediation Overlap,Consistency,Medium,Resolved,2026-04-25,Record remediation
X0000803,2026-04-13,E0002531,S001735,EX02,Missing LMS Unit Link,Completeness,High,Open,,Pending investigation
X0000804,2026-04-27,E0002531,S001735,EX02,Missing LMS Unit Link,Completeness,High,Resolved,2026-05-08,System correction
X0000805,2026-05-11,E0002531,S001735,EX02,Missing LMS Unit Link,Completeness,High,Resolved,2026-05-22,System correction
X0000806,2026-03-02,E0002537,S002258,EX05,Legacy Migration Mismatch,Consistency,High,Open,,Pending investigation
X0000807,2026-03-16,E0002537,S002258,EX05,Legacy Migration Mismatch,Consistency,High,Open,,Pending investigation
X0000808,2026-03-30,E0002537,S002258,EX05,Legacy Migration Mismatch,Consistency,High,Open,,Pending investigation
X0000809,2026-04-13,E0002540,S003034,EX01,Incomplete Contact Details,Completeness,Medium,Resolved,2026-04-26,Record remediation
X0000810,2026-03-30,E0002546,S003046,EX04,Withdrawal / Remediation Overlap,Consistency,Medium,Open,,Pending investigation
X0000811,2026-03-30,E0002549,S001339,EX05,Legacy Migration Mismatch,Consistency,High,Open,,Pending investigation
X0000812,2026-04-13,E0002549,S001339,EX05,Legacy Migration Mismatch,Consistency,High,Open,,Pending investigation
X0000813,2026-04-13,E0002551,S000127,EX01,Incomplete Contact Details,Completeness,Medium,Resolved,2026-04-15,Record remediation
X0000814,2026-04-27,E0002553,S000468,EX02,Missing LMS Unit Link,Completeness,High,Open,,Pending investigation
X0000815,2026-05-11,E0002553,S000468,EX02,Missing LMS Unit Link,Completeness,High,Open,,Pending investigation
X0000816,2026-05-11,E0002553,S000468,EX02,Missing LMS Unit Link,Completeness,High,Resolved,2026-05-26,System correction
X0000817,2026-04-27,E0002553,S000468,EX06,Fee/Product Validation,Validity,High,Open,,Pending investigation
X0000818,2026-03-30,E0002556,S000232,EX01,Incomplete Contact Details,Completeness,Medium,Resolved,2026-04-01,Record remediation
X0000819,2026-03-16,E0002558,S001945,EX07,Incomplete Enrolment,Completeness,Medium,Resolved,2026-03-17,Record remediation
X0000820,2026-04-13,E0002562,S003826,EX02,Missing LMS Unit Link,Completeness,High,Resolved,2026-04-21,System correction
X0000821,2026-04-27,E0002568,S003786,EX07,Incomplete Enrolment,Completeness,Medium,Resolved,2026-05-12,Record remediation
X0000822,2026-03-16,E0002568,S003786,EX06,Fee/Product Validation,Validity,High,Resolved,2026-03-23,System correction
X0000823,2026-03-02,E0002571,S001717,EX07,Incomplete Enrolment,Completeness,Medium,Resolved,2026-03-06,Record remediation
X0000824,2026-04-27,E0002577,S000287,EX01,Incomplete Contact Details,Completeness,Medium,Resolved,2026-05-07,Record remediation
X0000825,2026-04-27,E0002581,S002465,EX02,Missing LMS Unit Link,Completeness,High,Resolved,2026-05-11,System correction
X0000826,2026-05-11,E0002581,S002465,EX02,Missing LMS Unit Link,Completeness,High,Resolved,2026-05-13,System correction
X0000827,2026-03-02,E0002582,S003083,EX06,Fee/Product Validation,Validity,High,Open,,Pending investigation
X0000828,2026-03-16,E0002599,S001235,EX04,Withdrawal / Remediation Overlap,Consistency,Medium,Resolved,2026-04-03,Record remediation
X0000829,2026-03-30,E0002599,S001235,EX04,Withdrawal / Remediation Overlap,Consistency,Medium,Resolved,2026-04-15,Record remediation
X0000830,2026-03-16,E0002601,S002525,EX05,Legacy Migration Mismatch,Consistency,High,Open,,Pending investigation
X0000831,2026-03-30,E0002601,S002525,EX05,Legacy Migration Mismatch,Consistency,High,Resolved,2026-03-31,System correction
X0000832,2026-04-27,E0002602,S001861,EX06,Fee/Product Validation,Validity,High,Open,,Pending investigation
X0000833,2026-03-30,E0002606,S002971,EX06,Fee/Product Validation,Validity,High,Resolved,2026-04-15,System correction
X0000834,2026-03-02,E0002606,S002971,EX03,Potential Duplicate Enrolment,Uniqueness,High,Open,,Pending investigation
X0000835,2026-04-27,E0002608,S001145,EX01,Incomplete Contact Details,Completeness,Medium,Open,,Pending investigation
X0000836,2026-05-11,E0002608,S001145,EX01,Incomplete Contact Details,Completeness,Medium,Open,,Pending investigation
X0000837,2026-03-30,E0002609,S003377,EX06,Fee/Product Validation,Validity,High,Open,,Pending investigation
X0000838,2026-04-27,E0002615,S003204,EX06,Fee/Product Validation,Validity,High,Resolved,2026-05-09,System correction
X0000839,2026-03-16,E0002620,S000990,EX06,Fee/Product Validation,Validity,High,Open,,Pending investigation
X0000840,2026-03-30,E0002620,S000990,EX06,Fee/Product Validation,Validity,High,Resolved,2026-04-01,System correction
X0000841,2026-04-27,E0002626,S002172,EX03,Potential Duplicate Enrolment,Uniqueness,High,Resolved,2026-05-10,Record remediation
X0000842,2026-03-30,E0002630,S002272,EX02,Missing LMS Unit Link,Completeness,High,Resolved,2026-04-02,System correction
X0000843,2026-04-13,E0002630,S002272,EX02,Missing LMS Unit Link,Completeness,High,Resolved,2026-04-17,System correction
X0000844,2026-04-27,E0002630,S002272,EX02,Missing LMS Unit Link,Completeness,High,Open,,Pending investigation
X0000845,2026-03-02,E0002631,S003519,EX07,Incomplete Enrolment,Completeness,Medium,Resolved,2026-03-13,Record remediation
X0000846,2026-04-27,E0002631,S003519,EX03,Potential Duplicate Enrolment,Uniqueness,High,Resolved,2026-05-09,Record remediation
X0000847,2026-04-13,E0002633,S001965,EX01,Incomplete Contact Details,Completeness,Medium,Open,,Pending investigation
X0000848,2026-03-16,E0002634,S000207,EX06,Fee/Product Validation,Validity,High,Resolved,2026-03-30,System correction
X0000849,2026-04-27,E0002638,S000778,EX06,Fee/Product Validation,Validity,High,Open,,Pending investigation
X0000850,2026-03-30,E0002639,S000264,EX06,Fee/Product Validation,Validity,High,Resolved,2026-04-16,System correction
X0000851,2026-04-27,E0002643,S000701,EX02,Missing LMS Unit Link,Completeness,High,Open,,Pending investigation
X0000852,2026-03-30,E0002648,S003419,EX01,Incomplete Contact Details,Completeness,Medium,Open,,Pending investigation
X0000853,2026-04-13,E0002648,S003419,EX01,Incomplete Contact Details,Completeness,Medium,Resolved,2026-04-21,Record remediation
X0000854,2026-03-30,E0002651,S001012,EX06,Fee/Product Validation,Validity,High,Resolved,2026-04-04,System correction
X0000855,2026-03-02,E0002653,S000474,EX07,Incomplete Enrolment,Completeness,Medium,Open,,Pending investigation
X0000856,2026-03-30,E0002655,S003519,EX06,Fee/Product Validation,Validity,High,Resolved,2026-04-09,System correction
X0000857,2026-03-16,E0002659,S003152,EX06,Fee/Product Validation,Validity,High,Resolved,2026-04-01,System correction
X0000858,2026-04-27,E0002659,S003152,EX04,Withdrawal / Remediation Overlap,Consistency,Medium,Open,,Pending investigation
X0000859,2026-04-13,E0002664,S000194,EX07,Incomplete Enrolment,Completeness,Medium,Open,,Pending investigation
X0000860,2026-04-27,E0002665,S002268,EX01,Incomplete Contact Details,Completeness,Medium,Resolved,2026-05-15,Record remediation
X0000861,2026-03-30,E0002668,S000959,EX01,Incomplete Contact Details,Completeness,Medium,Resolved,2026-04-06,Record remediation
X0000862,2026-04-27,E0002669,S001456,EX02,Missing LMS Unit Link,Completeness,High,Open,,Pending investigation
X0000863,2026-04-13,E0002675,S001891,EX02,Missing LMS Unit Link,Completeness,High,Open,,Pending investigation
X0000864,2026-04-27,E0002675,S001891,EX02,Missing LMS Unit Link,Completeness,High,Resolved,2026-05-03,System correction
X0000865,2026-05-11,E0002675,S001891,EX02,Missing LMS Unit Link,Completeness,High,Open,,Pending investigation
X0000866,2026-04-27,E0002678,S002764,EX07,Incomplete Enrolment,Completeness,Medium,Resolved,2026-05-13,Record remediation
X0000867,2026-04-13,E0002682,S001549,EX01,Incomplete Contact Details,Completeness,Medium,Resolved,2026-04-17,Record remediation
X0000868,2026-03-16,E0002683,S003747,EX07,Incomplete Enrolment,Completeness,Medium,Resolved,2026-03-29,Record remediation
X0000869,2026-03-02,E0002686,S004127,EX06,Fee/Product Validation,Validity,High,Open,,Pending investigation
X0000870,2026-03-16,E0002686,S004127,EX06,Fee/Product Validation,Validity,High,Resolved,2026-03-21,System correction
X0000871,2026-03-16,E0002687,S001897,EX06,Fee/Product Validation,Validity,High,Open,,Pending investigation
X0000872,2026-03-02,E0002688,S002900,EX07,Incomplete Enrolment,Completeness,Medium,Open,,Pending investigation
X0000873,2026-03-30,E0002689,S002296,EX07,Incomplete Enrolment,Completeness,Medium,Resolved,2026-04-16,Record remediation
X0000874,2026-03-30,E0002689,S002296,EX05,Legacy Migration Mismatch,Consistency,High,Open,,Pending investigation
X0000875,2026-04-13,E0002689,S002296,EX05,Legacy Migration Mismatch,Consistency,High,Open,,Pending investigation
X0000876,2026-04-27,E0002696,S002112,EX05,Legacy Migration Mismatch,Consistency,High,Resolved,2026-05-05,System correction
X0000877,2026-05-11,E0002696,S002112,EX05,Legacy Migration Mismatch,Consistency,High,Resolved,2026-05-23,System correction
X0000878,2026-04-27,E0002702,S003967,EX04,Withdrawal / Remediation Overlap,Consistency,Medium,Resolved,2026-05-13,Record remediation
X0000879,2026-03-02,E0002709,S001095,EX03,Potential Duplicate Enrolment,Uniqueness,High,Resolved,2026-03-10,Record remediation
X0000880,2026-03-02,E0002709,S001095,EX04,Withdrawal / Remediation Overlap,Consistency,Medium,Resolved,2026-03-07,Record remediation
X0000881,2026-03-30,E0002722,S002318,EX03,Potential Duplicate Enrolment,Uniqueness,High,Resolved,2026-04-06,Record remediation
X0000882,2026-04-27,E0002725,S002163,EX01,Incomplete Contact Details,Completeness,Medium,Open,,Pending investigation
X0000883,2026-03-30,E0002735,S001609,EX02,Missing LMS Unit Link,Completeness,High,Resolved,2026-04-13,System correction
X0000884,2026-04-27,E0002747,S002400,EX01,Incomplete Contact Details,Completeness,Medium,Open,,Pending investigation
X0000885,2026-03-16,E0002748,S002953,EX06,Fee/Product Validation,Validity,High,Resolved,2026-03-23,System correction
X0000886,2026-03-02,E0002754,S001765,EX03,Potential Duplicate Enrolment,Uniqueness,High,Resolved,2026-03-16,Record remediation
X0000887,2026-03-30,E0002758,S001577,EX02,Missing LMS Unit Link,Completeness,High,Resolved,2026-04-08,System correction
X0000888,2026-04-27,E0002759,S003029,EX05,Legacy Migration Mismatch,Consistency,High,Open,,Pending investigation
X0000889,2026-03-02,E0002759,S003029,EX01,Incomplete Contact Details,Completeness,Medium,Resolved,2026-03-20,Record remediation
X0000890,2026-03-16,E0002768,S000122,EX02,Missing LMS Unit Link,Completeness,High,Resolved,2026-03-19,System correction
X0000891,2026-03-30,E0002768,S000122,EX02,Missing LMS Unit Link,Completeness,High,Resolved,2026-04-08,System correction
X0000892,2026-04-27,E0002778,S000470,EX03,Potential Duplicate Enrolment,Uniqueness,High,Resolved,2026-05-13,Record remediation
X0000893,2026-04-27,E0002780,S001842,EX06,Fee/Product Validation,Validity,High,Open,,Pending investigation
X0000894,2026-05-11,E0002780,S001842,EX06,Fee/Product Validation,Validity,High,Resolved,2026-05-28,System correction
X0000895,2026-04-27,E0002784,S001241,EX04,Withdrawal / Remediation Overlap,Consistency,Medium,Resolved,2026-05-13,Record remediation
X0000896,2026-05-11,E0002784,S001241,EX04,Withdrawal / Remediation Overlap,Consistency,Medium,Resolved,2026-05-21,Record remediation
X0000897,2026-03-02,E0002785,S000136,EX06,Fee/Product Validation,Validity,High,Resolved,2026-03-05,System correction
X0000898,2026-03-16,E0002785,S000136,EX03,Potential Duplicate Enrolment,Uniqueness,High,Open,,Pending investigation
X0000899,2026-03-30,E0002785,S000136,EX03,Potential Duplicate Enrolment,Uniqueness,High,Open,,Pending investigation
X0000900,2026-04-13,E0002786,S003844,EX02,Missing LMS Unit Link,Completeness,High,Open,,Pending investigation
X0000901,2026-04-27,E0002786,S003844,EX02,Missing LMS Unit Link,Completeness,High,Resolved,2026-05-06,System correction
X0000902,2026-05-11,E0002786,S003844,EX02,Missing LMS Unit Link,Completeness,High,Resolved,2026-05-14,System correction
X0000903,2026-03-16,E0002789,S002261,EX01,Incomplete Contact Details,Completeness,Medium,Open,,Pending investigation
X0000904,2026-03-30,E0002789,S002261,EX01,Incomplete Contact Details,Completeness,Medium,Resolved,2026-04-06,Record remediation
X0000905,2026-04-13,E0002802,S003390,EX01,Incomplete Contact Details,Completeness,Medium,Open,,Pending investigation
X0000906,2026-03-02,E0002811,S002298,EX04,Withdrawal / Remediation Overlap,Consistency,Medium,Resolved,2026-03-10,Record remediation
X0000907,2026-03-30,E0002812,S000003,EX06,Fee/Product Validation,Validity,High,Resolved,2026-04-03,System correction
X0000908,2026-04-13,E0002817,S002933,EX01,Incomplete Contact Details,Completeness,Medium,Open,,Pending investigation
X0000909,2026-04-27,E0002817,S002933,EX01,Incomplete Contact Details,Completeness,Medium,Resolved,2026-04-29,Record remediation
X0000910,2026-03-02,E0002826,S000148,EX04,Withdrawal / Remediation Overlap,Consistency,Medium,Open,,Pending investigation
X0000911,2026-03-02,E0002835,S000785,EX02,Missing LMS Unit Link,Completeness,High,Resolved,2026-03-16,System correction
X0000912,2026-03-16,E0002835,S000785,EX02,Missing LMS Unit Link,Completeness,High,Resolved,2026-04-02,System correction
X0000913,2026-04-27,E0002839,S003190,EX03,Potential Duplicate Enrolment,Uniqueness,High,Resolved,2026-05-10,Record remediation
X0000914,2026-04-27,E0002846,S000805,EX02,Missing LMS Unit Link,Completeness,High,Open,,Pending investigation
X0000915,2026-04-27,E0002847,S003950,EX07,Incomplete Enrolment,Completeness,Medium,Resolved,2026-05-05,Record remediation
X0000916,2026-03-16,E0002848,S002097,EX01,Incomplete Contact Details,Completeness,Medium,Resolved,2026-03-23,Record remediation
X0000917,2026-03-16,E0002850,S001691,EX06,Fee/Product Validation,Validity,High,Resolved,2026-03-26,System correction
X0000918,2026-03-30,E0002855,S001185,EX01,Incomplete Contact Details,Completeness,Medium,Resolved,2026-04-12,Record remediation
X0000919,2026-04-27,E0002861,S002766,EX06,Fee/Product Validation,Validity,High,Resolved,2026-05-06,System correction
X0000920,2026-04-27,E0002871,S002639,EX06,Fee/Product Validation,Validity,High,Resolved,2026-05-02,System correction
X0000921,2026-04-27,E0002873,S002857,EX06,Fee/Product Validation,Validity,High,Resolved,2026-05-03,System correction
X0000922,2026-03-30,E0002876,S002559,EX07,Incomplete Enrolment,Completeness,Medium,Resolved,2026-04-13,Record remediation
X0000923,2026-03-02,E0002879,S000045,EX06,Fee/Product Validation,Validity,High,Resolved,2026-03-15,System correction
X0000924,2026-04-27,E0002881,S003944,EX04,Withdrawal / Remediation Overlap,Consistency,Medium,Resolved,2026-05-04,Record remediation
X0000925,2026-04-13,E0002889,S002796,EX04,Withdrawal / Remediation Overlap,Consistency,Medium,Open,,Pending investigation
X0000926,2026-04-13,E0002891,S000862,EX05,Legacy Migration Mismatch,Consistency,High,Open,,Pending investigation
X0000927,2026-04-27,E0002891,S000862,EX05,Legacy Migration Mismatch,Consistency,High,Open,,Pending investigation
X0000928,2026-03-30,E0002896,S003905,EX02,Missing LMS Unit Link,Completeness,High,Resolved,2026-04-16,System correction
X0000929,2026-04-27,E0002900,S003022,EX04,Withdrawal / Remediation Overlap,Consistency,Medium,Resolved,2026-05-15,Record remediation
X0000930,2026-04-27,E0002908,S003816,EX07,Incomplete Enrolment,Completeness,Medium,Resolved,2026-05-09,Record remediation
X0000931,2026-04-27,E0002920,S000328,EX04,Withdrawal / Remediation Overlap,Consistency,Medium,Open,,Pending investigation
X0000932,2026-03-16,E0002921,S003150,EX04,Withdrawal / Remediation Overlap,Consistency,Medium,Open,,Pending investigation
X0000933,2026-03-16,E0002931,S003175,EX06,Fee/Product Validation,Validity,High,Resolved,2026-03-21,System correction
X0000934,2026-03-30,E0002938,S000126,EX01,Incomplete Contact Details,Completeness,Medium,Resolved,2026-04-12,Record remediation
X0000935,2026-04-13,E0002941,S000920,EX07,Incomplete Enrolment,Completeness,Medium,Resolved,2026-04-14,Record remediation
X0000936,2026-03-16,E0002961,S002684,EX07,Incomplete Enrolment,Completeness,Medium,Resolved,2026-03-29,Record remediation
X0000937,2026-03-30,E0002963,S003225,EX06,Fee/Product Validation,Validity,High,Resolved,2026-04-09,System correction
X0000938,2026-03-30,E0002963,S003225,EX01,Incomplete Contact Details,Completeness,Medium,Resolved,2026-04-01,Record remediation
X0000939,2026-03-16,E0002967,S003536,EX01,Incomplete Contact Details,Completeness,Medium,Open,,Pending investigation
X0000940,2026-03-30,E0002975,S000173,EX02,Missing LMS Unit Link,Completeness,High,Open,,Pending investigation
X0000941,2026-04-13,E0002975,S000173,EX02,Missing LMS Unit Link,Completeness,High,Open,,Pending investigation
X0000942,2026-04-27,E0002975,S000173,EX02,Missing LMS Unit Link,Completeness,High,Open,,Pending investigation
X0000943,2026-04-13,E0002977,S002375,EX01,Incomplete Contact Details,Completeness,Medium,Open,,Pending investigation
X0000944,2026-04-27,E0002979,S002070,EX04,Withdrawal / Remediation Overlap,Consistency,Medium,Resolved,2026-05-14,Record remediation
X0000945,2026-04-13,E0002985,S001886,EX03,Potential Duplicate Enrolment,Uniqueness,High,Resolved,2026-04-21,Record remediation
X0000946,2026-03-02,E0002990,S001691,EX05,Legacy Migration Mismatch,Consistency,High,Resolved,2026-03-06,System correction
X0000947,2026-03-16,E0002990,S001691,EX05,Legacy Migration Mismatch,Consistency,High,Resolved,2026-03-27,System correction
X0000948,2026-03-30,E0002990,S001691,EX05,Legacy Migration Mismatch,Consistency,High,Open,,Pending investigation
X0000949,2026-03-02,E0002993,S002295,EX06,Fee/Product Validation,Validity,High,Open,,Pending investigation
X0000950,2026-03-02,E0002999,S000224,EX01,Incomplete Contact Details,Completeness,Medium,Resolved,2026-03-16,Record remediation
X0000951,2026-03-30,E0003000,S001980,EX01,Incomplete Contact Details,Completeness,Medium,Resolved,2026-04-02,Record remediation
X0000952,2026-03-02,E0003001,S000258,EX01,Incomplete Contact Details,Completeness,Medium,Resolved,2026-03-10,Record remediation
X0000953,2026-03-30,E0003004,S000335,EX03,Potential Duplicate Enrolment,Uniqueness,High,Open,,Pending investigation
X0000954,2026-04-27,E0003005,S003145,EX07,Incomplete Enrolment,Completeness,Medium,Resolved,2026-05-02,Record remediation
X0000955,2026-03-16,E0003011,S001769,EX05,Legacy Migration Mismatch,Consistency,High,Open,,Pending investigation
X0000956,2026-03-30,E0003011,S001769,EX05,Legacy Migration Mismatch,Consistency,High,Resolved,2026-04-11,System correction
X0000957,2026-03-02,E0003012,S000436,EX07,Incomplete Enrolment,Completeness,Medium,Open,,Pending investigation
X0000958,2026-03-30,E0003012,S000436,EX01,Incomplete Contact Details,Completeness,Medium,Resolved,2026-03-31,Record remediation
X0000959,2026-03-16,E0003014,S003598,EX07,Incomplete Enrolment,Completeness,Medium,Resolved,2026-03-24,Record remediation
X0000960,2026-03-30,E0003023,S001259,EX01,Incomplete Contact Details,Completeness,Medium,Open,,Pending investigation
X0000961,2026-04-13,E0003023,S001259,EX01,Incomplete Contact Details,Completeness,Medium,Resolved,2026-04-17,Record remediation
X0000962,2026-03-30,E0003030,S003259,EX01,Incomplete Contact Details,Completeness,Medium,Resolved,2026-03-31,Record remediation
X0000963,2026-03-30,E0003032,S001497,EX01,Incomplete Contact Details,Completeness,Medium,Open,,Pending investigation
X0000964,2026-03-02,E0003033,S003568,EX06,Fee/Product Validation,Validity,High,Resolved,2026-03-12,System correction
X0000965,2026-03-16,E0003033,S003568,EX06,Fee/Product Validation,Validity,High,Open,,Pending investigation
X0000966,2026-04-13,E0003038,S003211,EX03,Potential Duplicate Enrolment,Uniqueness,High,Open,,Pending investigation
X0000967,2026-03-02,E0003060,S002478,EX06,Fee/Product Validation,Validity,High,Resolved,2026-03-05,System correction
X0000968,2026-04-13,E0003066,S003016,EX03,Potential Duplicate Enrolment,Uniqueness,High,Resolved,2026-04-28,Record remediation
X0000969,2026-03-02,E0003066,S003016,EX04,Withdrawal / Remediation Overlap,Consistency,Medium,Resolved,2026-03-19,Record remediation
X0000970,2026-03-02,E0003068,S002590,EX07,Incomplete Enrolment,Completeness,Medium,Resolved,2026-03-18,Record remediation
X0000971,2026-04-27,E0003069,S002691,EX07,Incomplete Enrolment,Completeness,Medium,Resolved,2026-05-15,Record remediation
X0000972,2026-03-02,E0003075,S001315,EX06,Fee/Product Validation,Validity,High,Resolved,2026-03-20,System correction
X0000973,2026-04-27,E0003078,S003730,EX01,Incomplete Contact Details,Completeness,Medium,Resolved,2026-05-04,Record remediation
X0000974,2026-04-13,E0003080,S003832,EX05,Legacy Migration Mismatch,Consistency,High,Resolved,2026-04-28,System correction
X0000975,2026-04-13,E0003085,S001605,EX06,Fee/Product Validation,Validity,High,Resolved,2026-04-23,System correction
X0000976,2026-04-13,E0003091,S001050,EX06,Fee/Product Validation,Validity,High,Resolved,2026-04-21,System correction
X0000977,2026-03-02,E0003093,S001409,EX02,Missing LMS Unit Link,Completeness,High,Resolved,2026-03-16,System correction
X0000978,2026-04-13,E0003107,S003398,EX06,Fee/Product Validation,Validity,High,Resolved,2026-04-26,System correction
X0000979,2026-03-02,E0003109,S002348,EX02,Missing LMS Unit Link,Completeness,High,Open,,Pending investigation
X0000980,2026-04-27,E0003111,S003734,EX04,Withdrawal / Remediation Overlap,Consistency,Medium,Resolved,2026-05-09,Record remediation
X0000981,2026-04-13,E0003112,S003973,EX07,Incomplete Enrolment,Completeness,Medium,Resolved,2026-04-24,Record remediation
X0000982,2026-03-16,E0003119,S003599,EX01,Incomplete Contact Details,Completeness,Medium,Resolved,2026-03-21,Record remediation
X0000983,2026-04-27,E0003120,S001720,EX02,Missing LMS Unit Link,Completeness,High,Resolved,2026-05-06,System correction
X0000984,2026-05-11,E0003120,S001720,EX02,Missing LMS Unit Link,Completeness,High,Resolved,2026-05-28,System correction
X0000985,2026-03-30,E0003121,S000942,EX01,Incomplete Contact Details,Completeness,Medium,Resolved,2026-04-10,Record remediation
X0000986,2026-03-02,E0003121,S000942,EX04,Withdrawal / Remediation Overlap,Consistency,Medium,Open,,Pending investigation
X0000987,2026-03-16,E0003121,S000942,EX04,Withdrawal / Remediation Overlap,Consistency,Medium,Resolved,2026-03-25,Record remediation
X0000988,2026-03-16,E0003122,S000562,EX06,Fee/Product Validation,Validity,High,Open,,Pending investigation
X0000989,2026-04-27,E0003124,S003831,EX01,Incomplete Contact Details,Completeness,Medium,Resolved,2026-05-14,Record remediation
X0000990,2026-04-27,E0003126,S001047,EX06,Fee/Product Validation,Validity,High,Resolved,2026-05-12,System correction
X0000991,2026-04-13,E0003129,S000585,EX07,Incomplete Enrolment,Completeness,Medium,Resolved,2026-04-14,Record remediation
X0000992,2026-04-13,E0003133,S001062,EX04,Withdrawal / Remediation Overlap,Consistency,Medium,Resolved,2026-05-01,Record remediation
X0000993,2026-03-16,E0003134,S001578,EX01,Incomplete Contact Details,Completeness,Medium,Resolved,2026-03-22,Record remediation
X0000994,2026-03-30,E0003136,S002854,EX03,Potential Duplicate Enrolment,Uniqueness,High,Resolved,2026-04-02,Record remediation
X0000995,2026-04-27,E0003137,S003105,EX04,Withdrawal / Remediation Overlap,Consistency,Medium,Open,,Pending investigation
X0000996,2026-04-27,E0003138,S001598,EX04,Withdrawal / Remediation Overlap,Consistency,Medium,Open,,Pending investigation
X0000997,2026-05-11,E0003138,S001598,EX04,Withdrawal / Remediation Overlap,Consistency,Medium,Open,,Pending investigation
X0000998,2026-03-16,E0003154,S000633,EX02,Missing LMS Unit Link,Completeness,High,Open,,Pending investigation
X0000999,2026-03-30,E0003154,S000633,EX02,Missing LMS Unit Link,Completeness,High,Resolved,2026-04-05,System correction
X0001000,2026-03-30,E0003154,S000633,EX01,Incomplete Contact Details,Completeness,Medium,Resolved,2026-04-08,Record remediation
X0001001,2026-04-13,E0003154,S000633,EX01,Incomplete Contact Details,Completeness,Medium,Open,,Pending investigation
X0001002,2026-03-30,E0003164,S001217,EX03,Potential Duplicate Enrolment,Uniqueness,High,Resolved,2026-04-05,Record remediation
X0001003,2026-04-27,E0003167,S002619,EX02,Missing LMS Unit Link,Completeness,High,Resolved,2026-05-14,System correction
X0001004,2026-05-11,E0003167,S002619,EX02,Missing LMS Unit Link,Completeness,High,Open,,Pending investigation
X0001005,2026-05-11,E0003167,S002619,EX02,Missing LMS Unit Link,Completeness,High,Resolved,2026-05-22,System correction
X0001006,2026-04-27,E0003169,S003952,EX01,Incomplete Contact Details,Completeness,Medium,Resolved,2026-05-05,Record remediation
X0001007,2026-03-16,E0003170,S004093,EX01,Incomplete Contact Details,Completeness,Medium,Resolved,2026-03-23,Record remediation
X0001008,2026-03-16,E0003173,S002265,EX06,Fee/Product Validation,Validity,High,Open,,Pending investigation
X0001009,2026-04-27,E0003180,S002405,EX03,Potential Duplicate Enrolment,Uniqueness,High,Resolved,2026-05-12,Record remediation
X0001010,2026-03-16,E0003189,S001095,EX02,Missing LMS Unit Link,Completeness,High,Resolved,2026-03-22,System correction
X0001011,2026-03-30,E0003189,S001095,EX02,Missing LMS Unit Link,Completeness,High,Resolved,2026-04-13,System correction
X0001012,2026-03-16,E0003191,S003158,EX07,Incomplete Enrolment,Completeness,Medium,Resolved,2026-04-01,Record remediation
X0001013,2026-03-30,E0003191,S003158,EX07,Incomplete Enrolment,Completeness,Medium,Resolved,2026-03-31,Record remediation
X0001014,2026-04-27,E0003195,S002567,EX06,Fee/Product Validation,Validity,High,Resolved,2026-05-12,System correction
X0001015,2026-03-16,E0003198,S000651,EX04,Withdrawal / Remediation Overlap,Consistency,Medium,Resolved,2026-03-22,Record remediation
X0001016,2026-04-27,E0003199,S004038,EX05,Legacy Migration Mismatch,Consistency,High,Resolved,2026-04-28,System correction
X0001017,2026-05-11,E0003199,S004038,EX05,Legacy Migration Mismatch,Consistency,High,Open,,Pending investigation
X0001018,2026-03-02,E0003199,S004038,EX03,Potential Duplicate Enrolment,Uniqueness,High,Resolved,2026-03-20,Record remediation
X0001019,2026-03-30,E0003202,S001660,EX06,Fee/Product Validation,Validity,High,Resolved,2026-04-13,System correction
X0001020,2026-03-30,E0003202,S001660,EX01,Incomplete Contact Details,Completeness,Medium,Open,,Pending investigation
X0001021,2026-04-13,E0003202,S001660,EX01,Incomplete Contact Details,Completeness,Medium,Open,,Pending investigation
X0001022,2026-03-16,E0003206,S002703,EX02,Missing LMS Unit Link,Completeness,High,Resolved,2026-03-18,System correction
X0001023,2026-03-02,E0003206,S002703,EX03,Potential Duplicate Enrolment,Uniqueness,High,Open,,Pending investigation
X0001024,2026-03-02,E0003209,S002655,EX03,Potential Duplicate Enrolment,Uniqueness,High,Resolved,2026-03-16,Record remediation
X0001025,2026-03-30,E0003214,S000049,EX01,Incomplete Contact Details,Completeness,Medium,Open,,Pending investigation
X0001026,2026-03-02,E0003219,S003474,EX07,Incomplete Enrolment,Completeness,Medium,Resolved,2026-03-08,Record remediation
X0001027,2026-03-16,E0003219,S003474,EX07,Incomplete Enrolment,Completeness,Medium,Resolved,2026-03-19,Record remediation
X0001028,2026-04-27,E0003220,S000482,EX06,Fee/Product Validation,Validity,High,Open,,Pending investigation
X0001029,2026-03-16,E0003224,S000841,EX05,Legacy Migration Mismatch,Consistency,High,Open,,Pending investigation
X0001030,2026-03-30,E0003224,S000841,EX05,Legacy Migration Mismatch,Consistency,High,Open,,Pending investigation
X0001031,2026-04-13,E0003224,S000841,EX05,Legacy Migration Mismatch,Consistency,High,Resolved,2026-04-14,System correction
X0001032,2026-03-02,E0003225,S001369,EX06,Fee/Product Validation,Validity,High,Open,,Pending investigation
X0001033,2026-03-16,E0003225,S001369,EX06,Fee/Product Validation,Validity,High,Resolved,2026-03-20,System correction
X0001034,2026-04-27,E0003231,S003357,EX01,Incomplete Contact Details,Completeness,Medium,Resolved,2026-05-02,Record remediation
X0001035,2026-03-02,E0003241,S003760,EX01,Incomplete Contact Details,Completeness,Medium,Open,,Pending investigation
X0001036,2026-04-13,E0003242,S002803,EX02,Missing LMS Unit Link,Completeness,High,Open,,Pending investigation
X0001037,2026-03-30,E0003245,S002950,EX06,Fee/Product Validation,Validity,High,Open,,Pending investigation
X0001038,2026-04-27,E0003257,S003783,EX03,Potential Duplicate Enrolment,Uniqueness,High,Resolved,2026-05-11,Record remediation
X0001039,2026-04-13,E0003264,S000608,EX01,Incomplete Contact Details,Completeness,Medium,Resolved,2026-04-23,Record remediation
X0001040,2026-03-02,E0003275,S002448,EX04,Withdrawal / Remediation Overlap,Consistency,Medium,Resolved,2026-03-03,Record remediation
X0001041,2026-03-16,E0003292,S001191,EX02,Missing LMS Unit Link,Completeness,High,Resolved,2026-04-02,System correction
X0001042,2026-03-02,E0003299,S003157,EX06,Fee/Product Validation,Validity,High,Resolved,2026-03-18,System correction
X0001043,2026-04-27,E0003300,S003099,EX07,Incomplete Enrolment,Completeness,Medium,Open,,Pending investigation
X0001044,2026-05-11,E0003300,S003099,EX07,Incomplete Enrolment,Completeness,Medium,Resolved,2026-05-27,Record remediation
X0001045,2026-04-13,E0003303,S002796,EX06,Fee/Product Validation,Validity,High,Open,,Pending investigation
X0001046,2026-04-13,E0003304,S003570,EX01,Incomplete Contact Details,Completeness,Medium,Resolved,2026-04-21,Record remediation
X0001047,2026-03-30,E0003307,S002622,EX01,Incomplete Contact Details,Completeness,Medium,Resolved,2026-04-06,Record remediation
X0001048,2026-04-13,E0003311,S001712,EX02,Missing LMS Unit Link,Completeness,High,Open,,Pending investigation
X0001049,2026-04-27,E0003311,S001712,EX02,Missing LMS Unit Link,Completeness,High,Open,,Pending investigation
X0001050,2026-05-11,E0003311,S001712,EX02,Missing LMS Unit Link,Completeness,High,Open,,Pending investigation
X0001051,2026-03-16,E0003313,S000554,EX01,Incomplete Contact Details,Completeness,Medium,Resolved,2026-03-25,Record remediation
X0001052,2026-03-02,E0003313,S000554,EX03,Potential Duplicate Enrolment,Uniqueness,High,Resolved,2026-03-20,Record remediation
X0001053,2026-03-16,E0003314,S000708,EX06,Fee/Product Validation,Validity,High,Resolved,2026-03-17,System correction
X0001054,2026-03-02,E0003317,S003921,EX01,Incomplete Contact Details,Completeness,Medium,Open,,Pending investigation
X0001055,2026-03-16,E0003319,S002549,EX04,Withdrawal / Remediation Overlap,Consistency,Medium,Resolved,2026-03-21,Record remediation
X0001056,2026-03-30,E0003320,S002792,EX01,Incomplete Contact Details,Completeness,Medium,Open,,Pending investigation
X0001057,2026-04-27,E0003326,S001966,EX01,Incomplete Contact Details,Completeness,Medium,Resolved,2026-04-29,Record remediation
X0001058,2026-04-27,E0003333,S000850,EX01,Incomplete Contact Details,Completeness,Medium,Resolved,2026-05-14,Record remediation
X0001059,2026-03-16,E0003336,S002094,EX01,Incomplete Contact Details,Completeness,Medium,Resolved,2026-03-24,Record remediation
X0001060,2026-03-02,E0003337,S003238,EX01,Incomplete Contact Details,Completeness,Medium,Open,,Pending investigation
X0001061,2026-04-13,E0003338,S002097,EX01,Incomplete Contact Details,Completeness,Medium,Resolved,2026-04-21,Record remediation
X0001062,2026-03-16,E0003341,S004086,EX01,Incomplete Contact Details,Completeness,Medium,Resolved,2026-03-31,Record remediation
X0001063,2026-04-27,E0003342,S000901,EX01,Incomplete Contact Details,Completeness,Medium,Resolved,2026-04-30,Record remediation
X0001064,2026-04-13,E0003348,S000521,EX02,Missing LMS Unit Link,Completeness,High,Open,,Pending investigation
X0001065,2026-04-27,E0003353,S000138,EX04,Withdrawal / Remediation Overlap,Consistency,Medium,Resolved,2026-05-05,Record remediation
X0001066,2026-04-13,E0003354,S000644,EX07,Incomplete Enrolment,Completeness,Medium,Open,,Pending investigation
X0001067,2026-03-16,E0003357,S002742,EX04,Withdrawal / Remediation Overlap,Consistency,Medium,Open,,Pending investigation
X0001068,2026-03-02,E0003358,S003099,EX03,Potential Duplicate Enrolment,Uniqueness,High,Resolved,2026-03-09,Record remediation
X0001069,2026-03-16,E0003359,S001182,EX06,Fee/Product Validation,Validity,High,Resolved,2026-03-27,System correction
X0001070,2026-03-30,E0003377,S002546,EX06,Fee/Product Validation,Validity,High,Resolved,2026-04-05,System correction
X0001071,2026-04-27,E0003379,S000692,EX05,Legacy Migration Mismatch,Consistency,High,Open,,Pending investigation
X0001072,2026-05-11,E0003379,S000692,EX05,Legacy Migration Mismatch,Consistency,High,Open,,Pending investigation
X0001073,2026-05-11,E0003379,S000692,EX05,Legacy Migration Mismatch,Consistency,High,Resolved,2026-05-28,System correction
X0001074,2026-03-02,E0003380,S004051,EX01,Incomplete Contact Details,Completeness,Medium,Resolved,2026-03-07,Record remediation
X0001075,2026-03-16,E0003380,S004051,EX03,Potential Duplicate Enrolment,Uniqueness,High,Open,,Pending investigation
X0001076,2026-03-16,E0003381,S001786,EX01,Incomplete Contact Details,Completeness,Medium,Open,,Pending investigation
X0001077,2026-03-16,E0003383,S003014,EX06,Fee/Product Validation,Validity,High,Open,,Pending investigation
X0001078,2026-04-13,E0003383,S003014,EX01,Incomplete Contact Details,Completeness,Medium,Resolved,2026-04-19,Record remediation
X0001079,2026-03-02,E0003384,S001985,EX02,Missing LMS Unit Link,Completeness,High,Open,,Pending investigation
X0001080,2026-03-16,E0003384,S001985,EX02,Missing LMS Unit Link,Completeness,High,Resolved,2026-03-30,System correction
X0001081,2026-03-16,E0003385,S002473,EX06,Fee/Product Validation,Validity,High,Open,,Pending investigation
X0001082,2026-03-02,E0003387,S000059,EX07,Incomplete Enrolment,Completeness,Medium,Resolved,2026-03-11,Record remediation
X0001083,2026-04-13,E0003387,S000059,EX03,Potential Duplicate Enrolment,Uniqueness,High,Open,,Pending investigation
X0001084,2026-03-16,E0003391,S001307,EX03,Potential Duplicate Enrolment,Uniqueness,High,Open,,Pending investigation
X0001085,2026-03-02,E0003393,S000487,EX03,Potential Duplicate Enrolment,Uniqueness,High,Open,,Pending investigation
X0001086,2026-03-16,E0003393,S000487,EX03,Potential Duplicate Enrolment,Uniqueness,High,Open,,Pending investigation
X0001087,2026-03-02,E0003394,S002124,EX04,Withdrawal / Remediation Overlap,Consistency,Medium,Resolved,2026-03-14,Record remediation
X0001088,2026-03-16,E0003400,S002985,EX04,Withdrawal / Remediation Overlap,Consistency,Medium,Resolved,2026-03-30,Record remediation
X0001089,2026-04-27,E0003401,S000007,EX04,Withdrawal / Remediation Overlap,Consistency,Medium,Resolved,2026-05-12,Record remediation
X0001090,2026-04-13,E0003405,S003378,EX02,Missing LMS Unit Link,Completeness,High,Resolved,2026-04-25,System correction
X0001091,2026-04-27,E0003405,S003378,EX02,Missing LMS Unit Link,Completeness,High,Open,,Pending investigation
X0001092,2026-05-11,E0003405,S003378,EX02,Missing LMS Unit Link,Completeness,High,Open,,Pending investigation
X0001093,2026-03-30,E0003407,S000543,EX03,Potential Duplicate Enrolment,Uniqueness,High,Open,,Pending investigation
X0001094,2026-03-30,E0003408,S001897,EX02,Missing LMS Unit Link,Completeness,High,Open,,Pending investigation
X0001095,2026-04-13,E0003408,S001897,EX02,Missing LMS Unit Link,Completeness,High,Open,,Pending investigation
X0001096,2026-04-27,E0003408,S001897,EX02,Missing LMS Unit Link,Completeness,High,Resolved,2026-05-12,System correction
X0001097,2026-04-27,E0003409,S002588,EX05,Legacy Migration Mismatch,Consistency,High,Open,,Pending investigation
X0001098,2026-05-11,E0003409,S002588,EX05,Legacy Migration Mismatch,Consistency,High,Resolved,2026-05-16,System correction
X0001099,2026-05-11,E0003409,S002588,EX05,Legacy Migration Mismatch,Consistency,High,Open,,Pending investigation
X0001100,2026-03-16,E0003409,S002588,EX04,Withdrawal / Remediation Overlap,Consistency,Medium,Resolved,2026-03-29,Record remediation
X0001101,2026-03-02,E0003410,S000920,EX02,Missing LMS Unit Link,Completeness,High,Resolved,2026-03-06,System correction
X0001102,2026-03-02,E0003414,S004180,EX05,Legacy Migration Mismatch,Consistency,High,Open,,Pending investigation
X0001103,2026-03-16,E0003414,S004180,EX05,Legacy Migration Mismatch,Consistency,High,Open,,Pending investigation
X0001104,2026-03-30,E0003417,S000105,EX05,Legacy Migration Mismatch,Consistency,High,Open,,Pending investigation
X0001105,2026-04-13,E0003417,S000105,EX05,Legacy Migration Mismatch,Consistency,High,Open,,Pending investigation
X0001106,2026-04-27,E0003418,S001785,EX01,Incomplete Contact Details,Completeness,Medium,Open,,Pending investigation
X0001107,2026-04-13,E0003420,S002092,EX02,Missing LMS Unit Link,Completeness,High,Open,,Pending investigation
X0001108,2026-03-16,E0003422,S003811,EX02,Missing LMS Unit Link,Completeness,High,Resolved,2026-04-01,System correction
X0001109,2026-03-16,E0003428,S000151,EX03,Potential Duplicate Enrolment,Uniqueness,High,Resolved,2026-03-31,Record remediation
X0001110,2026-03-16,E0003431,S000107,EX01,Incomplete Contact Details,Completeness,Medium,Resolved,2026-03-18,Record remediation
X0001111,2026-03-30,E0003436,S000724,EX01,Incomplete Contact Details,Completeness,Medium,Resolved,2026-04-05,Record remediation
X0001112,2026-03-16,E0003443,S001605,EX07,Incomplete Enrolment,Completeness,Medium,Open,,Pending investigation
X0001113,2026-03-30,E0003446,S003055,EX06,Fee/Product Validation,Validity,High,Open,,Pending investigation
X0001114,2026-04-13,E0003446,S003055,EX06,Fee/Product Validation,Validity,High,Resolved,2026-04-20,System correction
X0001115,2026-04-27,E0003449,S003443,EX06,Fee/Product Validation,Validity,High,Open,,Pending investigation
X0001116,2026-04-13,E0003449,S003443,EX04,Withdrawal / Remediation Overlap,Consistency,Medium,Open,,Pending investigation
X0001117,2026-04-27,E0003449,S003443,EX04,Withdrawal / Remediation Overlap,Consistency,Medium,Resolved,2026-05-12,Record remediation
X0001118,2026-04-13,E0003450,S003894,EX06,Fee/Product Validation,Validity,High,Open,,Pending investigation
X0001119,2026-04-27,E0003450,S003894,EX06,Fee/Product Validation,Validity,High,Open,,Pending investigation
X0001120,2026-03-30,E0003455,S003392,EX02,Missing LMS Unit Link,Completeness,High,Resolved,2026-04-07,System correction
X0001121,2026-04-13,E0003456,S000971,EX04,Withdrawal / Remediation Overlap,Consistency,Medium,Resolved,2026-04-19,Record remediation
X0001122,2026-04-13,E0003459,S001269,EX06,Fee/Product Validation,Validity,High,Open,,Pending investigation
X0001123,2026-03-02,E0003463,S001971,EX06,Fee/Product Validation,Validity,High,Resolved,2026-03-15,System correction
X0001124,2026-03-30,E0003466,S000343,EX04,Withdrawal / Remediation Overlap,Consistency,Medium,Resolved,2026-04-03,Record remediation
X0001125,2026-03-16,E0003471,S002956,EX03,Potential Duplicate Enrolment,Uniqueness,High,Open,,Pending investigation
X0001126,2026-04-27,E0003472,S003054,EX01,Incomplete Contact Details,Completeness,Medium,Resolved,2026-05-12,Record remediation
X0001127,2026-03-30,E0003482,S003624,EX01,Incomplete Contact Details,Completeness,Medium,Resolved,2026-04-08,Record remediation
X0001128,2026-04-13,E0003486,S002100,EX03,Potential Duplicate Enrolment,Uniqueness,High,Open,,Pending investigation
X0001129,2026-04-13,E0003492,S002588,EX06,Fee/Product Validation,Validity,High,Open,,Pending investigation
X0001130,2026-04-13,E0003493,S003781,EX01,Incomplete Contact Details,Completeness,Medium,Resolved,2026-04-19,Record remediation
X0001131,2026-03-30,E0003497,S000173,EX05,Legacy Migration Mismatch,Consistency,High,Open,,Pending investigation
X0001132,2026-04-13,E0003497,S000173,EX05,Legacy Migration Mismatch,Consistency,High,Resolved,2026-04-14,System correction
X0001133,2026-03-16,E0003498,S001504,EX03,Potential Duplicate Enrolment,Uniqueness,High,Resolved,2026-03-22,Record remediation
X0001134,2026-03-02,E0003510,S002989,EX04,Withdrawal / Remediation Overlap,Consistency,Medium,Resolved,2026-03-13,Record remediation
X0001135,2026-03-30,E0003511,S001145,EX03,Potential Duplicate Enrolment,Uniqueness,High,Resolved,2026-04-04,Record remediation
X0001136,2026-04-27,E0003512,S000834,EX06,Fee/Product Validation,Validity,High,Resolved,2026-05-14,System correction
X0001137,2026-03-30,E0003520,S002537,EX04,Withdrawal / Remediation Overlap,Consistency,Medium,Resolved,2026-04-09,Record remediation
X0001138,2026-03-16,E0003530,S003032,EX06,Fee/Product Validation,Validity,High,Resolved,2026-04-01,System correction
X0001139,2026-03-30,E0003530,S003032,EX06,Fee/Product Validation,Validity,High,Resolved,2026-04-03,System correction
X0001140,2026-03-16,E0003532,S002689,EX03,Potential Duplicate Enrolment,Uniqueness,High,Resolved,2026-03-24,Record remediation
X0001141,2026-04-13,E0003535,S003251,EX06,Fee/Product Validation,Validity,High,Open,,Pending investigation
X0001142,2026-04-27,E0003535,S003251,EX06,Fee/Product Validation,Validity,High,Resolved,2026-05-01,System correction
X0001143,2026-03-30,E0003543,S002432,EX06,Fee/Product Validation,Validity,High,Open,,Pending investigation
X0001144,2026-03-02,E0003546,S000821,EX02,Missing LMS Unit Link,Completeness,High,Open,,Pending investigation
X0001145,2026-03-16,E0003546,S000821,EX02,Missing LMS Unit Link,Completeness,High,Resolved,2026-03-22,System correction
X0001146,2026-03-16,E0003547,S002211,EX06,Fee/Product Validation,Validity,High,Resolved,2026-03-26,System correction
X0001147,2026-03-16,E0003565,S003562,EX05,Legacy Migration Mismatch,Consistency,High,Resolved,2026-03-19,System correction
X0001148,2026-03-02,E0003566,S001065,EX02,Missing LMS Unit Link,Completeness,High,Resolved,2026-03-16,System correction
X0001149,2026-03-16,E0003566,S001065,EX02,Missing LMS Unit Link,Completeness,High,Resolved,2026-03-27,System correction
X0001150,2026-04-13,E0003568,S000019,EX04,Withdrawal / Remediation Overlap,Consistency,Medium,Resolved,2026-04-23,Record remediation
X0001151,2026-04-13,E0003571,S004010,EX04,Withdrawal / Remediation Overlap,Consistency,Medium,Open,,Pending investigation
X0001152,2026-03-30,E0003574,S001421,EX06,Fee/Product Validation,Validity,High,Resolved,2026-04-01,System correction
X0001153,2026-04-13,E0003574,S001421,EX06,Fee/Product Validation,Validity,High,Resolved,2026-04-21,System correction
X0001154,2026-03-30,E0003574,S001421,EX01,Incomplete Contact Details,Completeness,Medium,Open,,Pending investigation
X0001155,2026-03-30,E0003576,S000361,EX01,Incomplete Contact Details,Completeness,Medium,Resolved,2026-04-04,Record remediation
X0001156,2026-04-27,E0003579,S003811,EX01,Incomplete Contact Details,Completeness,Medium,Resolved,2026-05-02,Record remediation
X0001157,2026-04-27,E0003581,S000630,EX06,Fee/Product Validation,Validity,High,Resolved,2026-05-07,System correction
X0001158,2026-04-13,E0003583,S003531,EX02,Missing LMS Unit Link,Completeness,High,Resolved,2026-04-24,System correction
X0001159,2026-03-16,E0003591,S002368,EX07,Incomplete Enrolment,Completeness,Medium,Resolved,2026-03-25,Record remediation
X0001160,2026-03-16,E0003591,S002368,EX05,Legacy Migration Mismatch,Consistency,High,Open,,Pending investigation
X0001161,2026-03-30,E0003591,S002368,EX05,Legacy Migration Mismatch,Consistency,High,Resolved,2026-04-17,System correction
X0001162,2026-03-02,E0003593,S003473,EX07,Incomplete Enrolment,Completeness,Medium,Resolved,2026-03-08,Record remediation
X0001163,2026-03-02,E0003596,S004019,EX03,Potential Duplicate Enrolment,Uniqueness,High,Resolved,2026-03-11,Record remediation
X0001164,2026-03-16,E0003596,S004019,EX03,Potential Duplicate Enrolment,Uniqueness,High,Resolved,2026-04-01,Record remediation
X0001165,2026-04-13,E0003598,S003948,EX03,Potential Duplicate Enrolment,Uniqueness,High,Open,,Pending investigation
X0001166,2026-04-13,E0003600,S003555,EX07,Incomplete Enrolment,Completeness,Medium,Open,,Pending investigation
X0001167,2026-04-27,E0003600,S003555,EX07,Incomplete Enrolment,Completeness,Medium,Resolved,2026-05-01,Record remediation
X0001168,2026-03-02,E0003602,S002852,EX06,Fee/Product Validation,Validity,High,Resolved,2026-03-13,System correction
X0001169,2026-03-30,E0003605,S002904,EX06,Fee/Product Validation,Validity,High,Resolved,2026-04-03,System correction
X0001170,2026-03-30,E0003616,S001418,EX03,Potential Duplicate Enrolment,Uniqueness,High,Open,,Pending investigation
X0001171,2026-04-13,E0003616,S001418,EX03,Potential Duplicate Enrolment,Uniqueness,High,Resolved,2026-04-17,Record remediation
X0001172,2026-03-30,E0003620,S002631,EX01,Incomplete Contact Details,Completeness,Medium,Open,,Pending investigation
X0001173,2026-04-13,E0003622,S003501,EX02,Missing LMS Unit Link,Completeness,High,Open,,Pending investigation
X0001174,2026-04-27,E0003622,S003501,EX02,Missing LMS Unit Link,Completeness,High,Resolved,2026-05-08,System correction
X0001175,2026-03-16,E0003625,S001830,EX06,Fee/Product Validation,Validity,High,Resolved,2026-03-19,System correction
X0001176,2026-03-30,E0003627,S003489,EX06,Fee/Product Validation,Validity,High,Resolved,2026-04-07,System correction
X0001177,2026-04-13,E0003629,S003942,EX03,Potential Duplicate Enrolment,Uniqueness,High,Resolved,2026-04-28,Record remediation
X0001178,2026-03-30,E0003631,S002319,EX01,Incomplete Contact Details,Completeness,Medium,Resolved,2026-04-13,Record remediation
X0001179,2026-04-27,E0003632,S003706,EX06,Fee/Product Validation,Validity,High,Resolved,2026-05-01,System correction
X0001180,2026-03-02,E0003636,S003166,EX02,Missing LMS Unit Link,Completeness,High,Open,,Pending investigation
X0001181,2026-03-16,E0003636,S003166,EX02,Missing LMS Unit Link,Completeness,High,Resolved,2026-03-18,System correction
X0001182,2026-03-16,E0003639,S000772,EX06,Fee/Product Validation,Validity,High,Resolved,2026-03-18,System correction
X0001183,2026-03-16,E0003639,S000772,EX01,Incomplete Contact Details,Completeness,Medium,Resolved,2026-03-20,Record remediation
X0001184,2026-03-30,E0003641,S003519,EX06,Fee/Product Validation,Validity,High,Open,,Pending investigation
X0001185,2026-04-27,E0003642,S000498,EX01,Incomplete Contact Details,Completeness,Medium,Resolved,2026-05-05,Record remediation
X0001186,2026-03-30,E0003646,S000698,EX07,Incomplete Enrolment,Completeness,Medium,Open,,Pending investigation
X0001187,2026-04-27,E0003646,S000698,EX06,Fee/Product Validation,Validity,High,Open,,Pending investigation
X0001188,2026-03-16,E0003646,S000698,EX03,Potential Duplicate Enrolment,Uniqueness,High,Resolved,2026-03-25,Record remediation
X0001189,2026-04-27,E0003647,S003399,EX06,Fee/Product Validation,Validity,High,Open,,Pending investigation
X0001190,2026-03-02,E0003649,S003702,EX02,Missing LMS Unit Link,Completeness,High,Open,,Pending investigation
X0001191,2026-03-16,E0003649,S003702,EX02,Missing LMS Unit Link,Completeness,High,Resolved,2026-03-31,System correction
X0001192,2026-03-30,E0003649,S003702,EX02,Missing LMS Unit Link,Completeness,High,Resolved,2026-04-12,System correction
X0001193,2026-03-16,E0003651,S001189,EX06,Fee/Product Validation,Validity,High,Resolved,2026-03-21,System correction
X0001194,2026-03-02,E0003652,S001450,EX03,Potential Duplicate Enrolment,Uniqueness,High,Resolved,2026-03-14,Record remediation
X0001195,2026-03-16,E0003657,S001729,EX04,Withdrawal / Remediation Overlap,Consistency,Medium,Resolved,2026-03-20,Record remediation
X0001196,2026-03-16,E0003660,S003790,EX01,Incomplete Contact Details,Completeness,Medium,Open,,Pending investigation
X0001197,2026-03-30,E0003660,S003790,EX01,Incomplete Contact Details,Completeness,Medium,Resolved,2026-04-11,Record remediation
X0001198,2026-03-16,E0003662,S003207,EX03,Potential Duplicate Enrolment,Uniqueness,High,Open,,Pending investigation
X0001199,2026-03-30,E0003665,S002097,EX04,Withdrawal / Remediation Overlap,Consistency,Medium,Resolved,2026-04-13,Record remediation
X0001200,2026-04-13,E0003665,S002097,EX04,Withdrawal / Remediation Overlap,Consistency,Medium,Resolved,2026-04-19,Record remediation
X0001201,2026-04-13,E0003673,S001090,EX03,Potential Duplicate Enrolment,Uniqueness,High,Resolved,2026-04-15,Record remediation
X0001202,2026-04-13,E0003677,S002785,EX06,Fee/Product Validation,Validity,High,Open,,Pending investigation
X0001203,2026-03-16,E0003679,S001349,EX01,Incomplete Contact Details,Completeness,Medium,Resolved,2026-03-19,Record remediation
X0001204,2026-03-16,E0003683,S002874,EX05,Legacy Migration Mismatch,Consistency,High,Resolved,2026-03-25,System correction
X0001205,2026-04-27,E0003683,S002874,EX04,Withdrawal / Remediation Overlap,Consistency,Medium,Resolved,2026-05-12,Record remediation
X0001206,2026-03-16,E0003690,S000568,EX06,Fee/Product Validation,Validity,High,Open,,Pending investigation
X0001207,2026-04-13,E0003691,S001226,EX01,Incomplete Contact Details,Completeness,Medium,Resolved,2026-04-22,Record remediation
X0001208,2026-04-13,E0003695,S003495,EX06,Fee/Product Validation,Validity,High,Resolved,2026-04-27,System correction
X0001209,2026-04-27,E0003700,S001761,EX02,Missing LMS Unit Link,Completeness,High,Resolved,2026-04-30,System correction
X0001210,2026-05-11,E0003700,S001761,EX02,Missing LMS Unit Link,Completeness,High,Resolved,2026-05-20,System correction
X0001211,2026-05-11,E0003700,S001761,EX02,Missing LMS Unit Link,Completeness,High,Open,,Pending investigation
X0001212,2026-04-27,E0003704,S000042,EX02,Missing LMS Unit Link,Completeness,High,Resolved,2026-05-02,System correction
X0001213,2026-04-27,E0003706,S003617,EX02,Missing LMS Unit Link,Completeness,High,Resolved,2026-05-12,System correction
X0001214,2026-05-11,E0003706,S003617,EX02,Missing LMS Unit Link,Completeness,High,Resolved,2026-05-17,System correction
X0001215,2026-05-11,E0003706,S003617,EX02,Missing LMS Unit Link,Completeness,High,Open,,Pending investigation
X0001216,2026-03-16,E0003715,S001449,EX02,Missing LMS Unit Link,Completeness,High,Resolved,2026-03-27,System correction
X0001217,2026-03-30,E0003715,S001449,EX02,Missing LMS Unit Link,Completeness,High,Resolved,2026-04-01,System correction
X0001218,2026-04-27,E0003717,S000014,EX01,Incomplete Contact Details,Completeness,Medium,Open,,Pending investigation
X0001219,2026-03-30,E0003718,S002180,EX01,Incomplete Contact Details,Completeness,Medium,Resolved,2026-04-17,Record remediation
X0001220,2026-03-02,E0003719,S002099,EX01,Incomplete Contact Details,Completeness,Medium,Resolved,2026-03-15,Record remediation
X0001221,2026-03-02,E0003726,S003091,EX01,Incomplete Contact Details,Completeness,Medium,Open,,Pending investigation
X0001222,2026-03-30,E0003728,S003868,EX07,Incomplete Enrolment,Completeness,Medium,Resolved,2026-04-11,Record remediation
X0001223,2026-04-13,E0003730,S000667,EX06,Fee/Product Validation,Validity,High,Open,,Pending investigation
X0001224,2026-04-27,E0003730,S000667,EX04,Withdrawal / Remediation Overlap,Consistency,Medium,Open,,Pending investigation
X0001225,2026-03-30,E0003736,S000803,EX06,Fee/Product Validation,Validity,High,Resolved,2026-04-01,System correction
X0001226,2026-03-30,E0003738,S002014,EX03,Potential Duplicate Enrolment,Uniqueness,High,Resolved,2026-04-16,Record remediation
X0001227,2026-03-16,E0003739,S003433,EX06,Fee/Product Validation,Validity,High,Open,,Pending investigation
X0001228,2026-03-30,E0003739,S003433,EX06,Fee/Product Validation,Validity,High,Resolved,2026-04-16,System correction
X0001229,2026-03-30,E0003742,S003838,EX06,Fee/Product Validation,Validity,High,Open,,Pending investigation
X0001230,2026-04-13,E0003744,S002460,EX05,Legacy Migration Mismatch,Consistency,High,Open,,Pending investigation
X0001231,2026-04-27,E0003744,S002460,EX05,Legacy Migration Mismatch,Consistency,High,Resolved,2026-05-01,System correction
X0001232,2026-03-02,E0003746,S000008,EX07,Incomplete Enrolment,Completeness,Medium,Resolved,2026-03-04,Record remediation
X0001233,2026-03-30,E0003749,S000807,EX01,Incomplete Contact Details,Completeness,Medium,Resolved,2026-04-03,Record remediation
X0001234,2026-04-27,E0003751,S000895,EX03,Potential Duplicate Enrolment,Uniqueness,High,Resolved,2026-05-06,Record remediation
X0001235,2026-04-13,E0003754,S000604,EX02,Missing LMS Unit Link,Completeness,High,Resolved,2026-04-21,System correction
X0001236,2026-04-27,E0003754,S000604,EX02,Missing LMS Unit Link,Completeness,High,Resolved,2026-05-05,System correction
X0001237,2026-03-16,E0003755,S001202,EX06,Fee/Product Validation,Validity,High,Open,,Pending investigation
X0001238,2026-03-02,E0003756,S001322,EX01,Incomplete Contact Details,Completeness,Medium,Resolved,2026-03-03,Record remediation
X0001239,2026-03-30,E0003758,S000854,EX03,Potential Duplicate Enrolment,Uniqueness,High,Open,,Pending investigation
X0001240,2026-03-02,E0003760,S003889,EX06,Fee/Product Validation,Validity,High,Resolved,2026-03-15,System correction
X0001241,2026-03-16,E0003761,S000715,EX05,Legacy Migration Mismatch,Consistency,High,Resolved,2026-04-03,System correction
X0001242,2026-03-16,E0003769,S002383,EX04,Withdrawal / Remediation Overlap,Consistency,Medium,Open,,Pending investigation
X0001243,2026-03-30,E0003769,S002383,EX04,Withdrawal / Remediation Overlap,Consistency,Medium,Resolved,2026-04-11,Record remediation
X0001244,2026-04-27,E0003771,S002463,EX01,Incomplete Contact Details,Completeness,Medium,Resolved,2026-05-07,Record remediation
X0001245,2026-03-02,E0003777,S000247,EX02,Missing LMS Unit Link,Completeness,High,Open,,Pending investigation
X0001246,2026-03-16,E0003777,S000247,EX02,Missing LMS Unit Link,Completeness,High,Open,,Pending investigation
X0001247,2026-04-27,E0003780,S001080,EX04,Withdrawal / Remediation Overlap,Consistency,Medium,Resolved,2026-05-06,Record remediation
X0001248,2026-03-16,E0003782,S002192,EX01,Incomplete Contact Details,Completeness,Medium,Open,,Pending investigation
X0001249,2026-04-27,E0003783,S003582,EX06,Fee/Product Validation,Validity,High,Resolved,2026-05-08,System correction
X0001250,2026-03-30,E0003789,S002115,EX03,Potential Duplicate Enrolment,Uniqueness,High,Resolved,2026-04-09,Record remediation
X0001251,2026-04-13,E0003793,S003016,EX01,Incomplete Contact Details,Completeness,Medium,Resolved,2026-04-23,Record remediation
X0001252,2026-04-13,E0003802,S001090,EX01,Incomplete Contact Details,Completeness,Medium,Open,,Pending investigation
X0001253,2026-03-02,E0003805,S001586,EX04,Withdrawal / Remediation Overlap,Consistency,Medium,Resolved,2026-03-17,Record remediation
X0001254,2026-04-27,E0003810,S003019,EX03,Potential Duplicate Enrolment,Uniqueness,High,Resolved,2026-05-11,Record remediation
X0001255,2026-04-13,E0003813,S000478,EX06,Fee/Product Validation,Validity,High,Resolved,2026-04-24,System correction
X0001256,2026-03-02,E0003815,S002279,EX02,Missing LMS Unit Link,Completeness,High,Open,,Pending investigation
X0001257,2026-03-16,E0003815,S002279,EX02,Missing LMS Unit Link,Completeness,High,Resolved,2026-03-27,System correction
X0001258,2026-03-30,E0003815,S002279,EX02,Missing LMS Unit Link,Completeness,High,Open,,Pending investigation
X0001259,2026-03-16,E0003816,S001309,EX01,Incomplete Contact Details,Completeness,Medium,Open,,Pending investigation
X0001260,2026-03-02,E0003830,S003878,EX03,Potential Duplicate Enrolment,Uniqueness,High,Resolved,2026-03-13,Record remediation
X0001261,2026-03-02,E0003836,S001217,EX04,Withdrawal / Remediation Overlap,Consistency,Medium,Resolved,2026-03-19,Record remediation
X0001262,2026-03-30,E0003843,S001183,EX07,Incomplete Enrolment,Completeness,Medium,Open,,Pending investigation
X0001263,2026-03-30,E0003846,S003891,EX06,Fee/Product Validation,Validity,High,Resolved,2026-04-09,System correction
X0001264,2026-03-16,E0003853,S001177,EX06,Fee/Product Validation,Validity,High,Resolved,2026-04-02,System correction
X0001265,2026-03-30,E0003864,S000640,EX01,Incomplete Contact Details,Completeness,Medium,Resolved,2026-04-16,Record remediation
X0001266,2026-04-27,E0003867,S004123,EX04,Withdrawal / Remediation Overlap,Consistency,Medium,Open,,Pending investigation
X0001267,2026-04-13,E0003868,S002523,EX01,Incomplete Contact Details,Completeness,Medium,Resolved,2026-04-25,Record remediation
X0001268,2026-03-02,E0003870,S001423,EX04,Withdrawal / Remediation Overlap,Consistency,Medium,Resolved,2026-03-20,Record remediation
X0001269,2026-03-16,E0003870,S001423,EX04,Withdrawal / Remediation Overlap,Consistency,Medium,Resolved,2026-03-23,Record remediation
X0001270,2026-03-16,E0003871,S004115,EX06,Fee/Product Validation,Validity,High,Resolved,2026-04-02,System correction
X0001271,2026-04-27,E0003872,S000112,EX01,Incomplete Contact Details,Completeness,Medium,Resolved,2026-05-08,Record remediation
X0001272,2026-04-27,E0003873,S000147,EX07,Incomplete Enrolment,Completeness,Medium,Resolved,2026-04-30,Record remediation
X0001273,2026-03-02,E0003883,S001483,EX03,Potential Duplicate Enrolment,Uniqueness,High,Resolved,2026-03-09,Record remediation
X0001274,2026-03-16,E0003883,S001483,EX03,Potential Duplicate Enrolment,Uniqueness,High,Resolved,2026-03-21,Record remediation
X0001275,2026-04-27,E0003893,S002786,EX04,Withdrawal / Remediation Overlap,Consistency,Medium,Open,,Pending investigation
X0001276,2026-04-27,E0003897,S002245,EX01,Incomplete Contact Details,Completeness,Medium,Resolved,2026-05-13,Record remediation
X0001277,2026-03-16,E0003899,S002083,EX06,Fee/Product Validation,Validity,High,Resolved,2026-03-31,System correction
X0001278,2026-04-27,E0003903,S003475,EX02,Missing LMS Unit Link,Completeness,High,Open,,Pending investigation
X0001279,2026-05-11,E0003903,S003475,EX02,Missing LMS Unit Link,Completeness,High,Resolved,2026-05-28,System correction
X0001280,2026-03-02,E0003904,S002992,EX06,Fee/Product Validation,Validity,High,Resolved,2026-03-05,System correction
X0001281,2026-03-02,E0003910,S000025,EX07,Incomplete Enrolment,Completeness,Medium,Open,,Pending investigation
X0001282,2026-03-16,E0003910,S000025,EX07,Incomplete Enrolment,Completeness,Medium,Resolved,2026-03-30,Record remediation
X0001283,2026-04-27,E0003910,S000025,EX05,Legacy Migration Mismatch,Consistency,High,Open,,Pending investigation
X0001284,2026-05-11,E0003910,S000025,EX05,Legacy Migration Mismatch,Consistency,High,Open,,Pending investigation
X0001285,2026-04-27,E0003916,S003548,EX06,Fee/Product Validation,Validity,High,Resolved,2026-05-03,System correction
X0001286,2026-04-13,E0003917,S003718,EX03,Potential Duplicate Enrolment,Uniqueness,High,Resolved,2026-04-15,Record remediation
X0001287,2026-03-16,E0003919,S002239,EX07,Incomplete Enrolment,Completeness,Medium,Resolved,2026-04-02,Record remediation
X0001288,2026-03-02,E0003928,S001570,EX07,Incomplete Enrolment,Completeness,Medium,Resolved,2026-03-20,Record remediation
X0001289,2026-03-02,E0003936,S001756,EX06,Fee/Product Validation,Validity,High,Resolved,2026-03-20,System correction
X0001290,2026-03-16,E0003938,S000693,EX06,Fee/Product Validation,Validity,High,Resolved,2026-03-19,System correction
X0001291,2026-03-16,E0003940,S002336,EX07,Incomplete Enrolment,Completeness,Medium,Resolved,2026-03-27,Record remediation
X0001292,2026-03-02,E0003940,S002336,EX01,Incomplete Contact Details,Completeness,Medium,Resolved,2026-03-05,Record remediation
X0001293,2026-04-27,E0003946,S001330,EX04,Withdrawal / Remediation Overlap,Consistency,Medium,Resolved,2026-04-30,Record remediation
X0001294,2026-04-27,E0003947,S000733,EX02,Missing LMS Unit Link,Completeness,High,Open,,Pending investigation
X0001295,2026-05-11,E0003947,S000733,EX02,Missing LMS Unit Link,Completeness,High,Resolved,2026-05-18,System correction
X0001296,2026-04-13,E0003949,S001800,EX07,Incomplete Enrolment,Completeness,Medium,Resolved,2026-04-14,Record remediation
X0001297,2026-03-16,E0003952,S002157,EX01,Incomplete Contact Details,Completeness,Medium,Open,,Pending investigation
X0001298,2026-03-16,E0003953,S003928,EX04,Withdrawal / Remediation Overlap,Consistency,Medium,Resolved,2026-03-18,Record remediation
X0001299,2026-03-16,E0003957,S001828,EX02,Missing LMS Unit Link,Completeness,High,Resolved,2026-03-18,System correction
X0001300,2026-03-30,E0003957,S001828,EX02,Missing LMS Unit Link,Completeness,High,Resolved,2026-04-12,System correction
X0001301,2026-04-13,E0003957,S001828,EX01,Incomplete Contact Details,Completeness,Medium,Resolved,2026-04-29,Record remediation
X0001302,2026-04-27,E0003962,S000885,EX07,Incomplete Enrolment,Completeness,Medium,Open,,Pending investigation
X0001303,2026-05-11,E0003962,S000885,EX07,Incomplete Enrolment,Completeness,Medium,Resolved,2026-05-22,Record remediation
X0001304,2026-03-02,E0003964,S000520,EX01,Incomplete Contact Details,Completeness,Medium,Resolved,2026-03-16,Record remediation
X0001305,2026-03-30,E0003971,S000888,EX06,Fee/Product Validation,Validity,High,Resolved,2026-04-04,System correction
X0001306,2026-03-02,E0003974,S002849,EX06,Fee/Product Validation,Validity,High,Resolved,2026-03-20,System correction
X0001307,2026-03-02,E0003975,S001345,EX07,Incomplete Enrolment,Completeness,Medium,Open,,Pending investigation
X0001308,2026-03-16,E0003975,S001345,EX07,Incomplete Enrolment,Completeness,Medium,Resolved,2026-03-21,Record remediation
X0001309,2026-04-27,E0003975,S001345,EX03,Potential Duplicate Enrolment,Uniqueness,High,Resolved,2026-05-14,Record remediation
X0001310,2026-03-02,E0003977,S000740,EX07,Incomplete Enrolment,Completeness,Medium,Resolved,2026-03-10,Record remediation
X0001311,2026-04-13,E0003980,S001672,EX06,Fee/Product Validation,Validity,High,Resolved,2026-04-17,System correction
X0001312,2026-04-13,E0003992,S002783,EX05,Legacy Migration Mismatch,Consistency,High,Resolved,2026-04-20,System correction
X0001313,2026-04-27,E0003994,S000098,EX06,Fee/Product Validation,Validity,High,Open,,Pending investigation
X0001314,2026-05-11,E0003994,S000098,EX06,Fee/Product Validation,Validity,High,Resolved,2026-05-24,System correction
X0001315,2026-03-30,E0003998,S003174,EX06,Fee/Product Validation,Validity,High,Resolved,2026-04-17,System correction
X0001316,2026-03-30,E0003999,S000848,EX01,Incomplete Contact Details,Completeness,Medium,Resolved,2026-04-15,Record remediation
X0001317,2026-04-13,E0004000,S002466,EX07,Incomplete Enrolment,Completeness,Medium,Resolved,2026-04-30,Record remediation
X0001318,2026-04-27,E0004001,S002362,EX03,Potential Duplicate Enrolment,Uniqueness,High,Open,,Pending investigation
X0001319,2026-03-30,E0004003,S002901,EX02,Missing LMS Unit Link,Completeness,High,Open,,Pending investigation
X0001320,2026-04-13,E0004003,S002901,EX02,Missing LMS Unit Link,Completeness,High,Resolved,2026-04-27,System correction
X0001321,2026-03-02,E0004005,S000196,EX04,Withdrawal / Remediation Overlap,Consistency,Medium,Open,,Pending investigation
X0001322,2026-03-16,E0004005,S000196,EX04,Withdrawal / Remediation Overlap,Consistency,Medium,Resolved,2026-03-23,Record remediation
X0001323,2026-03-30,E0004006,S003623,EX01,Incomplete Contact Details,Completeness,Medium,Open,,Pending investigation
X0001324,2026-03-30,E0004011,S003912,EX01,Incomplete Contact Details,Completeness,Medium,Resolved,2026-04-05,Record remediation
X0001325,2026-04-13,E0004011,S003912,EX03,Potential Duplicate Enrolment,Uniqueness,High,Resolved,2026-04-22,Record remediation
X0001326,2026-04-13,E0004012,S004163,EX07,Incomplete Enrolment,Completeness,Medium,Open,,Pending investigation
X0001327,2026-04-13,E0004012,S004163,EX05,Legacy Migration Mismatch,Consistency,High,Open,,Pending investigation
X0001328,2026-04-27,E0004012,S004163,EX05,Legacy Migration Mismatch,Consistency,High,Resolved,2026-05-08,System correction
X0001329,2026-04-13,E0004013,S001019,EX01,Incomplete Contact Details,Completeness,Medium,Open,,Pending investigation
X0001330,2026-04-13,E0004020,S003819,EX01,Incomplete Contact Details,Completeness,Medium,Open,,Pending investigation
X0001331,2026-04-27,E0004029,S002054,EX05,Legacy Migration Mismatch,Consistency,High,Resolved,2026-05-08,System correction
X0001332,2026-03-02,E0004033,S004016,EX07,Incomplete Enrolment,Completeness,Medium,Resolved,2026-03-18,Record remediation
X0001333,2026-03-30,E0004036,S004078,EX05,Legacy Migration Mismatch,Consistency,High,Open,,Pending investigation
X0001334,2026-04-13,E0004036,S004078,EX05,Legacy Migration Mismatch,Consistency,High,Open,,Pending investigation
X0001335,2026-04-27,E0004036,S004078,EX05,Legacy Migration Mismatch,Consistency,High,Resolved,2026-05-01,System correction
X0001336,2026-04-13,E0004038,S002685,EX06,Fee/Product Validation,Validity,High,Open,,Pending investigation
X0001337,2026-04-27,E0004038,S002685,EX06,Fee/Product Validation,Validity,High,Resolved,2026-05-09,System correction
X0001338,2026-03-30,E0004039,S001814,EX02,Missing LMS Unit Link,Completeness,High,Open,,Pending investigation
X0001339,2026-04-13,E0004039,S001814,EX02,Missing LMS Unit Link,Completeness,High,Open,,Pending investigation
X0001340,2026-03-30,E0004040,S000266,EX02,Missing LMS Unit Link,Completeness,High,Open,,Pending investigation
X0001341,2026-04-13,E0004040,S000266,EX02,Missing LMS Unit Link,Completeness,High,Resolved,2026-04-21,System correction
X0001342,2026-04-27,E0004042,S001430,EX04,Withdrawal / Remediation Overlap,Consistency,Medium,Open,,Pending investigation
X0001343,2026-04-13,E0004047,S003042,EX06,Fee/Product Validation,Validity,High,Open,,Pending investigation
X0001344,2026-04-27,E0004047,S003042,EX06,Fee/Product Validation,Validity,High,Resolved,2026-05-08,System correction
X0001345,2026-03-30,E0004048,S000017,EX06,Fee/Product Validation,Validity,High,Open,,Pending investigation
X0001346,2026-03-30,E0004063,S000921,EX02,Missing LMS Unit Link,Completeness,High,Resolved,2026-04-07,System correction
X0001347,2026-04-13,E0004063,S000921,EX02,Missing LMS Unit Link,Completeness,High,Resolved,2026-04-17,System correction
X0001348,2026-03-30,E0004065,S002845,EX02,Missing LMS Unit Link,Completeness,High,Open,,Pending investigation
X0001349,2026-04-13,E0004065,S002845,EX02,Missing LMS Unit Link,Completeness,High,Resolved,2026-04-24,System correction
X0001350,2026-03-16,E0004068,S001806,EX02,Missing LMS Unit Link,Completeness,High,Resolved,2026-03-20,System correction
X0001351,2026-03-30,E0004068,S001806,EX02,Missing LMS Unit Link,Completeness,High,Resolved,2026-04-15,System correction
X0001352,2026-04-13,E0004068,S001806,EX02,Missing LMS Unit Link,Completeness,High,Resolved,2026-04-24,System correction
X0001353,2026-03-16,E0004078,S001648,EX06,Fee/Product Validation,Validity,High,Open,,Pending investigation
X0001354,2026-03-30,E0004078,S001648,EX06,Fee/Product Validation,Validity,High,Resolved,2026-04-13,System correction
X0001355,2026-03-02,E0004079,S001942,EX07,Incomplete Enrolment,Completeness,Medium,Open,,Pending investigation
X0001356,2026-03-02,E0004086,S003843,EX04,Withdrawal / Remediation Overlap,Consistency,Medium,Resolved,2026-03-17,Record remediation
X0001357,2026-04-13,E0004087,S002514,EX01,Incomplete Contact Details,Completeness,Medium,Resolved,2026-04-25,Record remediation
X0001358,2026-03-16,E0004088,S003528,EX05,Legacy Migration Mismatch,Consistency,High,Open,,Pending investigation
X0001359,2026-03-30,E0004088,S003528,EX05,Legacy Migration Mismatch,Consistency,High,Open,,Pending investigation
X0001360,2026-04-13,E0004088,S003528,EX05,Legacy Migration Mismatch,Consistency,High,Resolved,2026-04-24,System correction
X0001361,2026-03-02,E0004090,S000698,EX07,Incomplete Enrolment,Completeness,Medium,Open,,Pending investigation
X0001362,2026-03-02,E0004097,S001929,EX06,Fee/Product Validation,Validity,High,Resolved,2026-03-05,System correction
X0001363,2026-03-16,E0004097,S001929,EX06,Fee/Product Validation,Validity,High,Open,,Pending investigation
X0001364,2026-04-27,E0004100,S003355,EX06,Fee/Product Validation,Validity,High,Open,,Pending investigation
X0001365,2026-03-30,E0004101,S002027,EX03,Potential Duplicate Enrolment,Uniqueness,High,Resolved,2026-04-14,Record remediation
X0001366,2026-04-13,E0004101,S002027,EX04,Withdrawal / Remediation Overlap,Consistency,Medium,Open,,Pending investigation
X0001367,2026-04-13,E0004102,S001066,EX07,Incomplete Enrolment,Completeness,Medium,Open,,Pending investigation
X0001368,2026-03-16,E0004103,S000816,EX03,Potential Duplicate Enrolment,Uniqueness,High,Open,,Pending investigation
X0001369,2026-03-30,E0004103,S000816,EX03,Potential Duplicate Enrolment,Uniqueness,High,Resolved,2026-04-14,Record remediation
X0001370,2026-03-30,E0004109,S002911,EX06,Fee/Product Validation,Validity,High,Resolved,2026-04-12,System correction
X0001371,2026-03-30,E0004113,S000645,EX02,Missing LMS Unit Link,Completeness,High,Resolved,2026-04-09,System correction
X0001372,2026-03-16,E0004119,S003088,EX06,Fee/Product Validation,Validity,High,Resolved,2026-03-29,System correction
X0001373,2026-04-13,E0004119,S003088,EX01,Incomplete Contact Details,Completeness,Medium,Resolved,2026-04-16,Record remediation
X0001374,2026-04-13,E0004128,S002458,EX05,Legacy Migration Mismatch,Consistency,High,Open,,Pending investigation
X0001375,2026-03-02,E0004129,S003714,EX03,Potential Duplicate Enrolment,Uniqueness,High,Resolved,2026-03-20,Record remediation
X0001376,2026-04-13,E0004140,S004128,EX06,Fee/Product Validation,Validity,High,Open,,Pending investigation
X0001377,2026-03-16,E0004149,S000003,EX06,Fee/Product Validation,Validity,High,Resolved,2026-04-03,System correction
X0001378,2026-03-16,E0004150,S000639,EX04,Withdrawal / Remediation Overlap,Consistency,Medium,Resolved,2026-03-18,Record remediation
X0001379,2026-03-16,E0004151,S001039,EX03,Potential Duplicate Enrolment,Uniqueness,High,Resolved,2026-03-23,Record remediation
X0001380,2026-04-27,E0004152,S002576,EX06,Fee/Product Validation,Validity,High,Resolved,2026-05-01,System correction
X0001381,2026-04-27,E0004155,S001163,EX06,Fee/Product Validation,Validity,High,Resolved,2026-05-06,System correction
X0001382,2026-04-27,E0004156,S003405,EX02,Missing LMS Unit Link,Completeness,High,Resolved,2026-04-28,System correction
X0001383,2026-03-30,E0004156,S003405,EX01,Incomplete Contact Details,Completeness,Medium,Resolved,2026-04-12,Record remediation
X0001384,2026-04-13,E0004161,S003750,EX04,Withdrawal / Remediation Overlap,Consistency,Medium,Open,,Pending investigation
X0001385,2026-04-27,E0004161,S003750,EX04,Withdrawal / Remediation Overlap,Consistency,Medium,Resolved,2026-05-05,Record remediation
X0001386,2026-04-27,E0004167,S002622,EX06,Fee/Product Validation,Validity,High,Resolved,2026-05-08,System correction
X0001387,2026-04-27,E0004169,S000896,EX05,Legacy Migration Mismatch,Consistency,High,Resolved,2026-05-04,System correction
X0001388,2026-05-11,E0004169,S000896,EX05,Legacy Migration Mismatch,Consistency,High,Resolved,2026-05-25,System correction
X0001389,2026-04-13,E0004170,S002404,EX03,Potential Duplicate Enrolment,Uniqueness,High,Resolved,2026-05-01,Record remediation
X0001390,2026-03-30,E0004172,S002864,EX06,Fee/Product Validation,Validity,High,Resolved,2026-04-05,System correction
X0001391,2026-04-13,E0004174,S001786,EX04,Withdrawal / Remediation Overlap,Consistency,Medium,Open,,Pending investigation
X0001392,2026-04-27,E0004175,S002588,EX01,Incomplete Contact Details,Completeness,Medium,Open,,Pending investigation
X0001393,2026-05-11,E0004175,S002588,EX01,Incomplete Contact Details,Completeness,Medium,Open,,Pending investigation
X0001394,2026-03-30,E0004177,S002365,EX01,Incomplete Contact Details,Completeness,Medium,Resolved,2026-04-11,Record remediation
X0001395,2026-04-13,E0004187,S003241,EX05,Legacy Migration Mismatch,Consistency,High,Resolved,2026-04-29,System correction
X0001396,2026-03-16,E0004192,S000559,EX07,Incomplete Enrolment,Completeness,Medium,Open,,Pending investigation
X0001397,2026-03-30,E0004194,S001217,EX03,Potential Duplicate Enrolment,Uniqueness,High,Resolved,2026-03-31,Record remediation
X0001398,2026-03-02,E0004204,S000102,EX02,Missing LMS Unit Link,Completeness,High,Resolved,2026-03-14,System correction
X0001399,2026-04-27,E0004204,S000102,EX01,Incomplete Contact Details,Completeness,Medium,Resolved,2026-05-13,Record remediation
X0001400,2026-04-13,E0004204,S000102,EX06,Fee/Product Validation,Validity,High,Resolved,2026-04-23,System correction
X0001401,2026-03-16,E0004208,S001587,EX06,Fee/Product Validation,Validity,High,Resolved,2026-03-31,System correction
X0001402,2026-03-30,E0004213,S003493,EX01,Incomplete Contact Details,Completeness,Medium,Resolved,2026-04-11,Record remediation
X0001403,2026-03-16,E0004216,S002193,EX03,Potential Duplicate Enrolment,Uniqueness,High,Resolved,2026-03-31,Record remediation
X0001404,2026-04-27,E0004217,S001164,EX03,Potential Duplicate Enrolment,Uniqueness,High,Resolved,2026-05-07,Record remediation
X0001405,2026-03-16,E0004224,S000503,EX03,Potential Duplicate Enrolment,Uniqueness,High,Open,,Pending investigation
X0001406,2026-04-13,E0004229,S001273,EX01,Incomplete Contact Details,Completeness,Medium,Open,,Pending investigation
X0001407,2026-04-27,E0004230,S003156,EX02,Missing LMS Unit Link,Completeness,High,Open,,Pending investigation
X0001408,2026-05-11,E0004230,S003156,EX02,Missing LMS Unit Link,Completeness,High,Resolved,2026-05-22,System correction
X0001409,2026-05-11,E0004230,S003156,EX02,Missing LMS Unit Link,Completeness,High,Resolved,2026-05-23,System correction
X0001410,2026-04-27,E0004234,S003240,EX02,Missing LMS Unit Link,Completeness,High,Open,,Pending investigation
X0001411,2026-05-11,E0004234,S003240,EX02,Missing LMS Unit Link,Completeness,High,Resolved,2026-05-24,System correction
X0001412,2026-05-11,E0004234,S003240,EX02,Missing LMS Unit Link,Completeness,High,Resolved,2026-05-24,System correction
X0001413,2026-03-16,E0004248,S000611,EX06,Fee/Product Validation,Validity,High,Resolved,2026-03-30,System correction
X0001414,2026-03-16,E0004249,S001440,EX01,Incomplete Contact Details,Completeness,Medium,Resolved,2026-03-24,Record remediation
X0001415,2026-03-30,E0004250,S002911,EX06,Fee/Product Validation,Validity,High,Resolved,2026-04-06,System correction
X0001416,2026-04-13,E0004252,S002475,EX04,Withdrawal / Remediation Overlap,Consistency,Medium,Resolved,2026-04-17,Record remediation
X0001417,2026-04-27,E0004260,S002940,EX07,Incomplete Enrolment,Completeness,Medium,Open,,Pending investigation
X0001418,2026-03-30,E0004260,S002940,EX05,Legacy Migration Mismatch,Consistency,High,Resolved,2026-04-03,System correction
X0001419,2026-03-16,E0004279,S002753,EX06,Fee/Product Validation,Validity,High,Open,,Pending investigation
X0001420,2026-03-02,E0004287,S003915,EX05,Legacy Migration Mismatch,Consistency,High,Resolved,2026-03-15,System correction
X0001421,2026-04-13,E0004289,S004113,EX01,Incomplete Contact Details,Completeness,Medium,Open,,Pending investigation
X0001422,2026-03-16,E0004293,S000031,EX02,Missing LMS Unit Link,Completeness,High,Resolved,2026-03-29,System correction
X0001423,2026-04-13,E0004293,S000031,EX06,Fee/Product Validation,Validity,High,Open,,Pending investigation
X0001424,2026-04-13,E0004295,S000943,EX07,Incomplete Enrolment,Completeness,Medium,Open,,Pending investigation
X0001425,2026-03-16,E0004297,S002784,EX03,Potential Duplicate Enrolment,Uniqueness,High,Open,,Pending investigation
X0001426,2026-03-30,E0004298,S000952,EX06,Fee/Product Validation,Validity,High,Resolved,2026-04-04,System correction
X0001427,2026-04-13,E0004301,S000879,EX02,Missing LMS Unit Link,Completeness,High,Resolved,2026-04-26,System correction
X0001428,2026-03-30,E0004303,S000802,EX01,Incomplete Contact Details,Completeness,Medium,Open,,Pending investigation
X0001429,2026-03-30,E0004306,S001310,EX02,Missing LMS Unit Link,Completeness,High,Resolved,2026-04-09,System correction
X0001430,2026-04-13,E0004307,S002400,EX07,Incomplete Enrolment,Completeness,Medium,Resolved,2026-04-26,Record remediation
X0001431,2026-04-13,E0004308,S002030,EX01,Incomplete Contact Details,Completeness,Medium,Open,,Pending investigation
X0001432,2026-04-27,E0004308,S002030,EX01,Incomplete Contact Details,Completeness,Medium,Open,,Pending investigation
X0001433,2026-03-02,E0004314,S001157,EX05,Legacy Migration Mismatch,Consistency,High,Open,,Pending investigation
X0001434,2026-03-16,E0004314,S001157,EX05,Legacy Migration Mismatch,Consistency,High,Resolved,2026-03-30,System correction
X0001435,2026-03-02,E0004314,S001157,EX04,Withdrawal / Remediation Overlap,Consistency,Medium,Resolved,2026-03-16,Record remediation
X0001436,2026-03-02,E0004318,S003423,EX07,Incomplete Enrolment,Completeness,Medium,Resolved,2026-03-15,Record remediation
X0001437,2026-03-02,E0004318,S003423,EX02,Missing LMS Unit Link,Completeness,High,Resolved,2026-03-04,System correction
X0001438,2026-03-02,E0004318,S003423,EX03,Potential Duplicate Enrolment,Uniqueness,High,Resolved,2026-03-13,Record remediation
X0001439,2026-03-16,E0004319,S004116,EX01,Incomplete Contact Details,Completeness,Medium,Resolved,2026-03-31,Record remediation
X0001440,2026-03-30,E0004321,S002858,EX01,Incomplete Contact Details,Completeness,Medium,Resolved,2026-03-31,Record remediation
X0001441,2026-03-16,E0004321,S002858,EX03,Potential Duplicate Enrolment,Uniqueness,High,Resolved,2026-03-21,Record remediation
X0001442,2026-04-13,E0004324,S003799,EX07,Incomplete Enrolment,Completeness,Medium,Resolved,2026-04-17,Record remediation
X0001443,2026-04-27,E0004324,S003799,EX01,Incomplete Contact Details,Completeness,Medium,Open,,Pending investigation
X0001444,2026-03-30,E0004326,S000615,EX06,Fee/Product Validation,Validity,High,Resolved,2026-04-08,System correction
X0001445,2026-03-16,E0004326,S000615,EX01,Incomplete Contact Details,Completeness,Medium,Open,,Pending investigation
X0001446,2026-03-30,E0004326,S000615,EX01,Incomplete Contact Details,Completeness,Medium,Open,,Pending investigation
X0001447,2026-04-13,E0004327,S000337,EX05,Legacy Migration Mismatch,Consistency,High,Resolved,2026-04-22,System correction
X0001448,2026-03-16,E0004329,S003795,EX03,Potential Duplicate Enrolment,Uniqueness,High,Open,,Pending investigation
X0001449,2026-03-30,E0004329,S003795,EX03,Potential Duplicate Enrolment,Uniqueness,High,Open,,Pending investigation
X0001450,2026-04-27,E0004331,S003758,EX06,Fee/Product Validation,Validity,High,Resolved,2026-05-07,System correction
X0001451,2026-03-02,E0004333,S002974,EX05,Legacy Migration Mismatch,Consistency,High,Open,,Pending investigation
X0001452,2026-03-16,E0004333,S002974,EX05,Legacy Migration Mismatch,Consistency,High,Open,,Pending investigation
X0001453,2026-03-02,E0004337,S000860,EX04,Withdrawal / Remediation Overlap,Consistency,Medium,Resolved,2026-03-04,Record remediation
X0001454,2026-03-30,E0004338,S002114,EX06,Fee/Product Validation,Validity,High,Open,,Pending investigation
X0001455,2026-03-16,E0004340,S004020,EX05,Legacy Migration Mismatch,Consistency,High,Open,,Pending investigation
X0001456,2026-03-30,E0004340,S004020,EX05,Legacy Migration Mismatch,Consistency,High,Resolved,2026-04-06,System correction
X0001457,2026-03-02,E0004344,S003135,EX06,Fee/Product Validation,Validity,High,Open,,Pending investigation
X0001458,2026-04-13,E0004345,S003324,EX06,Fee/Product Validation,Validity,High,Open,,Pending investigation
X0001459,2026-04-27,E0004345,S003324,EX06,Fee/Product Validation,Validity,High,Open,,Pending investigation
X0001460,2026-03-02,E0004346,S000482,EX02,Missing LMS Unit Link,Completeness,High,Open,,Pending investigation
X0001461,2026-03-16,E0004346,S000482,EX02,Missing LMS Unit Link,Completeness,High,Resolved,2026-03-24,System correction
X0001462,2026-04-13,E0004356,S000781,EX06,Fee/Product Validation,Validity,High,Resolved,2026-04-22,System correction
X0001463,2026-03-30,E0004359,S001144,EX06,Fee/Product Validation,Validity,High,Resolved,2026-04-02,System correction
X0001464,2026-03-02,E0004362,S000823,EX03,Potential Duplicate Enrolment,Uniqueness,High,Resolved,2026-03-20,Record remediation
X0001465,2026-03-02,E0004365,S003828,EX05,Legacy Migration Mismatch,Consistency,High,Resolved,2026-03-17,System correction
X0001466,2026-03-30,E0004370,S003616,EX01,Incomplete Contact Details,Completeness,Medium,Resolved,2026-03-31,Record remediation
X0001467,2026-03-30,E0004370,S003616,EX04,Withdrawal / Remediation Overlap,Consistency,Medium,Resolved,2026-04-04,Record remediation
X0001468,2026-03-02,E0004371,S003043,EX07,Incomplete Enrolment,Completeness,Medium,Resolved,2026-03-04,Record remediation
X0001469,2026-04-27,E0004371,S003043,EX02,Missing LMS Unit Link,Completeness,High,Open,,Pending investigation
X0001470,2026-05-11,E0004371,S003043,EX02,Missing LMS Unit Link,Completeness,High,Open,,Pending investigation
X0001471,2026-04-13,E0004374,S001447,EX04,Withdrawal / Remediation Overlap,Consistency,Medium,Open,,Pending investigation
X0001472,2026-03-02,E0004386,S000497,EX03,Potential Duplicate Enrolment,Uniqueness,High,Open,,Pending investigation
X0001473,2026-04-27,E0004392,S003631,EX05,Legacy Migration Mismatch,Consistency,High,Resolved,2026-05-03,System correction
X0001474,2026-05-11,E0004392,S003631,EX05,Legacy Migration Mismatch,Consistency,High,Resolved,2026-05-21,System correction
X0001475,2026-04-27,E0004394,S001189,EX06,Fee/Product Validation,Validity,High,Open,,Pending investigation
X0001476,2026-05-11,E0004394,S001189,EX06,Fee/Product Validation,Validity,High,Resolved,2026-05-13,System correction
X0001477,2026-03-02,E0004398,S004102,EX07,Incomplete Enrolment,Completeness,Medium,Resolved,2026-03-04,Record remediation
X0001478,2026-04-13,E0004400,S004104,EX03,Potential Duplicate Enrolment,Uniqueness,High,Open,,Pending investigation
X0001479,2026-04-27,E0004400,S004104,EX03,Potential Duplicate Enrolment,Uniqueness,High,Open,,Pending investigation
X0001480,2026-03-02,E0004402,S000664,EX03,Potential Duplicate Enrolment,Uniqueness,High,Resolved,2026-03-03,Record remediation
X0001481,2026-03-16,E0004404,S000484,EX01,Incomplete Contact Details,Completeness,Medium,Resolved,2026-03-25,Record remediation
X0001482,2026-04-13,E0004408,S000002,EX05,Legacy Migration Mismatch,Consistency,High,Resolved,2026-04-25,System correction
X0001483,2026-04-27,E0004408,S000002,EX05,Legacy Migration Mismatch,Consistency,High,Open,,Pending investigation
X0001484,2026-05-11,E0004408,S000002,EX05,Legacy Migration Mismatch,Consistency,High,Resolved,2026-05-20,System correction
X0001485,2026-04-27,E0004408,S000002,EX06,Fee/Product Validation,Validity,High,Resolved,2026-05-09,System correction
X0001486,2026-04-13,E0004410,S001894,EX02,Missing LMS Unit Link,Completeness,High,Resolved,2026-04-30,System correction
X0001487,2026-04-27,E0004410,S001894,EX01,Incomplete Contact Details,Completeness,Medium,Resolved,2026-05-09,Record remediation
X0001488,2026-04-27,E0004412,S002977,EX01,Incomplete Contact Details,Completeness,Medium,Open,,Pending investigation
X0001489,2026-04-13,E0004431,S001865,EX01,Incomplete Contact Details,Completeness,Medium,Resolved,2026-04-17,Record remediation
X0001490,2026-03-16,E0004436,S000466,EX01,Incomplete Contact Details,Completeness,Medium,Resolved,2026-04-02,Record remediation
X0001491,2026-03-30,E0004436,S000466,EX01,Incomplete Contact Details,Completeness,Medium,Resolved,2026-04-10,Record remediation
X0001492,2026-03-16,E0004441,S004187,EX05,Legacy Migration Mismatch,Consistency,High,Resolved,2026-03-23,System correction
X0001493,2026-04-13,E0004447,S002636,EX02,Missing LMS Unit Link,Completeness,High,Resolved,2026-04-17,System correction
X0001494,2026-03-30,E0004456,S001520,EX07,Incomplete Enrolment,Completeness,Medium,Open,,Pending investigation
X0001495,2026-04-27,E0004460,S001768,EX04,Withdrawal / Remediation Overlap,Consistency,Medium,Open,,Pending investigation
X0001496,2026-05-11,E0004460,S001768,EX04,Withdrawal / Remediation Overlap,Consistency,Medium,Resolved,2026-05-12,Record remediation
X0001497,2026-03-16,E0004464,S003560,EX07,Incomplete Enrolment,Completeness,Medium,Resolved,2026-03-22,Record remediation
X0001498,2026-04-27,E0004468,S000767,EX06,Fee/Product Validation,Validity,High,Resolved,2026-05-14,System correction
X0001499,2026-04-27,E0004469,S001990,EX04,Withdrawal / Remediation Overlap,Consistency,Medium,Resolved,2026-04-28,Record remediation
X0001500,2026-04-13,E0004472,S003568,EX01,Incomplete Contact Details,Completeness,Medium,Resolved,2026-05-01,Record remediation
X0001501,2026-03-16,E0004476,S001489,EX05,Legacy Migration Mismatch,Consistency,High,Open,,Pending investigation
X0001502,2026-03-30,E0004476,S001489,EX05,Legacy Migration Mismatch,Consistency,High,Resolved,2026-04-05,System correction
X0001503,2026-03-02,E0004477,S001269,EX05,Legacy Migration Mismatch,Consistency,High,Resolved,2026-03-07,System correction
X0001504,2026-03-30,E0004479,S000728,EX02,Missing LMS Unit Link,Completeness,High,Open,,Pending investigation
X0001505,2026-03-30,E0004481,S003793,EX07,Incomplete Enrolment,Completeness,Medium,Resolved,2026-04-13,Record remediation
X0001506,2026-04-13,E0004484,S001083,EX02,Missing LMS Unit Link,Completeness,High,Open,,Pending investigation
X0001507,2026-04-27,E0004484,S001083,EX02,Missing LMS Unit Link,Completeness,High,Open,,Pending investigation
X0001508,2026-03-16,E0004485,S003305,EX01,Incomplete Contact Details,Completeness,Medium,Resolved,2026-03-21,Record remediation
X0001509,2026-04-13,E0004486,S000786,EX02,Missing LMS Unit Link,Completeness,High,Open,,Pending investigation
X0001510,2026-04-27,E0004486,S000786,EX02,Missing LMS Unit Link,Completeness,High,Resolved,2026-04-29,System correction
X0001511,2026-03-30,E0004487,S002596,EX06,Fee/Product Validation,Validity,High,Resolved,2026-04-16,System correction
X0001512,2026-04-27,E0004488,S003589,EX06,Fee/Product Validation,Validity,High,Resolved,2026-05-10,System correction
X0001513,2026-04-27,E0004489,S000754,EX06,Fee/Product Validation,Validity,High,Resolved,2026-05-05,System correction
X0001514,2026-05-11,E0004489,S000754,EX06,Fee/Product Validation,Validity,High,Resolved,2026-05-21,System correction
X0001515,2026-04-13,E0004495,S003482,EX01,Incomplete Contact Details,Completeness,Medium,Open,,Pending investigation
X0001516,2026-04-27,E0004495,S003482,EX01,Incomplete Contact Details,Completeness,Medium,Resolved,2026-05-07,Record remediation
X0001517,2026-03-30,E0004501,S003050,EX04,Withdrawal / Remediation Overlap,Consistency,Medium,Open,,Pending investigation
X0001518,2026-03-02,E0004503,S001678,EX01,Incomplete Contact Details,Completeness,Medium,Open,,Pending investigation
X0001519,2026-03-16,E0004503,S001678,EX01,Incomplete Contact Details,Completeness,Medium,Resolved,2026-03-26,Record remediation
X0001520,2026-04-13,E0004504,S000999,EX04,Withdrawal / Remediation Overlap,Consistency,Medium,Open,,Pending investigation
X0001521,2026-03-16,E0004511,S003826,EX06,Fee/Product Validation,Validity,High,Resolved,2026-03-23,System correction
X0001522,2026-04-13,E0004513,S004160,EX01,Incomplete Contact Details,Completeness,Medium,Open,,Pending investigation
X0001523,2026-04-27,E0004513,S004160,EX01,Incomplete Contact Details,Completeness,Medium,Open,,Pending investigation
X0001524,2026-04-27,E0004514,S002333,EX06,Fee/Product Validation,Validity,High,Open,,Pending investigation
X0001525,2026-03-02,E0004521,S001367,EX07,Incomplete Enrolment,Completeness,Medium,Resolved,2026-03-10,Record remediation
X0001526,2026-04-13,E0004522,S003111,EX01,Incomplete Contact Details,Completeness,Medium,Resolved,2026-04-23,Record remediation
X0001527,2026-03-16,E0004524,S000556,EX01,Incomplete Contact Details,Completeness,Medium,Resolved,2026-03-24,Record remediation
X0001528,2026-04-13,E0004525,S000728,EX04,Withdrawal / Remediation Overlap,Consistency,Medium,Resolved,2026-04-15,Record remediation
X0001529,2026-04-13,E0004527,S000425,EX03,Potential Duplicate Enrolment,Uniqueness,High,Resolved,2026-04-18,Record remediation
X0001530,2026-03-16,E0004528,S000574,EX06,Fee/Product Validation,Validity,High,Resolved,2026-03-20,System correction
X0001531,2026-04-27,E0004531,S003934,EX06,Fee/Product Validation,Validity,High,Resolved,2026-04-28,System correction
X0001532,2026-04-27,E0004534,S003887,EX06,Fee/Product Validation,Validity,High,Open,,Pending investigation
X0001533,2026-03-02,E0004536,S003633,EX01,Incomplete Contact Details,Completeness,Medium,Resolved,2026-03-06,Record remediation
X0001534,2026-03-30,E0004550,S002742,EX01,Incomplete Contact Details,Completeness,Medium,Resolved,2026-04-09,Record remediation
X0001535,2026-03-02,E0004557,S000048,EX03,Potential Duplicate Enrolment,Uniqueness,High,Open,,Pending investigation
X0001536,2026-03-16,E0004557,S000048,EX03,Potential Duplicate Enrolment,Uniqueness,High,Resolved,2026-03-21,Record remediation
X0001537,2026-04-13,E0004559,S002682,EX01,Incomplete Contact Details,Completeness,Medium,Resolved,2026-04-23,Record remediation
X0001538,2026-04-27,E0004566,S001550,EX07,Incomplete Enrolment,Completeness,Medium,Open,,Pending investigation
X0001539,2026-04-27,E0004567,S003721,EX01,Incomplete Contact Details,Completeness,Medium,Resolved,2026-04-29,Record remediation
X0001540,2026-03-02,E0004568,S002299,EX01,Incomplete Contact Details,Completeness,Medium,Open,,Pending investigation
X0001541,2026-03-02,E0004570,S002817,EX06,Fee/Product Validation,Validity,High,Open,,Pending investigation
X0001542,2026-04-27,E0004576,S003878,EX01,Incomplete Contact Details,Completeness,Medium,Resolved,2026-05-02,Record remediation
X0001543,2026-04-13,E0004581,S003056,EX06,Fee/Product Validation,Validity,High,Open,,Pending investigation
X0001544,2026-03-16,E0004584,S002703,EX07,Incomplete Enrolment,Completeness,Medium,Open,,Pending investigation
X0001545,2026-04-13,E0004585,S001037,EX03,Potential Duplicate Enrolment,Uniqueness,High,Open,,Pending investigation
X0001546,2026-03-02,E0004586,S003590,EX06,Fee/Product Validation,Validity,High,Resolved,2026-03-18,System correction
X0001547,2026-03-16,E0004588,S002256,EX05,Legacy Migration Mismatch,Consistency,High,Resolved,2026-03-18,System correction
X0001548,2026-03-16,E0004588,S002256,EX04,Withdrawal / Remediation Overlap,Consistency,Medium,Open,,Pending investigation
X0001549,2026-04-13,E0004590,S004017,EX07,Incomplete Enrolment,Completeness,Medium,Resolved,2026-04-15,Record remediation
X0001550,2026-04-27,E0004590,S004017,EX07,Incomplete Enrolment,Completeness,Medium,Resolved,2026-05-06,Record remediation
X0001551,2026-03-30,E0004590,S004017,EX06,Fee/Product Validation,Validity,High,Resolved,2026-04-08,System correction
X0001552,2026-04-13,E0004599,S000901,EX06,Fee/Product Validation,Validity,High,Resolved,2026-04-15,System correction
X0001553,2026-03-30,E0004600,S003077,EX06,Fee/Product Validation,Validity,High,Resolved,2026-04-17,System correction
X0001554,2026-03-02,E0004604,S002499,EX01,Incomplete Contact Details,Completeness,Medium,Resolved,2026-03-11,Record remediation
X0001555,2026-04-13,E0004605,S000464,EX07,Incomplete Enrolment,Completeness,Medium,Resolved,2026-05-01,Record remediation
X0001556,2026-03-30,E0004606,S001074,EX01,Incomplete Contact Details,Completeness,Medium,Resolved,2026-04-08,Record remediation
X0001557,2026-04-27,E0004607,S001856,EX01,Incomplete Contact Details,Completeness,Medium,Resolved,2026-05-11,Record remediation
X0001558,2026-04-27,E0004608,S004106,EX07,Incomplete Enrolment,Completeness,Medium,Resolved,2026-05-08,Record remediation
X0001559,2026-04-13,E0004608,S004106,EX01,Incomplete Contact Details,Completeness,Medium,Resolved,2026-04-25,Record remediation
X0001560,2026-03-16,E0004612,S000884,EX02,Missing LMS Unit Link,Completeness,High,Open,,Pending investigation
X0001561,2026-04-27,E0004617,S002216,EX01,Incomplete Contact Details,Completeness,Medium,Open,,Pending investigation
X0001562,2026-03-16,E0004619,S003901,EX01,Incomplete Contact Details,Completeness,Medium,Resolved,2026-03-27,Record remediation
X0001563,2026-03-30,E0004619,S003901,EX01,Incomplete Contact Details,Completeness,Medium,Open,,Pending investigation
X0001564,2026-03-16,E0004624,S002035,EX05,Legacy Migration Mismatch,Consistency,High,Open,,Pending investigation
X0001565,2026-03-30,E0004624,S002035,EX05,Legacy Migration Mismatch,Consistency,High,Resolved,2026-04-15,System correction
X0001566,2026-04-27,E0004626,S001942,EX06,Fee/Product Validation,Validity,High,Resolved,2026-05-12,System correction
X0001567,2026-04-13,E0004632,S002637,EX04,Withdrawal / Remediation Overlap,Consistency,Medium,Resolved,2026-04-27,Record remediation
X0001568,2026-03-30,E0004633,S001929,EX02,Missing LMS Unit Link,Completeness,High,Resolved,2026-04-07,System correction
X0001569,2026-03-30,E0004633,S001929,EX01,Incomplete Contact Details,Completeness,Medium,Resolved,2026-04-05,Record remediation
X0001570,2026-03-30,E0004634,S001982,EX02,Missing LMS Unit Link,Completeness,High,Open,,Pending investigation
X0001571,2026-04-13,E0004634,S001982,EX02,Missing LMS Unit Link,Completeness,High,Open,,Pending investigation
X0001572,2026-04-13,E0004636,S001053,EX06,Fee/Product Validation,Validity,High,Open,,Pending investigation
X0001573,2026-03-16,E0004642,S001947,EX02,Missing LMS Unit Link,Completeness,High,Resolved,2026-04-03,System correction
X0001574,2026-03-16,E0004644,S003012,EX01,Incomplete Contact Details,Completeness,Medium,Resolved,2026-04-03,Record remediation
X0001575,2026-04-13,E0004646,S003149,EX02,Missing LMS Unit Link,Completeness,High,Open,,Pending investigation
X0001576,2026-04-27,E0004646,S003149,EX02,Missing LMS Unit Link,Completeness,High,Resolved,2026-05-05,System correction
X0001577,2026-04-13,E0004647,S003607,EX01,Incomplete Contact Details,Completeness,Medium,Resolved,2026-04-25,Record remediation
X0001578,2026-04-13,E0004651,S001235,EX01,Incomplete Contact Details,Completeness,Medium,Resolved,2026-04-24,Record remediation
X0001579,2026-03-30,E0004660,S000545,EX06,Fee/Product Validation,Validity,High,Open,,Pending investigation
X0001580,2026-04-13,E0004660,S000545,EX06,Fee/Product Validation,Validity,High,Resolved,2026-04-16,System correction
X0001581,2026-04-27,E0004662,S003394,EX07,Incomplete Enrolment,Completeness,Medium,Resolved,2026-05-12,Record remediation
X0001582,2026-03-30,E0004666,S000699,EX07,Incomplete Enrolment,Completeness,Medium,Resolved,2026-04-16,Record remediation
X0001583,2026-03-02,E0004671,S001236,EX06,Fee/Product Validation,Validity,High,Resolved,2026-03-20,System correction
X0001584,2026-03-30,E0004674,S001323,EX06,Fee/Product Validation,Validity,High,Resolved,2026-04-04,System correction
X0001585,2026-04-27,E0004676,S002456,EX01,Incomplete Contact Details,Completeness,Medium,Resolved,2026-05-05,Record remediation
X0001586,2026-03-02,E0004684,S002200,EX06,Fee/Product Validation,Validity,High,Open,,Pending investigation
X0001587,2026-03-16,E0004684,S002200,EX06,Fee/Product Validation,Validity,High,Resolved,2026-03-24,System correction
X0001588,2026-03-02,E0004685,S002951,EX06,Fee/Product Validation,Validity,High,Resolved,2026-03-19,System correction
X0001589,2026-03-16,E0004690,S002389,EX03,Potential Duplicate Enrolment,Uniqueness,High,Open,,Pending investigation
X0001590,2026-03-30,E0004690,S002389,EX03,Potential Duplicate Enrolment,Uniqueness,High,Open,,Pending investigation
X0001591,2026-03-16,E0004696,S001325,EX04,Withdrawal / Remediation Overlap,Consistency,Medium,Resolved,2026-03-29,Record remediation
X0001592,2026-03-02,E0004697,S002397,EX03,Potential Duplicate Enrolment,Uniqueness,High,Resolved,2026-03-06,Record remediation
X0001593,2026-03-16,E0004704,S002539,EX02,Missing LMS Unit Link,Completeness,High,Resolved,2026-03-30,System correction
X0001594,2026-03-30,E0004704,S002539,EX02,Missing LMS Unit Link,Completeness,High,Resolved,2026-04-01,System correction
X0001595,2026-04-13,E0004707,S000035,EX07,Incomplete Enrolment,Completeness,Medium,Open,,Pending investigation
X0001596,2026-04-27,E0004707,S000035,EX07,Incomplete Enrolment,Completeness,Medium,Resolved,2026-04-29,Record remediation
X0001597,2026-03-16,E0004710,S000855,EX02,Missing LMS Unit Link,Completeness,High,Open,,Pending investigation
X0001598,2026-03-30,E0004710,S000855,EX02,Missing LMS Unit Link,Completeness,High,Resolved,2026-04-12,System correction
X0001599,2026-03-16,E0004710,S000855,EX01,Incomplete Contact Details,Completeness,Medium,Resolved,2026-03-28,Record remediation
X0001600,2026-03-16,E0004712,S000922,EX06,Fee/Product Validation,Validity,High,Open,,Pending investigation
X0001601,2026-04-27,E0004715,S003336,EX04,Withdrawal / Remediation Overlap,Consistency,Medium,Resolved,2026-05-11,Record remediation
X0001602,2026-03-30,E0004718,S001966,EX01,Incomplete Contact Details,Completeness,Medium,Resolved,2026-04-08,Record remediation
X0001603,2026-03-02,E0004719,S002745,EX01,Incomplete Contact Details,Completeness,Medium,Resolved,2026-03-19,Record remediation
X0001604,2026-04-27,E0004721,S003868,EX01,Incomplete Contact Details,Completeness,Medium,Resolved,2026-05-15,Record remediation
X0001605,2026-03-16,E0004722,S002798,EX01,Incomplete Contact Details,Completeness,Medium,Resolved,2026-03-27,Record remediation
X0001606,2026-03-30,E0004726,S002882,EX07,Incomplete Enrolment,Completeness,Medium,Open,,Pending investigation
X0001607,2026-03-16,E0004737,S000190,EX02,Missing LMS Unit Link,Completeness,High,Open,,Pending investigation
X0001608,2026-03-30,E0004737,S000190,EX02,Missing LMS Unit Link,Completeness,High,Resolved,2026-04-14,System correction
X0001609,2026-04-13,E0004737,S000190,EX02,Missing LMS Unit Link,Completeness,High,Resolved,2026-04-17,System correction
X0001610,2026-03-30,E0004740,S000566,EX05,Legacy Migration Mismatch,Consistency,High,Open,,Pending investigation
X0001611,2026-04-13,E0004740,S000566,EX05,Legacy Migration Mismatch,Consistency,High,Resolved,2026-04-22,System correction
X0001612,2026-03-02,E0004754,S003010,EX02,Missing LMS Unit Link,Completeness,High,Open,,Pending investigation
X0001613,2026-03-16,E0004754,S003010,EX06,Fee/Product Validation,Validity,High,Open,,Pending investigation
X0001614,2026-03-16,E0004757,S002211,EX06,Fee/Product Validation,Validity,High,Resolved,2026-03-18,System correction
X0001615,2026-04-13,E0004767,S001146,EX06,Fee/Product Validation,Validity,High,Resolved,2026-04-19,System correction
X0001616,2026-04-27,E0004771,S001834,EX06,Fee/Product Validation,Validity,High,Resolved,2026-04-28,System correction
X0001617,2026-03-16,E0004772,S004158,EX01,Incomplete Contact Details,Completeness,Medium,Resolved,2026-03-24,Record remediation
X0001618,2026-04-27,E0004774,S001008,EX06,Fee/Product Validation,Validity,High,Resolved,2026-05-06,System correction
X0001619,2026-03-30,E0004781,S001506,EX01,Incomplete Contact Details,Completeness,Medium,Open,,Pending investigation
X0001620,2026-04-27,E0004784,S001331,EX01,Incomplete Contact Details,Completeness,Medium,Open,,Pending investigation
X0001621,2026-03-02,E0004787,S002913,EX06,Fee/Product Validation,Validity,High,Resolved,2026-03-08,System correction
X0001622,2026-04-27,E0004794,S001574,EX01,Incomplete Contact Details,Completeness,Medium,Resolved,2026-04-30,Record remediation
X0001623,2026-03-30,E0004800,S002834,EX01,Incomplete Contact Details,Completeness,Medium,Resolved,2026-04-17,Record remediation
X0001624,2026-04-13,E0004801,S001815,EX06,Fee/Product Validation,Validity,High,Resolved,2026-04-26,System correction
X0001625,2026-04-13,E0004801,S001815,EX03,Potential Duplicate Enrolment,Uniqueness,High,Resolved,2026-04-16,Record remediation
X0001626,2026-04-13,E0004802,S001259,EX06,Fee/Product Validation,Validity,High,Resolved,2026-04-27,System correction
X0001627,2026-04-27,E0004803,S003855,EX02,Missing LMS Unit Link,Completeness,High,Open,,Pending investigation
X0001628,2026-05-11,E0004803,S003855,EX02,Missing LMS Unit Link,Completeness,High,Open,,Pending investigation
X0001629,2026-05-11,E0004803,S003855,EX02,Missing LMS Unit Link,Completeness,High,Resolved,2026-05-14,System correction
X0001630,2026-03-30,E0004805,S004120,EX07,Incomplete Enrolment,Completeness,Medium,Resolved,2026-04-12,Record remediation
X0001631,2026-04-13,E0004805,S004120,EX07,Incomplete Enrolment,Completeness,Medium,Resolved,2026-04-15,Record remediation
X0001632,2026-04-27,E0004806,S003096,EX06,Fee/Product Validation,Validity,High,Resolved,2026-05-11,System correction
X0001633,2026-04-27,E0004808,S002464,EX06,Fee/Product Validation,Validity,High,Resolved,2026-04-30,System correction
X0001634,2026-03-16,E0004812,S002436,EX06,Fee/Product Validation,Validity,High,Resolved,2026-03-24,System correction
X0001635,2026-03-30,E0004816,S003251,EX02,Missing LMS Unit Link,Completeness,High,Resolved,2026-04-17,System correction
X0001636,2026-04-13,E0004816,S003251,EX02,Missing LMS Unit Link,Completeness,High,Resolved,2026-04-24,System correction
X0001637,2026-04-27,E0004820,S001163,EX01,Incomplete Contact Details,Completeness,Medium,Open,,Pending investigation
X0001638,2026-04-13,E0004820,S001163,EX03,Potential Duplicate Enrolment,Uniqueness,High,Resolved,2026-04-20,Record remediation
X0001639,2026-03-16,E0004827,S001308,EX07,Incomplete Enrolment,Completeness,Medium,Resolved,2026-04-01,Record remediation
X0001640,2026-03-02,E0004829,S003639,EX01,Incomplete Contact Details,Completeness,Medium,Open,,Pending investigation
X0001641,2026-03-02,E0004830,S001498,EX01,Incomplete Contact Details,Completeness,Medium,Open,,Pending investigation
X0001642,2026-03-16,E0004830,S001498,EX01,Incomplete Contact Details,Completeness,Medium,Resolved,2026-03-29,Record remediation
X0001643,2026-04-13,E0004831,S000084,EX06,Fee/Product Validation,Validity,High,Resolved,2026-04-15,System correction
X0001644,2026-04-27,E0004831,S000084,EX06,Fee/Product Validation,Validity,High,Resolved,2026-05-13,System correction
X0001645,2026-03-16,E0004834,S000418,EX03,Potential Duplicate Enrolment,Uniqueness,High,Resolved,2026-03-28,Record remediation
X0001646,2026-04-13,E0004834,S000418,EX04,Withdrawal / Remediation Overlap,Consistency,Medium,Resolved,2026-04-28,Record remediation
X0001647,2026-04-13,E0004835,S000734,EX04,Withdrawal / Remediation Overlap,Consistency,Medium,Resolved,2026-05-01,Record remediation
X0001648,2026-04-27,E0004837,S002393,EX03,Potential Duplicate Enrolment,Uniqueness,High,Resolved,2026-05-14,Record remediation
X0001649,2026-04-13,E0004838,S002403,EX05,Legacy Migration Mismatch,Consistency,High,Resolved,2026-04-22,System correction
X0001650,2026-03-16,E0004838,S002403,EX01,Incomplete Contact Details,Completeness,Medium,Open,,Pending investigation
X0001651,2026-03-16,E0004841,S001435,EX04,Withdrawal / Remediation Overlap,Consistency,Medium,Resolved,2026-04-03,Record remediation
X0001652,2026-03-02,E0004842,S000567,EX06,Fee/Product Validation,Validity,High,Resolved,2026-03-07,System correction
X0001653,2026-04-27,E0004845,S003997,EX01,Incomplete Contact Details,Completeness,Medium,Resolved,2026-04-28,Record remediation
X0001654,2026-03-30,E0004850,S003205,EX06,Fee/Product Validation,Validity,High,Resolved,2026-04-02,System correction
X0001655,2026-04-27,E0004853,S001327,EX06,Fee/Product Validation,Validity,High,Resolved,2026-05-03,System correction
X0001656,2026-04-13,E0004853,S001327,EX01,Incomplete Contact Details,Completeness,Medium,Resolved,2026-04-26,Record remediation
X0001657,2026-03-02,E0004857,S003019,EX02,Missing LMS Unit Link,Completeness,High,Open,,Pending investigation
X0001658,2026-03-16,E0004857,S003019,EX02,Missing LMS Unit Link,Completeness,High,Resolved,2026-03-29,System correction
X0001659,2026-04-27,E0004860,S003441,EX03,Potential Duplicate Enrolment,Uniqueness,High,Open,,Pending investigation
X0001660,2026-03-02,E0004861,S000628,EX07,Incomplete Enrolment,Completeness,Medium,Resolved,2026-03-10,Record remediation
X0001661,2026-03-02,E0004863,S003107,EX03,Potential Duplicate Enrolment,Uniqueness,High,Resolved,2026-03-04,Record remediation
X0001662,2026-03-16,E0004863,S003107,EX03,Potential Duplicate Enrolment,Uniqueness,High,Resolved,2026-04-01,Record remediation
X0001663,2026-03-30,E0004868,S000311,EX03,Potential Duplicate Enrolment,Uniqueness,High,Resolved,2026-04-17,Record remediation
X0001664,2026-03-30,E0004874,S001395,EX02,Missing LMS Unit Link,Completeness,High,Resolved,2026-03-31,System correction
X0001665,2026-03-16,E0004877,S001886,EX05,Legacy Migration Mismatch,Consistency,High,Resolved,2026-03-30,System correction
X0001666,2026-03-30,E0004877,S001886,EX05,Legacy Migration Mismatch,Consistency,High,Resolved,2026-04-16,System correction
X0001667,2026-03-30,E0004880,S001274,EX03,Potential Duplicate Enrolment,Uniqueness,High,Resolved,2026-04-07,Record remediation
X0001668,2026-04-13,E0004885,S003749,EX06,Fee/Product Validation,Validity,High,Resolved,2026-04-30,System correction
X0001669,2026-03-16,E0004886,S002109,EX05,Legacy Migration Mismatch,Consistency,High,Resolved,2026-03-31,System correction
X0001670,2026-04-27,E0004886,S002109,EX03,Potential Duplicate Enrolment,Uniqueness,High,Resolved,2026-05-03,Record remediation
X0001671,2026-04-13,E0004903,S000706,EX06,Fee/Product Validation,Validity,High,Open,,Pending investigation
X0001672,2026-03-30,E0004908,S001892,EX02,Missing LMS Unit Link,Completeness,High,Resolved,2026-04-12,System correction
X0001673,2026-04-13,E0004908,S001892,EX02,Missing LMS Unit Link,Completeness,High,Resolved,2026-04-30,System correction
X0001674,2026-04-13,E0004914,S000079,EX05,Legacy Migration Mismatch,Consistency,High,Open,,Pending investigation
X0001675,2026-04-27,E0004918,S001394,EX01,Incomplete Contact Details,Completeness,Medium,Resolved,2026-05-14,Record remediation
X0001676,2026-03-02,E0004918,S001394,EX04,Withdrawal / Remediation Overlap,Consistency,Medium,Resolved,2026-03-20,Record remediation
X0001677,2026-04-27,E0004925,S004071,EX04,Withdrawal / Remediation Overlap,Consistency,Medium,Resolved,2026-05-09,Record remediation
X0001678,2026-04-27,E0004926,S003853,EX04,Withdrawal / Remediation Overlap,Consistency,Medium,Resolved,2026-05-13,Record remediation
X0001679,2026-03-02,E0004929,S002678,EX07,Incomplete Enrolment,Completeness,Medium,Resolved,2026-03-14,Record remediation
X0001680,2026-03-16,E0004931,S003128,EX06,Fee/Product Validation,Validity,High,Resolved,2026-03-17,System correction
X0001681,2026-04-13,E0004931,S003128,EX01,Incomplete Contact Details,Completeness,Medium,Resolved,2026-04-25,Record remediation
X0001682,2026-03-30,E0004934,S001234,EX04,Withdrawal / Remediation Overlap,Consistency,Medium,Resolved,2026-04-03,Record remediation
X0001683,2026-03-02,E0004936,S003205,EX07,Incomplete Enrolment,Completeness,Medium,Resolved,2026-03-04,Record remediation
X0001684,2026-03-16,E0004938,S003185,EX05,Legacy Migration Mismatch,Consistency,High,Open,,Pending investigation
X0001685,2026-03-30,E0004938,S003185,EX05,Legacy Migration Mismatch,Consistency,High,Resolved,2026-04-13,System correction
X0001686,2026-03-16,E0004941,S002342,EX06,Fee/Product Validation,Validity,High,Open,,Pending investigation
X0001687,2026-03-02,E0004944,S000081,EX01,Incomplete Contact Details,Completeness,Medium,Resolved,2026-03-14,Record remediation
X0001688,2026-03-02,E0004947,S001685,EX07,Incomplete Enrolment,Completeness,Medium,Resolved,2026-03-18,Record remediation
X0001689,2026-04-13,E0004958,S000588,EX06,Fee/Product Validation,Validity,High,Resolved,2026-05-01,System correction
X0001690,2026-04-13,E0004960,S002736,EX06,Fee/Product Validation,Validity,High,Resolved,2026-04-15,System correction
X0001691,2026-04-13,E0004962,S001420,EX04,Withdrawal / Remediation Overlap,Consistency,Medium,Resolved,2026-04-29,Record remediation
X0001692,2026-04-13,E0004968,S002367,EX02,Missing LMS Unit Link,Completeness,High,Resolved,2026-04-27,System correction
X0001693,2026-03-02,E0004969,S000210,EX06,Fee/Product Validation,Validity,High,Open,,Pending investigation
X0001694,2026-03-16,E0004970,S001237,EX06,Fee/Product Validation,Validity,High,Resolved,2026-03-31,System correction
X0001695,2026-03-30,E0004970,S001237,EX06,Fee/Product Validation,Validity,High,Resolved,2026-04-05,System correction
X0001696,2026-03-02,E0004976,S000037,EX01,Incomplete Contact Details,Completeness,Medium,Resolved,2026-03-08,Record remediation
X0001697,2026-03-16,E0004976,S000037,EX01,Incomplete Contact Details,Completeness,Medium,Open,,Pending investigation
X0001698,2026-04-27,E0004977,S003975,EX03,Potential Duplicate Enrolment,Uniqueness,High,Resolved,2026-05-03,Record remediation
X0001699,2026-03-16,E0004980,S003551,EX03,Potential Duplicate Enrolment,Uniqueness,High,Resolved,2026-03-24,Record remediation
X0001700,2026-03-30,E0004996,S001704,EX02,Missing LMS Unit Link,Completeness,High,Open,,Pending investigation
X0001701,2026-03-16,E0005003,S002165,EX04,Withdrawal / Remediation Overlap,Consistency,Medium,Resolved,2026-03-28,Record remediation
X0001702,2026-03-02,E0005004,S003075,EX05,Legacy Migration Mismatch,Consistency,High,Resolved,2026-03-04,System correction
X0001703,2026-03-16,E0005004,S003075,EX05,Legacy Migration Mismatch,Consistency,High,Open,,Pending investigation
X0001704,2026-03-16,E0005007,S001518,EX02,Missing LMS Unit Link,Completeness,High,Open,,Pending investigation
X0001705,2026-03-30,E0005007,S001518,EX02,Missing LMS Unit Link,Completeness,High,Resolved,2026-04-09,System correction
X0001706,2026-03-16,E0005008,S002748,EX06,Fee/Product Validation,Validity,High,Resolved,2026-03-23,System correction
X0001707,2026-03-30,E0005008,S002748,EX03,Potential Duplicate Enrolment,Uniqueness,High,Open,,Pending investigation
X0001708,2026-04-27,E0005017,S001142,EX01,Incomplete Contact Details,Completeness,Medium,Open,,Pending investigation
X0001709,2026-03-30,E0005032,S000243,EX06,Fee/Product Validation,Validity,High,Resolved,2026-04-06,System correction
X0001710,2026-03-02,E0005038,S004082,EX06,Fee/Product Validation,Validity,High,Open,,Pending investigation
X0001711,2026-03-02,E0005039,S001052,EX05,Legacy Migration Mismatch,Consistency,High,Open,,Pending investigation
X0001712,2026-03-16,E0005039,S001052,EX05,Legacy Migration Mismatch,Consistency,High,Open,,Pending investigation
X0001713,2026-03-30,E0005039,S001052,EX05,Legacy Migration Mismatch,Consistency,High,Open,,Pending investigation
X0001714,2026-03-30,E0005044,S002355,EX04,Withdrawal / Remediation Overlap,Consistency,Medium,Resolved,2026-04-10,Record remediation
X0001715,2026-03-30,E0005048,S002078,EX06,Fee/Product Validation,Validity,High,Resolved,2026-04-10,System correction
X0001716,2026-03-02,E0005053,S001365,EX01,Incomplete Contact Details,Completeness,Medium,Open,,Pending investigation
X0001717,2026-03-16,E0005053,S001365,EX01,Incomplete Contact Details,Completeness,Medium,Resolved,2026-03-24,Record remediation
X0001718,2026-03-30,E0005065,S002411,EX07,Incomplete Enrolment,Completeness,Medium,Resolved,2026-04-15,Record remediation
X0001719,2026-04-13,E0005067,S002152,EX06,Fee/Product Validation,Validity,High,Resolved,2026-04-24,System correction
X0001720,2026-03-30,E0005071,S003445,EX06,Fee/Product Validation,Validity,High,Resolved,2026-04-13,System correction
X0001721,2026-03-02,E0005074,S001129,EX05,Legacy Migration Mismatch,Consistency,High,Resolved,2026-03-10,System correction
X0001722,2026-03-02,E0005075,S002511,EX01,Incomplete Contact Details,Completeness,Medium,Resolved,2026-03-15,Record remediation
X0001723,2026-04-27,E0005077,S000229,EX01,Incomplete Contact Details,Completeness,Medium,Resolved,2026-04-30,Record remediation
X0001724,2026-03-30,E0005079,S000422,EX02,Missing LMS Unit Link,Completeness,High,Open,,Pending investigation
X0001725,2026-04-13,E0005079,S000422,EX02,Missing LMS Unit Link,Completeness,High,Resolved,2026-04-19,System correction
X0001726,2026-04-27,E0005083,S000196,EX05,Legacy Migration Mismatch,Consistency,High,Open,,Pending investigation
X0001727,2026-04-27,E0005084,S002978,EX07,Incomplete Enrolment,Completeness,Medium,Open,,Pending investigation
X0001728,2026-03-30,E0005084,S002978,EX01,Incomplete Contact Details,Completeness,Medium,Resolved,2026-04-08,Record remediation
X0001729,2026-04-27,E0005088,S001436,EX02,Missing LMS Unit Link,Completeness,High,Open,,Pending investigation
X0001730,2026-05-11,E0005088,S001436,EX02,Missing LMS Unit Link,Completeness,High,Resolved,2026-05-19,System correction
X0001731,2026-03-02,E0005090,S003970,EX07,Incomplete Enrolment,Completeness,Medium,Resolved,2026-03-13,Record remediation
X0001732,2026-04-13,E0005101,S001201,EX04,Withdrawal / Remediation Overlap,Consistency,Medium,Resolved,2026-04-29,Record remediation
X0001733,2026-04-27,E0005101,S001201,EX04,Withdrawal / Remediation Overlap,Consistency,Medium,Resolved,2026-05-14,Record remediation
X0001734,2026-03-30,E0005114,S002027,EX01,Incomplete Contact Details,Completeness,Medium,Open,,Pending investigation
X0001735,2026-04-13,E0005114,S002027,EX01,Incomplete Contact Details,Completeness,Medium,Resolved,2026-04-28,Record remediation
X0001736,2026-03-16,E0005119,S001436,EX01,Incomplete Contact Details,Completeness,Medium,Resolved,2026-03-24,Record remediation
X0001737,2026-03-16,E0005122,S001890,EX01,Incomplete Contact Details,Completeness,Medium,Resolved,2026-03-21,Record remediation
X0001738,2026-04-27,E0005126,S000476,EX06,Fee/Product Validation,Validity,High,Resolved,2026-04-29,System correction
X0001739,2026-03-16,E0005126,S000476,EX01,Incomplete Contact Details,Completeness,Medium,Resolved,2026-03-23,Record remediation
X0001740,2026-03-02,E0005135,S001055,EX05,Legacy Migration Mismatch,Consistency,High,Open,,Pending investigation
X0001741,2026-03-16,E0005135,S001055,EX05,Legacy Migration Mismatch,Consistency,High,Open,,Pending investigation
X0001742,2026-03-30,E0005135,S001055,EX05,Legacy Migration Mismatch,Consistency,High,Resolved,2026-04-15,System correction
X0001743,2026-03-02,E0005139,S003102,EX01,Incomplete Contact Details,Completeness,Medium,Resolved,2026-03-08,Record remediation
X0001744,2026-04-13,E0005141,S002963,EX05,Legacy Migration Mismatch,Consistency,High,Open,,Pending investigation
X0001745,2026-03-30,E0005143,S000711,EX02,Missing LMS Unit Link,Completeness,High,Resolved,2026-04-05,System correction
X0001746,2026-04-13,E0005146,S002392,EX01,Incomplete Contact Details,Completeness,Medium,Open,,Pending investigation
X0001747,2026-04-13,E0005146,S002392,EX03,Potential Duplicate Enrolment,Uniqueness,High,Resolved,2026-04-16,Record remediation
X0001748,2026-03-16,E0005147,S001291,EX02,Missing LMS Unit Link,Completeness,High,Resolved,2026-03-29,System correction
X0001749,2026-03-02,E0005156,S003512,EX07,Incomplete Enrolment,Completeness,Medium,Resolved,2026-03-19,Record remediation
X0001750,2026-03-30,E0005157,S001976,EX04,Withdrawal / Remediation Overlap,Consistency,Medium,Resolved,2026-04-05,Record remediation
X0001751,2026-03-02,E0005161,S003766,EX04,Withdrawal / Remediation Overlap,Consistency,Medium,Resolved,2026-03-18,Record remediation
X0001752,2026-03-30,E0005162,S000242,EX01,Incomplete Contact Details,Completeness,Medium,Resolved,2026-04-07,Record remediation
X0001753,2026-04-27,E0005163,S002621,EX01,Incomplete Contact Details,Completeness,Medium,Open,,Pending investigation
X0001754,2026-05-11,E0005163,S002621,EX01,Incomplete Contact Details,Completeness,Medium,Open,,Pending investigation
X0001755,2026-04-27,E0005167,S003850,EX03,Potential Duplicate Enrolment,Uniqueness,High,Resolved,2026-05-05,Record remediation
X0001756,2026-03-16,E0005168,S002438,EX06,Fee/Product Validation,Validity,High,Resolved,2026-03-23,System correction
X0001757,2026-03-30,E0005168,S002438,EX01,Incomplete Contact Details,Completeness,Medium,Resolved,2026-04-14,Record remediation
X0001758,2026-04-13,E0005171,S000466,EX04,Withdrawal / Remediation Overlap,Consistency,Medium,Open,,Pending investigation
X0001759,2026-04-27,E0005171,S000466,EX04,Withdrawal / Remediation Overlap,Consistency,Medium,Resolved,2026-05-07,Record remediation
X0001760,2026-03-16,E0005177,S000891,EX01,Incomplete Contact Details,Completeness,Medium,Resolved,2026-03-19,Record remediation
X0001761,2026-04-13,E0005179,S001008,EX01,Incomplete Contact Details,Completeness,Medium,Resolved,2026-04-26,Record remediation
X0001762,2026-04-27,E0005182,S001919,EX06,Fee/Product Validation,Validity,High,Resolved,2026-05-12,System correction
X0001763,2026-03-02,E0005183,S001067,EX02,Missing LMS Unit Link,Completeness,High,Resolved,2026-03-20,System correction
X0001764,2026-03-16,E0005183,S001067,EX02,Missing LMS Unit Link,Completeness,High,Resolved,2026-03-26,System correction
X0001765,2026-04-27,E0005184,S000778,EX07,Incomplete Enrolment,Completeness,Medium,Resolved,2026-04-30,Record remediation
X0001766,2026-03-30,E0005185,S001848,EX01,Incomplete Contact Details,Completeness,Medium,Open,,Pending investigation
X0001767,2026-03-02,E0005187,S003493,EX06,Fee/Product Validation,Validity,High,Open,,Pending investigation
X0001768,2026-03-30,E0005188,S004035,EX07,Incomplete Enrolment,Completeness,Medium,Resolved,2026-04-15,Record remediation
X0001769,2026-04-13,E0005189,S000877,EX07,Incomplete Enrolment,Completeness,Medium,Resolved,2026-04-21,Record remediation
X0001770,2026-04-13,E0005192,S000253,EX01,Incomplete Contact Details,Completeness,Medium,Open,,Pending investigation
X0001771,2026-03-30,E0005194,S001670,EX06,Fee/Product Validation,Validity,High,Resolved,2026-04-07,System correction
X0001772,2026-03-30,E0005198,S001740,EX01,Incomplete Contact Details,Completeness,Medium,Resolved,2026-03-31,Record remediation
X0001773,2026-04-13,E0005199,S002671,EX01,Incomplete Contact Details,Completeness,Medium,Resolved,2026-04-23,Record remediation
X0001774,2026-03-16,E0005202,S003234,EX03,Potential Duplicate Enrolment,Uniqueness,High,Resolved,2026-03-26,Record remediation
X0001775,2026-03-30,E0005208,S000442,EX04,Withdrawal / Remediation Overlap,Consistency,Medium,Resolved,2026-04-12,Record remediation
X0001776,2026-03-02,E0005210,S000177,EX03,Potential Duplicate Enrolment,Uniqueness,High,Open,,Pending investigation
X0001777,2026-03-16,E0005210,S000177,EX03,Potential Duplicate Enrolment,Uniqueness,High,Resolved,2026-03-22,Record remediation
X0001778,2026-04-13,E0005212,S001887,EX02,Missing LMS Unit Link,Completeness,High,Open,,Pending investigation
X0001779,2026-04-27,E0005215,S000977,EX01,Incomplete Contact Details,Completeness,Medium,Resolved,2026-05-15,Record remediation
X0001780,2026-04-13,E0005219,S001009,EX06,Fee/Product Validation,Validity,High,Open,,Pending investigation
X0001781,2026-04-27,E0005224,S000422,EX01,Incomplete Contact Details,Completeness,Medium,Open,,Pending investigation
X0001782,2026-04-27,E0005227,S001650,EX03,Potential Duplicate Enrolment,Uniqueness,High,Open,,Pending investigation
X0001783,2026-03-16,E0005227,S001650,EX04,Withdrawal / Remediation Overlap,Consistency,Medium,Resolved,2026-03-22,Record remediation
X0001784,2026-03-16,E0005235,S003493,EX05,Legacy Migration Mismatch,Consistency,High,Resolved,2026-03-28,System correction
X0001785,2026-04-27,E0005238,S003672,EX01,Incomplete Contact Details,Completeness,Medium,Resolved,2026-05-12,Record remediation
X0001786,2026-03-02,E0005246,S004143,EX02,Missing LMS Unit Link,Completeness,High,Open,,Pending investigation
X0001787,2026-03-16,E0005246,S004143,EX02,Missing LMS Unit Link,Completeness,High,Resolved,2026-03-19,System correction
X0001788,2026-04-27,E0005256,S001380,EX05,Legacy Migration Mismatch,Consistency,High,Open,,Pending investigation
X0001789,2026-05-11,E0005256,S001380,EX05,Legacy Migration Mismatch,Consistency,High,Open,,Pending investigation
X0001790,2026-03-16,E0005256,S001380,EX06,Fee/Product Validation,Validity,High,Resolved,2026-03-19,System correction
X0001791,2026-03-30,E0005266,S003384,EX04,Withdrawal / Remediation Overlap,Consistency,Medium,Open,,Pending investigation
X0001792,2026-04-13,E0005268,S000751,EX06,Fee/Product Validation,Validity,High,Resolved,2026-04-19,System correction
X0001793,2026-03-30,E0005268,S000751,EX01,Incomplete Contact Details,Completeness,Medium,Resolved,2026-04-16,Record remediation
X0001794,2026-03-16,E0005272,S003001,EX03,Potential Duplicate Enrolment,Uniqueness,High,Resolved,2026-03-26,Record remediation
X0001795,2026-04-13,E0005290,S004191,EX01,Incomplete Contact Details,Completeness,Medium,Open,,Pending investigation
X0001796,2026-03-16,E0005294,S002397,EX07,Incomplete Enrolment,Completeness,Medium,Resolved,2026-03-25,Record remediation
X0001797,2026-04-27,E0005298,S001756,EX05,Legacy Migration Mismatch,Consistency,High,Open,,Pending investigation
X0001798,2026-03-16,E0005301,S001683,EX01,Incomplete Contact Details,Completeness,Medium,Resolved,2026-04-02,Record remediation
X0001799,2026-04-27,E0005302,S001433,EX02,Missing LMS Unit Link,Completeness,High,Open,,Pending investigation
X0001800,2026-05-11,E0005302,S001433,EX02,Missing LMS Unit Link,Completeness,High,Resolved,2026-05-18,System correction
X0001801,2026-03-02,E0005318,S001441,EX02,Missing LMS Unit Link,Completeness,High,Resolved,2026-03-16,System correction
X0001802,2026-03-30,E0005322,S001713,EX01,Incomplete Contact Details,Completeness,Medium,Resolved,2026-04-09,Record remediation
X0001803,2026-04-27,E0005328,S001074,EX02,Missing LMS Unit Link,Completeness,High,Resolved,2026-05-01,System correction
X0001804,2026-05-11,E0005328,S001074,EX02,Missing LMS Unit Link,Completeness,High,Open,,Pending investigation
X0001805,2026-03-16,E0005329,S000436,EX04,Withdrawal / Remediation Overlap,Consistency,Medium,Resolved,2026-03-28,Record remediation
X0001806,2026-03-02,E0005335,S002587,EX05,Legacy Migration Mismatch,Consistency,High,Resolved,2026-03-18,System correction
X0001807,2026-03-16,E0005335,S002587,EX05,Legacy Migration Mismatch,Consistency,High,Resolved,2026-03-27,System correction
X0001808,2026-03-02,E0005341,S001014,EX01,Incomplete Contact Details,Completeness,Medium,Open,,Pending investigation
X0001809,2026-03-02,E0005342,S001947,EX01,Incomplete Contact Details,Completeness,Medium,Open,,Pending investigation
X0001810,2026-03-16,E0005342,S001947,EX01,Incomplete Contact Details,Completeness,Medium,Resolved,2026-03-20,Record remediation
X0001811,2026-04-13,E0005346,S000399,EX06,Fee/Product Validation,Validity,High,Open,,Pending investigation
X0001812,2026-03-30,E0005347,S001602,EX07,Incomplete Enrolment,Completeness,Medium,Resolved,2026-04-12,Record remediation
X0001813,2026-04-27,E0005350,S001750,EX01,Incomplete Contact Details,Completeness,Medium,Open,,Pending investigation
X0001814,2026-03-16,E0005354,S000955,EX02,Missing LMS Unit Link,Completeness,High,Open,,Pending investigation
X0001815,2026-03-30,E0005354,S000955,EX02,Missing LMS Unit Link,Completeness,High,Resolved,2026-04-01,System correction
X0001816,2026-04-13,E0005355,S000007,EX06,Fee/Product Validation,Validity,High,Resolved,2026-04-29,System correction
X0001817,2026-04-13,E0005358,S002713,EX05,Legacy Migration Mismatch,Consistency,High,Resolved,2026-04-28,System correction
X0001818,2026-03-02,E0005366,S000854,EX03,Potential Duplicate Enrolment,Uniqueness,High,Resolved,2026-03-11,Record remediation
X0001819,2026-03-16,E0005370,S000512,EX07,Incomplete Enrolment,Completeness,Medium,Resolved,2026-03-18,Record remediation
X0001820,2026-03-16,E0005370,S000512,EX01,Incomplete Contact Details,Completeness,Medium,Resolved,2026-03-20,Record remediation
X0001821,2026-03-02,E0005379,S003426,EX06,Fee/Product Validation,Validity,High,Resolved,2026-03-14,System correction
X0001822,2026-04-13,E0005380,S001312,EX06,Fee/Product Validation,Validity,High,Resolved,2026-04-16,System correction
X0001823,2026-04-27,E0005382,S003944,EX06,Fee/Product Validation,Validity,High,Resolved,2026-05-03,System correction
X0001824,2026-03-02,E0005384,S001176,EX01,Incomplete Contact Details,Completeness,Medium,Resolved,2026-03-16,Record remediation
X0001825,2026-03-02,E0005392,S002251,EX06,Fee/Product Validation,Validity,High,Open,,Pending investigation
X0001826,2026-04-13,E0005394,S002915,EX04,Withdrawal / Remediation Overlap,Consistency,Medium,Resolved,2026-04-15,Record remediation
X0001827,2026-03-02,E0005398,S000678,EX03,Potential Duplicate Enrolment,Uniqueness,High,Resolved,2026-03-18,Record remediation
X0001828,2026-04-13,E0005399,S000994,EX02,Missing LMS Unit Link,Completeness,High,Resolved,2026-04-14,System correction
X0001829,2026-04-27,E0005402,S003472,EX01,Incomplete Contact Details,Completeness,Medium,Open,,Pending investigation
X0001830,2026-05-11,E0005402,S003472,EX01,Incomplete Contact Details,Completeness,Medium,Open,,Pending investigation
X0001831,2026-04-27,E0005404,S000035,EX06,Fee/Product Validation,Validity,High,Open,,Pending investigation
X0001832,2026-05-11,E0005404,S000035,EX06,Fee/Product Validation,Validity,High,Resolved,2026-05-24,System correction
X0001833,2026-03-02,E0005406,S000844,EX01,Incomplete Contact Details,Completeness,Medium,Resolved,2026-03-19,Record remediation
X0001834,2026-03-30,E0005409,S001918,EX05,Legacy Migration Mismatch,Consistency,High,Resolved,2026-04-01,System correction
X0001835,2026-03-30,E0005409,S001918,EX06,Fee/Product Validation,Validity,High,Resolved,2026-04-06,System correction
X0001836,2026-04-13,E0005418,S001403,EX05,Legacy Migration Mismatch,Consistency,High,Open,,Pending investigation
X0001837,2026-04-27,E0005418,S001403,EX05,Legacy Migration Mismatch,Consistency,High,Open,,Pending investigation
X0001838,2026-03-16,E0005420,S000420,EX04,Withdrawal / Remediation Overlap,Consistency,Medium,Open,,Pending investigation
X0001839,2026-03-30,E0005421,S001967,EX01,Incomplete Contact Details,Completeness,Medium,Open,,Pending investigation
X0001840,2026-03-30,E0005427,S003216,EX04,Withdrawal / Remediation Overlap,Consistency,Medium,Resolved,2026-04-02,Record remediation
X0001841,2026-03-16,E0005432,S003812,EX01,Incomplete Contact Details,Completeness,Medium,Resolved,2026-03-24,Record remediation
X0001842,2026-03-16,E0005434,S001546,EX07,Incomplete Enrolment,Completeness,Medium,Resolved,2026-03-23,Record remediation
X0001843,2026-03-30,E0005434,S001546,EX06,Fee/Product Validation,Validity,High,Resolved,2026-04-17,System correction
X0001844,2026-03-30,E0005439,S000075,EX03,Potential Duplicate Enrolment,Uniqueness,High,Resolved,2026-04-05,Record remediation
X0001845,2026-04-13,E0005440,S001160,EX06,Fee/Product Validation,Validity,High,Open,,Pending investigation
X0001846,2026-04-27,E0005440,S001160,EX06,Fee/Product Validation,Validity,High,Resolved,2026-04-30,System correction
X0001847,2026-03-02,E0005440,S001160,EX01,Incomplete Contact Details,Completeness,Medium,Open,,Pending investigation
X0001848,2026-03-16,E0005440,S001160,EX01,Incomplete Contact Details,Completeness,Medium,Resolved,2026-04-01,Record remediation
X0001849,2026-04-13,E0005440,S001160,EX03,Potential Duplicate Enrolment,Uniqueness,High,Resolved,2026-04-25,Record remediation
X0001850,2026-04-27,E0005452,S002365,EX02,Missing LMS Unit Link,Completeness,High,Resolved,2026-05-05,System correction
X0001851,2026-05-11,E0005452,S002365,EX02,Missing LMS Unit Link,Completeness,High,Open,,Pending investigation
X0001852,2026-03-02,E0005454,S002316,EX01,Incomplete Contact Details,Completeness,Medium,Resolved,2026-03-18,Record remediation
X0001853,2026-04-13,E0005455,S003207,EX03,Potential Duplicate Enrolment,Uniqueness,High,Resolved,2026-04-23,Record remediation
X0001854,2026-03-16,E0005456,S002476,EX06,Fee/Product Validation,Validity,High,Open,,Pending investigation
X0001855,2026-03-30,E0005456,S002476,EX06,Fee/Product Validation,Validity,High,Resolved,2026-04-04,System correction
X0001856,2026-03-30,E0005457,S000061,EX02,Missing LMS Unit Link,Completeness,High,Resolved,2026-04-15,System correction
X0001857,2026-03-30,E0005457,S000061,EX04,Withdrawal / Remediation Overlap,Consistency,Medium,Resolved,2026-04-02,Record remediation
X0001858,2026-04-13,E0005458,S002450,EX06,Fee/Product Validation,Validity,High,Resolved,2026-04-25,System correction
X0001859,2026-04-13,E0005459,S003945,EX04,Withdrawal / Remediation Overlap,Consistency,Medium,Open,,Pending investigation
X0001860,2026-04-13,E0005464,S001874,EX01,Incomplete Contact Details,Completeness,Medium,Open,,Pending investigation
X0001861,2026-03-16,E0005469,S001690,EX07,Incomplete Enrolment,Completeness,Medium,Resolved,2026-03-22,Record remediation
X0001862,2026-03-16,E0005471,S002475,EX01,Incomplete Contact Details,Completeness,Medium,Resolved,2026-03-23,Record remediation
X0001863,2026-03-02,E0005473,S000015,EX04,Withdrawal / Remediation Overlap,Consistency,Medium,Resolved,2026-03-15,Record remediation
X0001864,2026-03-16,E0005479,S002170,EX06,Fee/Product Validation,Validity,High,Resolved,2026-03-29,System correction
X0001865,2026-04-13,E0005480,S003181,EX06,Fee/Product Validation,Validity,High,Open,,Pending investigation
X0001866,2026-04-27,E0005480,S003181,EX06,Fee/Product Validation,Validity,High,Resolved,2026-05-09,System correction
X0001867,2026-04-13,E0005482,S000461,EX04,Withdrawal / Remediation Overlap,Consistency,Medium,Open,,Pending investigation
X0001868,2026-04-27,E0005482,S000461,EX04,Withdrawal / Remediation Overlap,Consistency,Medium,Resolved,2026-05-12,Record remediation
X0001869,2026-03-02,E0005483,S002552,EX02,Missing LMS Unit Link,Completeness,High,Resolved,2026-03-17,System correction
X0001870,2026-03-02,E0005483,S002552,EX03,Potential Duplicate Enrolment,Uniqueness,High,Open,,Pending investigation
X0001871,2026-03-02,E0005486,S003181,EX05,Legacy Migration Mismatch,Consistency,High,Open,,Pending investigation
X0001872,2026-03-02,E0005487,S001163,EX01,Incomplete Contact Details,Completeness,Medium,Resolved,2026-03-06,Record remediation
X0001873,2026-03-02,E0005487,S001163,EX04,Withdrawal / Remediation Overlap,Consistency,Medium,Resolved,2026-03-05,Record remediation
X0001874,2026-04-13,E0005492,S002515,EX07,Incomplete Enrolment,Completeness,Medium,Open,,Pending investigation
X0001875,2026-03-30,E0005492,S002515,EX03,Potential Duplicate Enrolment,Uniqueness,High,Open,,Pending investigation
X0001876,2026-03-30,E0005499,S000515,EX04,Withdrawal / Remediation Overlap,Consistency,Medium,Open,,Pending investigation
X0001877,2026-04-13,E0005499,S000515,EX04,Withdrawal / Remediation Overlap,Consistency,Medium,Open,,Pending investigation
X0001878,2026-03-16,E0005500,S000222,EX02,Missing LMS Unit Link,Completeness,High,Open,,Pending investigation
X0001879,2026-03-30,E0005500,S000222,EX02,Missing LMS Unit Link,Completeness,High,Resolved,2026-04-07,System correction
X0001880,2026-04-13,E0005501,S001630,EX02,Missing LMS Unit Link,Completeness,High,Open,,Pending investigation
X0001881,2026-04-27,E0005501,S001630,EX02,Missing LMS Unit Link,Completeness,High,Open,,Pending investigation
X0001882,2026-03-30,E0005503,S002193,EX05,Legacy Migration Mismatch,Consistency,High,Resolved,2026-04-15,System correction
X0001883,2026-04-13,E0005503,S002193,EX05,Legacy Migration Mismatch,Consistency,High,Open,,Pending investigation
X0001884,2026-03-30,E0005503,S002193,EX02,Missing LMS Unit Link,Completeness,High,Resolved,2026-04-07,System correction
X0001885,2026-04-13,E0005503,S002193,EX02,Missing LMS Unit Link,Completeness,High,Resolved,2026-05-01,System correction
X0001886,2026-03-16,E0005507,S000561,EX02,Missing LMS Unit Link,Completeness,High,Open,,Pending investigation
X0001887,2026-03-30,E0005507,S000561,EX02,Missing LMS Unit Link,Completeness,High,Resolved,2026-04-11,System correction
X0001888,2026-04-13,E0005507,S000561,EX02,Missing LMS Unit Link,Completeness,High,Open,,Pending investigation
X0001889,2026-04-13,E0005511,S000087,EX03,Potential Duplicate Enrolment,Uniqueness,High,Open,,Pending investigation
X0001890,2026-03-16,E0005512,S001353,EX04,Withdrawal / Remediation Overlap,Consistency,Medium,Resolved,2026-04-02,Record remediation
X0001891,2026-03-16,E0005524,S000301,EX01,Incomplete Contact Details,Completeness,Medium,Resolved,2026-03-17,Record remediation
X0001892,2026-03-30,E0005536,S001211,EX05,Legacy Migration Mismatch,Consistency,High,Resolved,2026-04-01,System correction
X0001893,2026-03-02,E0005545,S001483,EX04,Withdrawal / Remediation Overlap,Consistency,Medium,Resolved,2026-03-03,Record remediation
X0001894,2026-03-02,E0005547,S002769,EX06,Fee/Product Validation,Validity,High,Open,,Pending investigation
X0001895,2026-04-27,E0005553,S003139,EX01,Incomplete Contact Details,Completeness,Medium,Open,,Pending investigation
X0001896,2026-03-30,E0005553,S003139,EX04,Withdrawal / Remediation Overlap,Consistency,Medium,Resolved,2026-04-07,Record remediation
X0001897,2026-03-02,E0005556,S002044,EX06,Fee/Product Validation,Validity,High,Resolved,2026-03-10,System correction
X0001898,2026-03-02,E0005560,S003138,EX04,Withdrawal / Remediation Overlap,Consistency,Medium,Open,,Pending investigation
X0001899,2026-03-02,E0005563,S002725,EX05,Legacy Migration Mismatch,Consistency,High,Open,,Pending investigation
X0001900,2026-03-16,E0005563,S002725,EX05,Legacy Migration Mismatch,Consistency,High,Open,,Pending investigation
X0001901,2026-04-27,E0005566,S000215,EX01,Incomplete Contact Details,Completeness,Medium,Open,,Pending investigation
X0001902,2026-05-11,E0005566,S000215,EX01,Incomplete Contact Details,Completeness,Medium,Open,,Pending investigation
X0001903,2026-03-02,E0005570,S000204,EX01,Incomplete Contact Details,Completeness,Medium,Resolved,2026-03-18,Record remediation
X0001904,2026-03-16,E0005577,S001062,EX07,Incomplete Enrolment,Completeness,Medium,Resolved,2026-03-18,Record remediation
X0001905,2026-03-16,E0005579,S000243,EX07,Incomplete Enrolment,Completeness,Medium,Resolved,2026-03-29,Record remediation
X0001906,2026-04-27,E0005580,S000917,EX03,Potential Duplicate Enrolment,Uniqueness,High,Resolved,2026-05-07,Record remediation
X0001907,2026-03-30,E0005587,S002612,EX06,Fee/Product Validation,Validity,High,Resolved,2026-04-01,System correction
X0001908,2026-03-30,E0005593,S002448,EX06,Fee/Product Validation,Validity,High,Resolved,2026-04-04,System correction
X0001909,2026-03-02,E0005594,S003056,EX01,Incomplete Contact Details,Completeness,Medium,Resolved,2026-03-08,Record remediation
X0001910,2026-04-27,E0005611,S004144,EX01,Incomplete Contact Details,Completeness,Medium,Resolved,2026-05-12,Record remediation
X0001911,2026-03-02,E0005613,S002510,EX04,Withdrawal / Remediation Overlap,Consistency,Medium,Resolved,2026-03-20,Record remediation
X0001912,2026-04-27,E0005619,S003572,EX03,Potential Duplicate Enrolment,Uniqueness,High,Resolved,2026-05-02,Record remediation
X0001913,2026-05-11,E0005619,S003572,EX03,Potential Duplicate Enrolment,Uniqueness,High,Resolved,2026-05-28,Record remediation
X0001914,2026-04-27,E0005622,S001997,EX02,Missing LMS Unit Link,Completeness,High,Resolved,2026-05-09,System correction
X0001915,2026-05-11,E0005622,S001997,EX02,Missing LMS Unit Link,Completeness,High,Open,,Pending investigation
X0001916,2026-05-11,E0005622,S001997,EX02,Missing LMS Unit Link,Completeness,High,Resolved,2026-05-19,System correction
X0001917,2026-03-16,E0005630,S003047,EX02,Missing LMS Unit Link,Completeness,High,Resolved,2026-03-21,System correction
X0001918,2026-04-13,E0005633,S002434,EX05,Legacy Migration Mismatch,Consistency,High,Open,,Pending investigation
X0001919,2026-04-27,E0005633,S002434,EX05,Legacy Migration Mismatch,Consistency,High,Resolved,2026-05-15,System correction
X0001920,2026-03-30,E0005640,S001936,EX02,Missing LMS Unit Link,Completeness,High,Open,,Pending investigation
X0001921,2026-04-13,E0005640,S001936,EX02,Missing LMS Unit Link,Completeness,High,Resolved,2026-04-17,System correction
X0001922,2026-03-02,E0005643,S001548,EX01,Incomplete Contact Details,Completeness,Medium,Open,,Pending investigation
X0001923,2026-03-16,E0005643,S001548,EX01,Incomplete Contact Details,Completeness,Medium,Resolved,2026-03-17,Record remediation
X0001924,2026-03-16,E0005653,S001192,EX06,Fee/Product Validation,Validity,High,Open,,Pending investigation
X0001925,2026-03-30,E0005653,S001192,EX06,Fee/Product Validation,Validity,High,Resolved,2026-04-04,System correction
X0001926,2026-03-30,E0005656,S003395,EX01,Incomplete Contact Details,Completeness,Medium,Open,,Pending investigation
X0001927,2026-04-27,E0005657,S002174,EX05,Legacy Migration Mismatch,Consistency,High,Open,,Pending investigation
X0001928,2026-05-11,E0005657,S002174,EX05,Legacy Migration Mismatch,Consistency,High,Resolved,2026-05-26,System correction
X0001929,2026-04-27,E0005660,S003681,EX05,Legacy Migration Mismatch,Consistency,High,Open,,Pending investigation
X0001930,2026-05-11,E0005660,S003681,EX05,Legacy Migration Mismatch,Consistency,High,Resolved,2026-05-13,System correction
X0001931,2026-03-16,E0005669,S003559,EX05,Legacy Migration Mismatch,Consistency,High,Open,,Pending investigation
X0001932,2026-03-30,E0005669,S003559,EX05,Legacy Migration Mismatch,Consistency,High,Resolved,2026-04-02,System correction
X0001933,2026-03-16,E0005670,S003082,EX07,Incomplete Enrolment,Completeness,Medium,Open,,Pending investigation
X0001934,2026-03-30,E0005670,S003082,EX01,Incomplete Contact Details,Completeness,Medium,Resolved,2026-04-04,Record remediation
X0001935,2026-03-30,E0005671,S002399,EX06,Fee/Product Validation,Validity,High,Resolved,2026-04-09,System correction
X0001936,2026-04-13,E0005671,S002399,EX04,Withdrawal / Remediation Overlap,Consistency,Medium,Resolved,2026-04-30,Record remediation
X0001937,2026-03-16,E0005672,S000757,EX06,Fee/Product Validation,Validity,High,Open,,Pending investigation
X0001938,2026-04-27,E0005672,S000757,EX03,Potential Duplicate Enrolment,Uniqueness,High,Resolved,2026-05-03,Record remediation
X0001939,2026-04-13,E0005679,S001158,EX04,Withdrawal / Remediation Overlap,Consistency,Medium,Resolved,2026-05-01,Record remediation
X0001940,2026-03-02,E0005687,S001587,EX06,Fee/Product Validation,Validity,High,Open,,Pending investigation
X0001941,2026-03-30,E0005688,S002607,EX06,Fee/Product Validation,Validity,High,Open,,Pending investigation
X0001942,2026-04-13,E0005688,S002607,EX06,Fee/Product Validation,Validity,High,Open,,Pending investigation
X0001943,2026-03-30,E0005692,S002806,EX07,Incomplete Enrolment,Completeness,Medium,Open,,Pending investigation
X0001944,2026-04-27,E0005695,S000062,EX05,Legacy Migration Mismatch,Consistency,High,Open,,Pending investigation
X0001945,2026-05-11,E0005695,S000062,EX05,Legacy Migration Mismatch,Consistency,High,Resolved,2026-05-23,System correction
X0001946,2026-03-16,E0005698,S000640,EX07,Incomplete Enrolment,Completeness,Medium,Resolved,2026-04-01,Record remediation
X0001947,2026-03-16,E0005706,S000462,EX05,Legacy Migration Mismatch,Consistency,High,Open,,Pending investigation
X0001948,2026-03-30,E0005706,S000462,EX01,Incomplete Contact Details,Completeness,Medium,Resolved,2026-04-17,Record remediation
X0001949,2026-04-13,E0005709,S000192,EX06,Fee/Product Validation,Validity,High,Resolved,2026-05-01,System correction
X0001950,2026-03-02,E0005710,S003590,EX04,Withdrawal / Remediation Overlap,Consistency,Medium,Resolved,2026-03-17,Record remediation
X0001951,2026-03-02,E0005717,S003151,EX06,Fee/Product Validation,Validity,High,Resolved,2026-03-15,System correction
X0001952,2026-03-30,E0005721,S002982,EX07,Incomplete Enrolment,Completeness,Medium,Open,,Pending investigation
X0001953,2026-03-02,E0005725,S001350,EX06,Fee/Product Validation,Validity,High,Open,,Pending investigation
X0001954,2026-04-13,E0005728,S000601,EX07,Incomplete Enrolment,Completeness,Medium,Open,,Pending investigation
X0001955,2026-04-27,E0005728,S000601,EX07,Incomplete Enrolment,Completeness,Medium,Open,,Pending investigation
X0001956,2026-03-16,E0005730,S003371,EX07,Incomplete Enrolment,Completeness,Medium,Open,,Pending investigation
X0001957,2026-03-30,E0005730,S003371,EX07,Incomplete Enrolment,Completeness,Medium,Resolved,2026-04-05,Record remediation
X0001958,2026-03-02,E0005731,S000792,EX03,Potential Duplicate Enrolment,Uniqueness,High,Resolved,2026-03-07,Record remediation
X0001959,2026-04-13,E0005732,S003461,EX07,Incomplete Enrolment,Completeness,Medium,Resolved,2026-04-26,Record remediation
X0001960,2026-03-02,E0005732,S003461,EX02,Missing LMS Unit Link,Completeness,High,Open,,Pending investigation
X0001961,2026-03-16,E0005732,S003461,EX02,Missing LMS Unit Link,Completeness,High,Open,,Pending investigation
X0001962,2026-04-13,E0005732,S003461,EX01,Incomplete Contact Details,Completeness,Medium,Resolved,2026-04-16,Record remediation
X0001963,2026-03-16,E0005736,S003744,EX01,Incomplete Contact Details,Completeness,Medium,Open,,Pending investigation
X0001964,2026-03-30,E0005737,S002009,EX07,Incomplete Enrolment,Completeness,Medium,Open,,Pending investigation
X0001965,2026-03-02,E0005740,S001434,EX06,Fee/Product Validation,Validity,High,Resolved,2026-03-09,System correction
X0001966,2026-04-27,E0005740,S001434,EX01,Incomplete Contact Details,Completeness,Medium,Open,,Pending investigation
X0001967,2026-03-30,E0005743,S001927,EX07,Incomplete Enrolment,Completeness,Medium,Resolved,2026-04-05,Record remediation
X0001968,2026-03-02,E0005747,S003936,EX03,Potential Duplicate Enrolment,Uniqueness,High,Resolved,2026-03-11,Record remediation
X0001969,2026-03-02,E0005748,S000526,EX03,Potential Duplicate Enrolment,Uniqueness,High,Resolved,2026-03-17,Record remediation
X0001970,2026-03-02,E0005749,S000740,EX06,Fee/Product Validation,Validity,High,Resolved,2026-03-14,System correction
X0001971,2026-03-30,E0005751,S003768,EX07,Incomplete Enrolment,Completeness,Medium,Open,,Pending investigation
X0001972,2026-04-13,E0005758,S004132,EX06,Fee/Product Validation,Validity,High,Resolved,2026-04-19,System correction
X0001973,2026-04-27,E0005758,S004132,EX06,Fee/Product Validation,Validity,High,Resolved,2026-05-02,System correction
X0001974,2026-03-02,E0005759,S002857,EX06,Fee/Product Validation,Validity,High,Open,,Pending investigation
X0001975,2026-03-16,E0005759,S002857,EX06,Fee/Product Validation,Validity,High,Resolved,2026-03-24,System correction
X0001976,2026-03-16,E0005761,S001822,EX03,Potential Duplicate Enrolment,Uniqueness,High,Open,,Pending investigation
X0001977,2026-03-02,E0005766,S002467,EX05,Legacy Migration Mismatch,Consistency,High,Resolved,2026-03-20,System correction
X0001978,2026-03-16,E0005766,S002467,EX05,Legacy Migration Mismatch,Consistency,High,Resolved,2026-03-24,System correction
X0001979,2026-03-30,E0005766,S002467,EX05,Legacy Migration Mismatch,Consistency,High,Open,,Pending investigation
X0001980,2026-03-16,E0005767,S003460,EX06,Fee/Product Validation,Validity,High,Open,,Pending investigation
X0001981,2026-04-27,E0005770,S002405,EX02,Missing LMS Unit Link,Completeness,High,Open,,Pending investigation
X0001982,2026-05-11,E0005770,S002405,EX02,Missing LMS Unit Link,Completeness,High,Open,,Pending investigation
X0001983,2026-03-16,E0005771,S000423,EX04,Withdrawal / Remediation Overlap,Consistency,Medium,Resolved,2026-03-24,Record remediation
X0001984,2026-04-27,E0005773,S000398,EX04,Withdrawal / Remediation Overlap,Consistency,Medium,Open,,Pending investigation
X0001985,2026-05-11,E0005773,S000398,EX04,Withdrawal / Remediation Overlap,Consistency,Medium,Open,,Pending investigation
X0001986,2026-03-30,E0005774,S004061,EX03,Potential Duplicate Enrolment,Uniqueness,High,Resolved,2026-04-16,Record remediation
X0001987,2026-04-13,E0005780,S001459,EX06,Fee/Product Validation,Validity,High,Open,,Pending investigation
X0001988,2026-04-27,E0005780,S001459,EX06,Fee/Product Validation,Validity,High,Resolved,2026-04-30,System correction
X0001989,2026-03-02,E0005783,S001010,EX06,Fee/Product Validation,Validity,High,Resolved,2026-03-14,System correction
X0001990,2026-03-02,E0005784,S002957,EX05,Legacy Migration Mismatch,Consistency,High,Resolved,2026-03-15,System correction
X0001991,2026-03-02,E0005784,S002957,EX04,Withdrawal / Remediation Overlap,Consistency,Medium,Resolved,2026-03-10,Record remediation
X0001992,2026-03-30,E0005794,S001473,EX07,Incomplete Enrolment,Completeness,Medium,Resolved,2026-04-14,Record remediation
X0001993,2026-03-16,E0005795,S001782,EX04,Withdrawal / Remediation Overlap,Consistency,Medium,Open,,Pending investigation
X0001994,2026-03-30,E0005798,S003197,EX03,Potential Duplicate Enrolment,Uniqueness,High,Resolved,2026-04-03,Record remediation
X0001995,2026-03-02,E0005811,S002072,EX07,Incomplete Enrolment,Completeness,Medium,Open,,Pending investigation
X0001996,2026-03-16,E0005811,S002072,EX07,Incomplete Enrolment,Completeness,Medium,Resolved,2026-03-27,Record remediation
X0001997,2026-03-02,E0005813,S002483,EX02,Missing LMS Unit Link,Completeness,High,Resolved,2026-03-19,System correction
X0001998,2026-03-16,E0005813,S002483,EX02,Missing LMS Unit Link,Completeness,High,Open,,Pending investigation
X0001999,2026-04-27,E0005823,S000534,EX06,Fee/Product Validation,Validity,High,Resolved,2026-04-29,System correction
X0002000,2026-04-27,E0005825,S003716,EX06,Fee/Product Validation,Validity,High,Resolved,2026-05-09,System correction
X0002001,2026-03-16,E0005833,S003644,EX01,Incomplete Contact Details,Completeness,Medium,Resolved,2026-03-21,Record remediation
X0002002,2026-03-30,E0005833,S003644,EX01,Incomplete Contact Details,Completeness,Medium,Resolved,2026-03-31,Record remediation
X0002003,2026-04-27,E0005834,S002031,EX04,Withdrawal / Remediation Overlap,Consistency,Medium,Resolved,2026-05-09,Record remediation
X0002004,2026-03-02,E0005836,S000804,EX07,Incomplete Enrolment,Completeness,Medium,Resolved,2026-03-03,Record remediation
X0002005,2026-03-02,E0005845,S003481,EX05,Legacy Migration Mismatch,Consistency,High,Open,,Pending investigation
X0002006,2026-04-27,E0005851,S004040,EX04,Withdrawal / Remediation Overlap,Consistency,Medium,Open,,Pending investigation
X0002007,2026-05-11,E0005851,S004040,EX04,Withdrawal / Remediation Overlap,Consistency,Medium,Resolved,2026-05-21,Record remediation
X0002008,2026-03-02,E0005857,S001911,EX01,Incomplete Contact Details,Completeness,Medium,Open,,Pending investigation
X0002009,2026-03-02,E0005860,S002904,EX02,Missing LMS Unit Link,Completeness,High,Resolved,2026-03-04,System correction
X0002010,2026-03-16,E0005860,S002904,EX02,Missing LMS Unit Link,Completeness,High,Resolved,2026-03-27,System correction
X0002011,2026-03-16,E0005864,S002448,EX06,Fee/Product Validation,Validity,High,Open,,Pending investigation
X0002012,2026-04-13,E0005870,S001359,EX05,Legacy Migration Mismatch,Consistency,High,Open,,Pending investigation
X0002013,2026-04-27,E0005870,S001359,EX05,Legacy Migration Mismatch,Consistency,High,Resolved,2026-04-29,System correction
X0002014,2026-03-30,E0005871,S003176,EX03,Potential Duplicate Enrolment,Uniqueness,High,Open,,Pending investigation
X0002015,2026-04-13,E0005871,S003176,EX03,Potential Duplicate Enrolment,Uniqueness,High,Resolved,2026-05-01,Record remediation
X0002016,2026-04-13,E0005875,S000608,EX07,Incomplete Enrolment,Completeness,Medium,Resolved,2026-05-01,Record remediation
X0002017,2026-03-30,E0005875,S000608,EX06,Fee/Product Validation,Validity,High,Open,,Pending investigation
X0002018,2026-03-30,E0005879,S001277,EX07,Incomplete Enrolment,Completeness,Medium,Resolved,2026-04-12,Record remediation
X0002019,2026-03-02,E0005879,S001277,EX06,Fee/Product Validation,Validity,High,Resolved,2026-03-18,System correction
X0002020,2026-04-27,E0005882,S003087,EX03,Potential Duplicate Enrolment,Uniqueness,High,Resolved,2026-05-04,Record remediation
X0002021,2026-04-27,E0005883,S001668,EX06,Fee/Product Validation,Validity,High,Resolved,2026-05-03,System correction
X0002022,2026-03-02,E0005885,S003836,EX07,Incomplete Enrolment,Completeness,Medium,Open,,Pending investigation
X0002023,2026-03-30,E0005885,S003836,EX06,Fee/Product Validation,Validity,High,Open,,Pending investigation
X0002024,2026-04-13,E0005885,S003836,EX06,Fee/Product Validation,Validity,High,Resolved,2026-05-01,System correction
X0002025,2026-04-13,E0005890,S002612,EX06,Fee/Product Validation,Validity,High,Resolved,2026-04-16,System correction
X0002026,2026-04-27,E0005893,S000688,EX02,Missing LMS Unit Link,Completeness,High,Open,,Pending investigation
X0002027,2026-03-30,E0005894,S003353,EX07,Incomplete Enrolment,Completeness,Medium,Open,,Pending investigation
X0002028,2026-03-30,E0005894,S003353,EX01,Incomplete Contact Details,Completeness,Medium,Open,,Pending investigation
X0002029,2026-03-02,E0005897,S001762,EX01,Incomplete Contact Details,Completeness,Medium,Open,,Pending investigation
X0002030,2026-03-02,E0005898,S003831,EX02,Missing LMS Unit Link,Completeness,High,Open,,Pending investigation
X0002031,2026-04-13,E0005901,S001120,EX01,Incomplete Contact Details,Completeness,Medium,Open,,Pending investigation
X0002032,2026-03-30,E0005903,S002240,EX03,Potential Duplicate Enrolment,Uniqueness,High,Resolved,2026-04-05,Record remediation
X0002033,2026-03-16,E0005907,S003394,EX01,Incomplete Contact Details,Completeness,Medium,Resolved,2026-03-28,Record remediation
X0002034,2026-03-16,E0005916,S001042,EX01,Incomplete Contact Details,Completeness,Medium,Resolved,2026-04-03,Record remediation
X0002035,2026-04-13,E0005933,S003002,EX07,Incomplete Enrolment,Completeness,Medium,Resolved,2026-04-23,Record remediation
X0002036,2026-03-30,E0005934,S003103,EX07,Incomplete Enrolment,Completeness,Medium,Resolved,2026-04-12,Record remediation
X0002037,2026-04-13,E0005935,S002524,EX01,Incomplete Contact Details,Completeness,Medium,Resolved,2026-04-18,Record remediation
X0002038,2026-03-02,E0005942,S002994,EX01,Incomplete Contact Details,Completeness,Medium,Resolved,2026-03-18,Record remediation
X0002039,2026-03-02,E0005943,S002530,EX02,Missing LMS Unit Link,Completeness,High,Resolved,2026-03-05,System correction
X0002040,2026-03-16,E0005943,S002530,EX02,Missing LMS Unit Link,Completeness,High,Resolved,2026-04-02,System correction
X0002041,2026-04-13,E0005943,S002530,EX03,Potential Duplicate Enrolment,Uniqueness,High,Open,,Pending investigation
X0002042,2026-04-27,E0005943,S002530,EX03,Potential Duplicate Enrolment,Uniqueness,High,Resolved,2026-05-01,Record remediation
X0002043,2026-03-16,E0005953,S002456,EX01,Incomplete Contact Details,Completeness,Medium,Resolved,2026-03-17,Record remediation
X0002044,2026-03-02,E0005960,S003925,EX05,Legacy Migration Mismatch,Consistency,High,Open,,Pending investigation
X0002045,2026-03-16,E0005960,S003925,EX05,Legacy Migration Mismatch,Consistency,High,Resolved,2026-03-27,System correction
X0002046,2026-03-30,E0005960,S003925,EX05,Legacy Migration Mismatch,Consistency,High,Open,,Pending investigation
X0002047,2026-03-02,E0005962,S002427,EX03,Potential Duplicate Enrolment,Uniqueness,High,Resolved,2026-03-20,Record remediation
X0002048,2026-03-30,E0005968,S003890,EX03,Potential Duplicate Enrolment,Uniqueness,High,Open,,Pending investigation
X0002049,2026-04-13,E0005968,S003890,EX03,Potential Duplicate Enrolment,Uniqueness,High,Resolved,2026-04-20,Record remediation
X0002050,2026-03-30,E0005971,S002177,EX01,Incomplete Contact Details,Completeness,Medium,Open,,Pending investigation
X0002051,2026-03-16,E0005979,S000294,EX03,Potential Duplicate Enrolment,Uniqueness,High,Resolved,2026-04-03,Record remediation
X0002052,2026-03-16,E0005980,S000252,EX06,Fee/Product Validation,Validity,High,Open,,Pending investigation
X0002053,2026-03-30,E0005980,S000252,EX06,Fee/Product Validation,Validity,High,Open,,Pending investigation
X0002054,2026-03-16,E0005987,S002903,EX05,Legacy Migration Mismatch,Consistency,High,Resolved,2026-03-24,System correction
X0002055,2026-03-30,E0005987,S002903,EX05,Legacy Migration Mismatch,Consistency,High,Resolved,2026-04-12,System correction
X0002056,2026-04-13,E0005988,S004123,EX07,Incomplete Enrolment,Completeness,Medium,Resolved,2026-04-15,Record remediation
X0002057,2026-03-02,E0005989,S003241,EX03,Potential Duplicate Enrolment,Uniqueness,High,Resolved,2026-03-20,Record remediation
X0002058,2026-04-13,E0005992,S003971,EX04,Withdrawal / Remediation Overlap,Consistency,Medium,Resolved,2026-04-26,Record remediation
X0002059,2026-04-27,E0005993,S000479,EX01,Incomplete Contact Details,Completeness,Medium,Resolved,2026-05-01,Record remediation
X0002060,2026-04-27,E0005999,S001597,EX05,Legacy Migration Mismatch,Consistency,High,Open,,Pending investigation
X0002061,2026-04-13,E0006000,S003487,EX05,Legacy Migration Mismatch,Consistency,High,Resolved,2026-04-19,System correction
X0002062,2026-04-27,E0006000,S003487,EX05,Legacy Migration Mismatch,Consistency,High,Resolved,2026-05-07,System correction
X0002063,2026-05-11,E0006000,S003487,EX05,Legacy Migration Mismatch,Consistency,High,Open,,Pending investigation
X0002064,2026-03-02,E0006004,S001594,EX02,Missing LMS Unit Link,Completeness,High,Open,,Pending investigation
X0002065,2026-03-16,E0006005,S003097,EX06,Fee/Product Validation,Validity,High,Open,,Pending investigation
X0002066,2026-03-30,E0006005,S003097,EX06,Fee/Product Validation,Validity,High,Resolved,2026-04-07,System correction
X0002067,2026-03-30,E0006005,S003097,EX04,Withdrawal / Remediation Overlap,Consistency,Medium,Resolved,2026-04-14,Record remediation
X0002068,2026-03-30,E0006006,S002324,EX06,Fee/Product Validation,Validity,High,Open,,Pending investigation
X0002069,2026-03-02,E0006008,S002070,EX04,Withdrawal / Remediation Overlap,Consistency,Medium,Open,,Pending investigation
X0002070,2026-03-16,E0006008,S002070,EX04,Withdrawal / Remediation Overlap,Consistency,Medium,Resolved,2026-04-01,Record remediation
X0002071,2026-03-30,E0006011,S003450,EX01,Incomplete Contact Details,Completeness,Medium,Open,,Pending investigation
X0002072,2026-03-16,E0006013,S002886,EX05,Legacy Migration Mismatch,Consistency,High,Open,,Pending investigation
X0002073,2026-04-27,E0006014,S003243,EX01,Incomplete Contact Details,Completeness,Medium,Open,,Pending investigation
X0002074,2026-05-11,E0006014,S003243,EX01,Incomplete Contact Details,Completeness,Medium,Resolved,2026-05-22,Record remediation
X0002075,2026-03-02,E0006018,S000278,EX01,Incomplete Contact Details,Completeness,Medium,Resolved,2026-03-04,Record remediation
X0002076,2026-04-13,E0006022,S001667,EX03,Potential Duplicate Enrolment,Uniqueness,High,Resolved,2026-04-24,Record remediation
X0002077,2026-04-13,E0006026,S002900,EX01,Incomplete Contact Details,Completeness,Medium,Open,,Pending investigation
X0002078,2026-04-27,E0006026,S002900,EX01,Incomplete Contact Details,Completeness,Medium,Resolved,2026-05-04,Record remediation
X0002079,2026-03-30,E0006032,S001239,EX02,Missing LMS Unit Link,Completeness,High,Resolved,2026-04-03,System correction
X0002080,2026-04-13,E0006035,S000770,EX06,Fee/Product Validation,Validity,High,Resolved,2026-05-01,System correction
X0002081,2026-03-16,E0006035,S000770,EX01,Incomplete Contact Details,Completeness,Medium,Resolved,2026-03-20,Record remediation
X0002082,2026-03-30,E0006038,S003118,EX01,Incomplete Contact Details,Completeness,Medium,Open,,Pending investigation
X0002083,2026-04-27,E0006057,S001918,EX01,Incomplete Contact Details,Completeness,Medium,Resolved,2026-04-28,Record remediation
X0002084,2026-03-02,E0006058,S000553,EX06,Fee/Product Validation,Validity,High,Resolved,2026-03-20,System correction
X0002085,2026-03-02,E0006070,S002314,EX02,Missing LMS Unit Link,Completeness,High,Resolved,2026-03-04,System correction
X0002086,2026-03-16,E0006070,S002314,EX06,Fee/Product Validation,Validity,High,Resolved,2026-03-22,System correction
X0002087,2026-03-16,E0006082,S001298,EX07,Incomplete Enrolment,Completeness,Medium,Resolved,2026-03-19,Record remediation
X0002088,2026-04-27,E0006083,S000644,EX03,Potential Duplicate Enrolment,Uniqueness,High,Open,,Pending investigation
X0002089,2026-03-30,E0006089,S002608,EX05,Legacy Migration Mismatch,Consistency,High,Resolved,2026-04-10,System correction
X0002090,2026-04-13,E0006089,S002608,EX05,Legacy Migration Mismatch,Consistency,High,Resolved,2026-04-18,System correction
X0002091,2026-04-27,E0006089,S002608,EX05,Legacy Migration Mismatch,Consistency,High,Resolved,2026-05-13,System correction
X0002092,2026-04-13,E0006090,S000965,EX07,Incomplete Enrolment,Completeness,Medium,Resolved,2026-04-16,Record remediation
X0002093,2026-03-30,E0006095,S001477,EX05,Legacy Migration Mismatch,Consistency,High,Resolved,2026-04-11,System correction
X0002094,2026-03-16,E0006099,S001113,EX04,Withdrawal / Remediation Overlap,Consistency,Medium,Resolved,2026-04-01,Record remediation
X0002095,2026-03-30,E0006100,S002123,EX03,Potential Duplicate Enrolment,Uniqueness,High,Resolved,2026-04-09,Record remediation
X0002096,2026-04-13,E0006112,S000536,EX07,Incomplete Enrolment,Completeness,Medium,Resolved,2026-04-20,Record remediation
X0002097,2026-03-16,E0006115,S002427,EX01,Incomplete Contact Details,Completeness,Medium,Resolved,2026-03-24,Record remediation
X0002098,2026-03-02,E0006116,S003931,EX01,Incomplete Contact Details,Completeness,Medium,Resolved,2026-03-05,Record remediation
X0002099,2026-03-02,E0006123,S004088,EX03,Potential Duplicate Enrolment,Uniqueness,High,Open,,Pending investigation
X0002100,2026-04-27,E0006124,S000253,EX01,Incomplete Contact Details,Completeness,Medium,Resolved,2026-05-07,Record remediation
X0002101,2026-03-02,E0006131,S000871,EX06,Fee/Product Validation,Validity,High,Resolved,2026-03-04,System correction
X0002102,2026-04-13,E0006133,S002692,EX06,Fee/Product Validation,Validity,High,Open,,Pending investigation
X0002103,2026-03-16,E0006143,S001161,EX06,Fee/Product Validation,Validity,High,Open,,Pending investigation
X0002104,2026-03-30,E0006143,S001161,EX06,Fee/Product Validation,Validity,High,Resolved,2026-04-09,System correction
X0002105,2026-04-13,E0006150,S002415,EX06,Fee/Product Validation,Validity,High,Resolved,2026-04-16,System correction
X0002106,2026-04-13,E0006151,S001903,EX02,Missing LMS Unit Link,Completeness,High,Open,,Pending investigation
X0002107,2026-04-27,E0006152,S001355,EX01,Incomplete Contact Details,Completeness,Medium,Resolved,2026-04-30,Record remediation
X0002108,2026-04-27,E0006153,S004146,EX06,Fee/Product Validation,Validity,High,Resolved,2026-04-28,System correction
X0002109,2026-04-13,E0006153,S004146,EX03,Potential Duplicate Enrolment,Uniqueness,High,Resolved,2026-04-28,Record remediation
X0002110,2026-03-02,E0006159,S001111,EX07,Incomplete Enrolment,Completeness,Medium,Resolved,2026-03-11,Record remediation
X0002111,2026-03-30,E0006161,S001159,EX01,Incomplete Contact Details,Completeness,Medium,Resolved,2026-04-12,Record remediation
X0002112,2026-04-27,E0006162,S004079,EX06,Fee/Product Validation,Validity,High,Open,,Pending investigation
X0002113,2026-04-27,E0006164,S003071,EX05,Legacy Migration Mismatch,Consistency,High,Open,,Pending investigation
X0002114,2026-05-11,E0006164,S003071,EX05,Legacy Migration Mismatch,Consistency,High,Resolved,2026-05-25,System correction
X0002115,2026-03-16,E0006166,S003160,EX06,Fee/Product Validation,Validity,High,Resolved,2026-03-31,System correction
X0002116,2026-03-30,E0006166,S003160,EX06,Fee/Product Validation,Validity,High,Open,,Pending investigation
X0002117,2026-04-27,E0006167,S002542,EX06,Fee/Product Validation,Validity,High,Resolved,2026-05-06,System correction
X0002118,2026-03-30,E0006169,S002087,EX06,Fee/Product Validation,Validity,High,Open,,Pending investigation
X0002119,2026-03-16,E0006172,S002261,EX01,Incomplete Contact Details,Completeness,Medium,Resolved,2026-03-30,Record remediation
X0002120,2026-03-16,E0006172,S002261,EX03,Potential Duplicate Enrolment,Uniqueness,High,Resolved,2026-04-01,Record remediation
X0002121,2026-04-27,E0006183,S004106,EX06,Fee/Product Validation,Validity,High,Resolved,2026-04-30,System correction
X0002122,2026-03-30,E0006186,S003464,EX02,Missing LMS Unit Link,Completeness,High,Open,,Pending investigation
X0002123,2026-04-13,E0006186,S003464,EX02,Missing LMS Unit Link,Completeness,High,Resolved,2026-04-17,System correction
X0002124,2026-03-02,E0006189,S001584,EX06,Fee/Product Validation,Validity,High,Open,,Pending investigation
X0002125,2026-03-30,E0006194,S001155,EX06,Fee/Product Validation,Validity,High,Resolved,2026-04-12,System correction
X0002126,2026-04-13,E0006204,S001262,EX01,Incomplete Contact Details,Completeness,Medium,Open,,Pending investigation
X0002127,2026-04-27,E0006204,S001262,EX01,Incomplete Contact Details,Completeness,Medium,Resolved,2026-05-01,Record remediation
X0002128,2026-04-13,E0006206,S000643,EX06,Fee/Product Validation,Validity,High,Resolved,2026-04-24,System correction
X0002129,2026-03-30,E0006206,S000643,EX04,Withdrawal / Remediation Overlap,Consistency,Medium,Resolved,2026-04-13,Record remediation
X0002130,2026-04-13,E0006207,S001171,EX05,Legacy Migration Mismatch,Consistency,High,Open,,Pending investigation
X0002131,2026-04-27,E0006207,S001171,EX05,Legacy Migration Mismatch,Consistency,High,Open,,Pending investigation
X0002132,2026-03-02,E0006221,S004004,EX02,Missing LMS Unit Link,Completeness,High,Open,,Pending investigation
X0002133,2026-03-16,E0006221,S004004,EX02,Missing LMS Unit Link,Completeness,High,Resolved,2026-03-28,System correction
X0002134,2026-04-13,E0006221,S004004,EX01,Incomplete Contact Details,Completeness,Medium,Resolved,2026-04-15,Record remediation
X0002135,2026-03-16,E0006222,S000137,EX07,Incomplete Enrolment,Completeness,Medium,Resolved,2026-03-17,Record remediation
X0002136,2026-04-27,E0006223,S003753,EX04,Withdrawal / Remediation Overlap,Consistency,Medium,Resolved,2026-05-03,Record remediation
X0002137,2026-03-30,E0006226,S001361,EX07,Incomplete Enrolment,Completeness,Medium,Resolved,2026-04-08,Record remediation
X0002138,2026-03-30,E0006230,S002517,EX05,Legacy Migration Mismatch,Consistency,High,Open,,Pending investigation
X0002139,2026-03-02,E0006236,S000561,EX06,Fee/Product Validation,Validity,High,Resolved,2026-03-12,System correction
X0002140,2026-03-16,E0006238,S001229,EX02,Missing LMS Unit Link,Completeness,High,Resolved,2026-03-29,System correction
X0002141,2026-04-13,E0006240,S000247,EX03,Potential Duplicate Enrolment,Uniqueness,High,Resolved,2026-04-16,Record remediation
X0002142,2026-04-27,E0006242,S002200,EX05,Legacy Migration Mismatch,Consistency,High,Resolved,2026-05-04,System correction
X0002143,2026-05-11,E0006242,S002200,EX05,Legacy Migration Mismatch,Consistency,High,Resolved,2026-05-17,System correction
X0002144,2026-04-13,E0006245,S003222,EX07,Incomplete Enrolment,Completeness,Medium,Resolved,2026-04-28,Record remediation
X0002145,2026-04-27,E0006252,S002318,EX05,Legacy Migration Mismatch,Consistency,High,Resolved,2026-05-05,System correction
X0002146,2026-04-27,E0006255,S003791,EX04,Withdrawal / Remediation Overlap,Consistency,Medium,Resolved,2026-04-30,Record remediation
X0002147,2026-03-02,E0006258,S003120,EX06,Fee/Product Validation,Validity,High,Resolved,2026-03-15,System correction
X0002148,2026-03-16,E0006258,S003120,EX06,Fee/Product Validation,Validity,High,Resolved,2026-03-17,System correction
X0002149,2026-03-30,E0006258,S003120,EX04,Withdrawal / Remediation Overlap,Consistency,Medium,Resolved,2026-03-31,Record remediation
X0002150,2026-03-16,E0006266,S002357,EX01,Incomplete Contact Details,Completeness,Medium,Resolved,2026-03-29,Record remediation
X0002151,2026-03-30,E0006266,S002357,EX01,Incomplete Contact Details,Completeness,Medium,Resolved,2026-04-12,Record remediation
X0002152,2026-04-13,E0006270,S000197,EX04,Withdrawal / Remediation Overlap,Consistency,Medium,Open,,Pending investigation
X0002153,2026-03-30,E0006271,S001016,EX01,Incomplete Contact Details,Completeness,Medium,Resolved,2026-04-15,Record remediation
X0002154,2026-04-27,E0006271,S001016,EX04,Withdrawal / Remediation Overlap,Consistency,Medium,Resolved,2026-05-11,Record remediation
X0002155,2026-04-27,E0006273,S003280,EX02,Missing LMS Unit Link,Completeness,High,Resolved,2026-05-10,System correction
X0002156,2026-04-27,E0006273,S003280,EX03,Potential Duplicate Enrolment,Uniqueness,High,Resolved,2026-05-09,Record remediation
X0002157,2026-03-30,E0006275,S003397,EX01,Incomplete Contact Details,Completeness,Medium,Resolved,2026-04-16,Record remediation
X0002158,2026-04-27,E0006278,S001980,EX07,Incomplete Enrolment,Completeness,Medium,Open,,Pending investigation
X0002159,2026-03-02,E0006282,S002667,EX06,Fee/Product Validation,Validity,High,Resolved,2026-03-15,System correction
X0002160,2026-03-02,E0006283,S003348,EX02,Missing LMS Unit Link,Completeness,High,Open,,Pending investigation
X0002161,2026-03-16,E0006283,S003348,EX02,Missing LMS Unit Link,Completeness,High,Resolved,2026-04-02,System correction
X0002162,2026-03-02,E0006290,S003913,EX05,Legacy Migration Mismatch,Consistency,High,Open,,Pending investigation
X0002163,2026-03-16,E0006290,S003913,EX05,Legacy Migration Mismatch,Consistency,High,Resolved,2026-03-31,System correction
X0002164,2026-03-16,E0006291,S002959,EX07,Incomplete Enrolment,Completeness,Medium,Open,,Pending investigation
X0002165,2026-03-30,E0006291,S002959,EX07,Incomplete Enrolment,Completeness,Medium,Resolved,2026-04-13,Record remediation
X0002166,2026-03-16,E0006295,S000355,EX01,Incomplete Contact Details,Completeness,Medium,Open,,Pending investigation
X0002167,2026-03-30,E0006295,S000355,EX01,Incomplete Contact Details,Completeness,Medium,Resolved,2026-04-04,Record remediation
X0002168,2026-03-16,E0006299,S002670,EX04,Withdrawal / Remediation Overlap,Consistency,Medium,Open,,Pending investigation
X0002169,2026-03-30,E0006299,S002670,EX04,Withdrawal / Remediation Overlap,Consistency,Medium,Resolved,2026-04-13,Record remediation
X0002170,2026-03-30,E0006305,S000616,EX03,Potential Duplicate Enrolment,Uniqueness,High,Resolved,2026-04-13,Record remediation
X0002171,2026-04-13,E0006311,S003259,EX07,Incomplete Enrolment,Completeness,Medium,Resolved,2026-04-16,Record remediation
X0002172,2026-04-27,E0006312,S003000,EX06,Fee/Product Validation,Validity,High,Open,,Pending investigation
X0002173,2026-05-11,E0006312,S003000,EX06,Fee/Product Validation,Validity,High,Resolved,2026-05-13,System correction
X0002174,2026-03-02,E0006314,S003629,EX04,Withdrawal / Remediation Overlap,Consistency,Medium,Open,,Pending investigation
X0002175,2026-04-27,E0006326,S000417,EX07,Incomplete Enrolment,Completeness,Medium,Resolved,2026-05-03,Record remediation
X0002176,2026-04-27,E0006330,S001488,EX01,Incomplete Contact Details,Completeness,Medium,Open,,Pending investigation
X0002177,2026-05-11,E0006330,S001488,EX01,Incomplete Contact Details,Completeness,Medium,Resolved,2026-05-24,Record remediation
X0002178,2026-03-02,E0006331,S000738,EX06,Fee/Product Validation,Validity,High,Resolved,2026-03-20,System correction
X0002179,2026-03-02,E0006333,S000112,EX01,Incomplete Contact Details,Completeness,Medium,Open,,Pending investigation
X0002180,2026-03-30,E0006340,S000806,EX01,Incomplete Contact Details,Completeness,Medium,Resolved,2026-04-14,Record remediation
X0002181,2026-04-13,E0006340,S000806,EX01,Incomplete Contact Details,Completeness,Medium,Resolved,2026-04-30,Record remediation
X0002182,2026-04-27,E0006343,S001430,EX05,Legacy Migration Mismatch,Consistency,High,Open,,Pending investigation
X0002183,2026-05-11,E0006343,S001430,EX05,Legacy Migration Mismatch,Consistency,High,Resolved,2026-05-16,System correction
X0002184,2026-04-27,E0006343,S001430,EX06,Fee/Product Validation,Validity,High,Resolved,2026-05-07,System correction
X0002185,2026-03-02,E0006358,S003547,EX06,Fee/Product Validation,Validity,High,Resolved,2026-03-12,System correction
X0002186,2026-03-30,E0006363,S004197,EX01,Incomplete Contact Details,Completeness,Medium,Open,,Pending investigation
X0002187,2026-03-30,E0006365,S002164,EX06,Fee/Product Validation,Validity,High,Resolved,2026-04-14,System correction
X0002188,2026-03-16,E0006369,S004151,EX01,Incomplete Contact Details,Completeness,Medium,Resolved,2026-03-21,Record remediation
X0002189,2026-04-13,E0006370,S002436,EX04,Withdrawal / Remediation Overlap,Consistency,Medium,Resolved,2026-04-26,Record remediation
X0002190,2026-04-27,E0006373,S003237,EX06,Fee/Product Validation,Validity,High,Resolved,2026-05-04,System correction
X0002191,2026-05-11,E0006373,S003237,EX06,Fee/Product Validation,Validity,High,Resolved,2026-05-14,System correction
X0002192,2026-03-16,E0006375,S001172,EX06,Fee/Product Validation,Validity,High,Resolved,2026-03-20,System correction
X0002193,2026-03-16,E0006381,S002298,EX01,Incomplete Contact Details,Completeness,Medium,Resolved,2026-03-26,Record remediation
X0002194,2026-04-13,E0006382,S000853,EX06,Fee/Product Validation,Validity,High,Resolved,2026-04-17,System correction
X0002195,2026-04-13,E0006383,S003030,EX06,Fee/Product Validation,Validity,High,Resolved,2026-04-24,System correction
X0002196,2026-03-16,E0006384,S000647,EX02,Missing LMS Unit Link,Completeness,High,Resolved,2026-03-20,System correction
X0002197,2026-03-30,E0006384,S000647,EX02,Missing LMS Unit Link,Completeness,High,Resolved,2026-04-17,System correction
X0002198,2026-03-16,E0006386,S001321,EX06,Fee/Product Validation,Validity,High,Resolved,2026-03-30,System correction
X0002199,2026-03-02,E0006392,S002697,EX07,Incomplete Enrolment,Completeness,Medium,Resolved,2026-03-14,Record remediation
X0002200,2026-04-13,E0006392,S002697,EX05,Legacy Migration Mismatch,Consistency,High,Open,,Pending investigation
X0002201,2026-04-27,E0006392,S002697,EX05,Legacy Migration Mismatch,Consistency,High,Resolved,2026-05-05,System correction
X0002202,2026-05-11,E0006392,S002697,EX05,Legacy Migration Mismatch,Consistency,High,Resolved,2026-05-16,System correction
X0002203,2026-03-16,E0006396,S003105,EX01,Incomplete Contact Details,Completeness,Medium,Open,,Pending investigation
X0002204,2026-04-13,E0006401,S000236,EX07,Incomplete Enrolment,Completeness,Medium,Open,,Pending investigation
X0002205,2026-04-13,E0006410,S001049,EX01,Incomplete Contact Details,Completeness,Medium,Open,,Pending investigation
X0002206,2026-04-27,E0006410,S001049,EX01,Incomplete Contact Details,Completeness,Medium,Resolved,2026-05-04,Record remediation
X0002207,2026-03-30,E0006411,S003413,EX06,Fee/Product Validation,Validity,High,Resolved,2026-03-31,System correction
X0002208,2026-04-13,E0006411,S003413,EX06,Fee/Product Validation,Validity,High,Open,,Pending investigation
X0002209,2026-04-27,E0006417,S002131,EX07,Incomplete Enrolment,Completeness,Medium,Open,,Pending investigation
X0002210,2026-04-27,E0006423,S002757,EX06,Fee/Product Validation,Validity,High,Resolved,2026-04-29,System correction
X0002211,2026-04-27,E0006424,S001528,EX04,Withdrawal / Remediation Overlap,Consistency,Medium,Resolved,2026-05-05,Record remediation
X0002212,2026-03-16,E0006425,S001646,EX01,Incomplete Contact Details,Completeness,Medium,Resolved,2026-03-29,Record remediation
X0002213,2026-03-30,E0006425,S001646,EX01,Incomplete Contact Details,Completeness,Medium,Resolved,2026-04-09,Record remediation
X0002214,2026-03-02,E0006428,S003907,EX07,Incomplete Enrolment,Completeness,Medium,Resolved,2026-03-13,Record remediation
X0002215,2026-03-02,E0006428,S003907,EX02,Missing LMS Unit Link,Completeness,High,Resolved,2026-03-17,System correction
X0002216,2026-03-02,E0006430,S000983,EX06,Fee/Product Validation,Validity,High,Resolved,2026-03-15,System correction
X0002217,2026-03-16,E0006439,S000451,EX04,Withdrawal / Remediation Overlap,Consistency,Medium,Resolved,2026-03-18,Record remediation
X0002218,2026-04-13,E0006440,S001490,EX03,Potential Duplicate Enrolment,Uniqueness,High,Resolved,2026-04-19,Record remediation
X0002219,2026-03-30,E0006443,S001310,EX06,Fee/Product Validation,Validity,High,Resolved,2026-04-02,System correction
X0002220,2026-04-27,E0006450,S002173,EX06,Fee/Product Validation,Validity,High,Resolved,2026-05-10,System correction
X0002221,2026-04-13,E0006457,S000699,EX07,Incomplete Enrolment,Completeness,Medium,Resolved,2026-04-19,Record remediation
X0002222,2026-04-27,E0006458,S000341,EX07,Incomplete Enrolment,Completeness,Medium,Open,,Pending investigation
X0002223,2026-05-11,E0006458,S000341,EX07,Incomplete Enrolment,Completeness,Medium,Resolved,2026-05-15,Record remediation
X0002224,2026-03-02,E0006458,S000341,EX01,Incomplete Contact Details,Completeness,Medium,Resolved,2026-03-16,Record remediation
X0002225,2026-03-16,E0006458,S000341,EX01,Incomplete Contact Details,Completeness,Medium,Resolved,2026-03-18,Record remediation
X0002226,2026-04-27,E0006459,S000700,EX07,Incomplete Enrolment,Completeness,Medium,Resolved,2026-04-30,Record remediation
X0002227,2026-03-02,E0006459,S000700,EX02,Missing LMS Unit Link,Completeness,High,Open,,Pending investigation
X0002228,2026-03-16,E0006459,S000700,EX02,Missing LMS Unit Link,Completeness,High,Open,,Pending investigation
X0002229,2026-03-30,E0006459,S000700,EX02,Missing LMS Unit Link,Completeness,High,Resolved,2026-04-15,System correction
X0002230,2026-04-13,E0006472,S003225,EX06,Fee/Product Validation,Validity,High,Resolved,2026-04-26,System correction
X0002231,2026-03-30,E0006473,S003581,EX06,Fee/Product Validation,Validity,High,Resolved,2026-04-01,System correction
X0002232,2026-03-16,E0006479,S001601,EX03,Potential Duplicate Enrolment,Uniqueness,High,Resolved,2026-04-03,Record remediation
X0002233,2026-03-16,E0006480,S004137,EX01,Incomplete Contact Details,Completeness,Medium,Open,,Pending investigation
X0002234,2026-03-30,E0006482,S003642,EX05,Legacy Migration Mismatch,Consistency,High,Open,,Pending investigation
X0002235,2026-04-13,E0006482,S003642,EX05,Legacy Migration Mismatch,Consistency,High,Resolved,2026-04-27,System correction
X0002236,2026-03-30,E0006485,S001295,EX01,Incomplete Contact Details,Completeness,Medium,Resolved,2026-04-04,Record remediation
X0002237,2026-04-13,E0006485,S001295,EX01,Incomplete Contact Details,Completeness,Medium,Resolved,2026-04-16,Record remediation
X0002238,2026-03-30,E0006489,S003684,EX02,Missing LMS Unit Link,Completeness,High,Open,,Pending investigation
X0002239,2026-04-13,E0006489,S003684,EX02,Missing LMS Unit Link,Completeness,High,Open,,Pending investigation
X0002240,2026-03-16,E0006490,S001041,EX04,Withdrawal / Remediation Overlap,Consistency,Medium,Resolved,2026-03-20,Record remediation
X0002241,2026-03-30,E0006499,S002426,EX05,Legacy Migration Mismatch,Consistency,High,Resolved,2026-03-31,System correction
X0002242,2026-04-13,E0006499,S002426,EX05,Legacy Migration Mismatch,Consistency,High,Resolved,2026-04-25,System correction
X0002243,2026-04-13,E0006500,S001451,EX03,Potential Duplicate Enrolment,Uniqueness,High,Open,,Pending investigation
X0002244,2026-04-27,E0006501,S002259,EX06,Fee/Product Validation,Validity,High,Resolved,2026-05-07,System correction
X0002245,2026-04-13,E0006501,S002259,EX01,Incomplete Contact Details,Completeness,Medium,Open,,Pending investigation
X0002246,2026-04-27,E0006504,S000157,EX01,Incomplete Contact Details,Completeness,Medium,Resolved,2026-05-12,Record remediation
X0002247,2026-05-11,E0006504,S000157,EX01,Incomplete Contact Details,Completeness,Medium,Resolved,2026-05-12,Record remediation
X0002248,2026-03-02,E0006506,S002887,EX06,Fee/Product Validation,Validity,High,Resolved,2026-03-07,System correction
X0002249,2026-03-30,E0006508,S000235,EX06,Fee/Product Validation,Validity,High,Resolved,2026-04-16,System correction
X0002250,2026-04-13,E0006512,S003707,EX01,Incomplete Contact Details,Completeness,Medium,Resolved,2026-04-24,Record remediation
X0002251,2026-04-27,E0006512,S003707,EX01,Incomplete Contact Details,Completeness,Medium,Resolved,2026-05-07,Record remediation
X0002252,2026-04-27,E0006514,S002137,EX05,Legacy Migration Mismatch,Consistency,High,Resolved,2026-05-08,System correction
X0002253,2026-03-02,E0006517,S003065,EX01,Incomplete Contact Details,Completeness,Medium,Resolved,2026-03-08,Record remediation
X0002254,2026-03-16,E0006517,S003065,EX01,Incomplete Contact Details,Completeness,Medium,Resolved,2026-03-30,Record remediation
X0002255,2026-04-27,E0006519,S001007,EX01,Incomplete Contact Details,Completeness,Medium,Resolved,2026-04-30,Record remediation
X0002256,2026-04-27,E0006525,S001485,EX06,Fee/Product Validation,Validity,High,Resolved,2026-05-09,System correction
X0002257,2026-03-02,E0006528,S003145,EX06,Fee/Product Validation,Validity,High,Resolved,2026-03-12,System correction
X0002258,2026-03-02,E0006529,S000748,EX06,Fee/Product Validation,Validity,High,Open,,Pending investigation
X0002259,2026-03-16,E0006538,S003884,EX06,Fee/Product Validation,Validity,High,Open,,Pending investigation
X0002260,2026-03-30,E0006538,S003884,EX06,Fee/Product Validation,Validity,High,Resolved,2026-04-04,System correction
X0002261,2026-04-13,E0006540,S001727,EX01,Incomplete Contact Details,Completeness,Medium,Open,,Pending investigation
X0002262,2026-04-13,E0006542,S002884,EX01,Incomplete Contact Details,Completeness,Medium,Resolved,2026-05-01,Record remediation
X0002263,2026-03-30,E0006546,S001299,EX01,Incomplete Contact Details,Completeness,Medium,Resolved,2026-04-17,Record remediation
X0002264,2026-04-27,E0006548,S004175,EX01,Incomplete Contact Details,Completeness,Medium,Resolved,2026-05-07,Record remediation
X0002265,2026-03-16,E0006552,S001551,EX07,Incomplete Enrolment,Completeness,Medium,Resolved,2026-03-26,Record remediation
X0002266,2026-03-30,E0006553,S001600,EX06,Fee/Product Validation,Validity,High,Resolved,2026-04-06,System correction
X0002267,2026-04-13,E0006562,S003702,EX06,Fee/Product Validation,Validity,High,Open,,Pending investigation
X0002268,2026-04-27,E0006562,S003702,EX06,Fee/Product Validation,Validity,High,Resolved,2026-04-28,System correction
X0002269,2026-03-02,E0006563,S002647,EX01,Incomplete Contact Details,Completeness,Medium,Resolved,2026-03-08,Record remediation
X0002270,2026-04-27,E0006564,S000355,EX06,Fee/Product Validation,Validity,High,Resolved,2026-05-11,System correction
X0002271,2026-05-11,E0006564,S000355,EX06,Fee/Product Validation,Validity,High,Resolved,2026-05-25,System correction
X0002272,2026-03-30,E0006566,S000533,EX02,Missing LMS Unit Link,Completeness,High,Resolved,2026-04-04,System correction
X0002273,2026-04-27,E0006568,S004135,EX02,Missing LMS Unit Link,Completeness,High,Resolved,2026-05-10,System correction
X0002274,2026-05-11,E0006568,S004135,EX02,Missing LMS Unit Link,Completeness,High,Resolved,2026-05-15,System correction
X0002275,2026-03-16,E0006578,S001718,EX04,Withdrawal / Remediation Overlap,Consistency,Medium,Open,,Pending investigation
X0002276,2026-04-27,E0006587,S002352,EX03,Potential Duplicate Enrolment,Uniqueness,High,Resolved,2026-05-09,Record remediation
X0002277,2026-03-16,E0006588,S000412,EX01,Incomplete Contact Details,Completeness,Medium,Resolved,2026-03-23,Record remediation
X0002278,2026-04-27,E0006589,S000665,EX03,Potential Duplicate Enrolment,Uniqueness,High,Open,,Pending investigation
X0002279,2026-05-11,E0006589,S000665,EX03,Potential Duplicate Enrolment,Uniqueness,High,Resolved,2026-05-16,Record remediation
X0002280,2026-03-02,E0006590,S002008,EX03,Potential Duplicate Enrolment,Uniqueness,High,Resolved,2026-03-13,Record remediation
X0002281,2026-03-16,E0006591,S000841,EX07,Incomplete Enrolment,Completeness,Medium,Open,,Pending investigation
X0002282,2026-03-30,E0006591,S000841,EX07,Incomplete Enrolment,Completeness,Medium,Resolved,2026-04-02,Record remediation
X0002283,2026-03-02,E0006594,S001237,EX02,Missing LMS Unit Link,Completeness,High,Open,,Pending investigation
X0002284,2026-03-16,E0006594,S001237,EX02,Missing LMS Unit Link,Completeness,High,Resolved,2026-03-31,System correction
X0002285,2026-03-30,E0006594,S001237,EX02,Missing LMS Unit Link,Completeness,High,Open,,Pending investigation
X0002286,2026-03-30,E0006598,S002120,EX07,Incomplete Enrolment,Completeness,Medium,Open,,Pending investigation
X0002287,2026-04-27,E0006604,S002502,EX02,Missing LMS Unit Link,Completeness,High,Resolved,2026-05-01,System correction
X0002288,2026-03-16,E0006606,S002774,EX06,Fee/Product Validation,Validity,High,Resolved,2026-03-23,System correction
X0002289,2026-04-27,E0006608,S000917,EX06,Fee/Product Validation,Validity,High,Resolved,2026-05-15,System correction
X0002290,2026-03-02,E0006615,S000720,EX04,Withdrawal / Remediation Overlap,Consistency,Medium,Resolved,2026-03-10,Record remediation
X0002291,2026-03-16,E0006618,S000577,EX01,Incomplete Contact Details,Completeness,Medium,Open,,Pending investigation
X0002292,2026-04-27,E0006621,S003919,EX06,Fee/Product Validation,Validity,High,Resolved,2026-05-15,System correction
X0002293,2026-04-27,E0006622,S002509,EX01,Incomplete Contact Details,Completeness,Medium,Resolved,2026-05-02,Record remediation
X0002294,2026-04-27,E0006634,S000865,EX01,Incomplete Contact Details,Completeness,Medium,Open,,Pending investigation
X0002295,2026-05-11,E0006634,S000865,EX01,Incomplete Contact Details,Completeness,Medium,Resolved,2026-05-17,Record remediation
X0002296,2026-03-02,E0006639,S001350,EX01,Incomplete Contact Details,Completeness,Medium,Resolved,2026-03-14,Record remediation
X0002297,2026-03-16,E0006640,S002586,EX04,Withdrawal / Remediation Overlap,Consistency,Medium,Resolved,2026-03-25,Record remediation
X0002298,2026-03-30,E0006643,S000067,EX06,Fee/Product Validation,Validity,High,Resolved,2026-04-17,System correction
X0002299,2026-03-02,E0006645,S001955,EX01,Incomplete Contact Details,Completeness,Medium,Resolved,2026-03-16,Record remediation
X0002300,2026-04-13,E0006647,S001962,EX01,Incomplete Contact Details,Completeness,Medium,Open,,Pending investigation
X0002301,2026-03-02,E0006651,S002000,EX07,Incomplete Enrolment,Completeness,Medium,Resolved,2026-03-19,Record remediation
X0002302,2026-03-30,E0006655,S003124,EX06,Fee/Product Validation,Validity,High,Open,,Pending investigation
X0002303,2026-03-16,E0006658,S001084,EX02,Missing LMS Unit Link,Completeness,High,Open,,Pending investigation
X0002304,2026-03-16,E0006661,S000964,EX07,Incomplete Enrolment,Completeness,Medium,Resolved,2026-04-03,Record remediation
X0002305,2026-03-30,E0006663,S003759,EX06,Fee/Product Validation,Validity,High,Resolved,2026-04-01,System correction
X0002306,2026-04-27,E0006665,S002300,EX04,Withdrawal / Remediation Overlap,Consistency,Medium,Resolved,2026-05-11,Record remediation
X0002307,2026-03-16,E0006669,S000381,EX01,Incomplete Contact Details,Completeness,Medium,Open,,Pending investigation
X0002308,2026-03-30,E0006669,S000381,EX01,Incomplete Contact Details,Completeness,Medium,Resolved,2026-04-07,Record remediation
X0002309,2026-04-13,E0006670,S002561,EX05,Legacy Migration Mismatch,Consistency,High,Resolved,2026-04-28,System correction
X0002310,2026-03-16,E0006678,S000720,EX04,Withdrawal / Remediation Overlap,Consistency,Medium,Open,,Pending investigation
X0002311,2026-03-02,E0006685,S003488,EX04,Withdrawal / Remediation Overlap,Consistency,Medium,Resolved,2026-03-13,Record remediation
X0002312,2026-03-30,E0006689,S003455,EX02,Missing LMS Unit Link,Completeness,High,Resolved,2026-04-04,System correction
X0002313,2026-04-13,E0006689,S003455,EX02,Missing LMS Unit Link,Completeness,High,Open,,Pending investigation
X0002314,2026-04-27,E0006689,S003455,EX02,Missing LMS Unit Link,Completeness,High,Resolved,2026-05-11,System correction
X0002315,2026-03-30,E0006689,S003455,EX06,Fee/Product Validation,Validity,High,Resolved,2026-04-13,System correction
X0002316,2026-04-13,E0006697,S000166,EX05,Legacy Migration Mismatch,Consistency,High,Open,,Pending investigation
X0002317,2026-04-27,E0006697,S000166,EX05,Legacy Migration Mismatch,Consistency,High,Resolved,2026-05-02,System correction
X0002318,2026-03-02,E0006702,S001823,EX04,Withdrawal / Remediation Overlap,Consistency,Medium,Resolved,2026-03-03,Record remediation
X0002319,2026-03-16,E0006710,S002285,EX01,Incomplete Contact Details,Completeness,Medium,Resolved,2026-03-24,Record remediation
X0002320,2026-04-13,E0006716,S000956,EX06,Fee/Product Validation,Validity,High,Open,,Pending investigation
X0002321,2026-03-02,E0006725,S003145,EX03,Potential Duplicate Enrolment,Uniqueness,High,Resolved,2026-03-05,Record remediation
X0002322,2026-03-30,E0006730,S001040,EX04,Withdrawal / Remediation Overlap,Consistency,Medium,Resolved,2026-04-06,Record remediation
X0002323,2026-04-13,E0006738,S000546,EX02,Missing LMS Unit Link,Completeness,High,Resolved,2026-04-21,System correction
X0002324,2026-04-27,E0006738,S000546,EX02,Missing LMS Unit Link,Completeness,High,Open,,Pending investigation
X0002325,2026-04-27,E0006742,S000383,EX06,Fee/Product Validation,Validity,High,Resolved,2026-05-02,System correction
X0002326,2026-03-30,E0006743,S001133,EX06,Fee/Product Validation,Validity,High,Resolved,2026-04-01,System correction
X0002327,2026-03-16,E0006750,S001006,EX06,Fee/Product Validation,Validity,High,Resolved,2026-03-25,System correction
X0002328,2026-03-02,E0006753,S001633,EX03,Potential Duplicate Enrolment,Uniqueness,High,Open,,Pending investigation
X0002329,2026-03-16,E0006753,S001633,EX03,Potential Duplicate Enrolment,Uniqueness,High,Resolved,2026-03-19,Record remediation
X0002330,2026-04-13,E0006762,S001332,EX06,Fee/Product Validation,Validity,High,Resolved,2026-04-28,System correction
X0002331,2026-04-27,E0006765,S000305,EX06,Fee/Product Validation,Validity,High,Resolved,2026-05-13,System correction
X0002332,2026-03-02,E0006776,S002996,EX02,Missing LMS Unit Link,Completeness,High,Resolved,2026-03-20,System correction
X0002333,2026-03-16,E0006776,S002996,EX02,Missing LMS Unit Link,Completeness,High,Resolved,2026-03-22,System correction
X0002334,2026-03-02,E0006777,S003353,EX03,Potential Duplicate Enrolment,Uniqueness,High,Open,,Pending investigation
X0002335,2026-03-16,E0006777,S003353,EX03,Potential Duplicate Enrolment,Uniqueness,High,Resolved,2026-04-02,Record remediation
X0002336,2026-03-30,E0006791,S000666,EX06,Fee/Product Validation,Validity,High,Open,,Pending investigation
X0002337,2026-04-13,E0006797,S003319,EX04,Withdrawal / Remediation Overlap,Consistency,Medium,Resolved,2026-04-21,Record remediation
X0002338,2026-03-02,E0006806,S002055,EX06,Fee/Product Validation,Validity,High,Resolved,2026-03-19,System correction
X0002339,2026-03-16,E0006809,S001150,EX04,Withdrawal / Remediation Overlap,Consistency,Medium,Open,,Pending investigation
X0002340,2026-03-30,E0006809,S001150,EX04,Withdrawal / Remediation Overlap,Consistency,Medium,Open,,Pending investigation
X0002341,2026-03-16,E0006819,S000868,EX05,Legacy Migration Mismatch,Consistency,High,Open,,Pending investigation
X0002342,2026-03-30,E0006819,S000868,EX05,Legacy Migration Mismatch,Consistency,High,Resolved,2026-03-31,System correction
X0002343,2026-03-16,E0006820,S001789,EX02,Missing LMS Unit Link,Completeness,High,Resolved,2026-03-24,System correction
X0002344,2026-03-30,E0006820,S001789,EX02,Missing LMS Unit Link,Completeness,High,Open,,Pending investigation
X0002345,2026-04-27,E0006822,S000138,EX05,Legacy Migration Mismatch,Consistency,High,Resolved,2026-05-04,System correction
X0002346,2026-03-02,E0006827,S002750,EX03,Potential Duplicate Enrolment,Uniqueness,High,Resolved,2026-03-11,Record remediation
X0002347,2026-03-02,E0006828,S000848,EX06,Fee/Product Validation,Validity,High,Resolved,2026-03-17,System correction
X0002348,2026-04-27,E0006839,S000235,EX02,Missing LMS Unit Link,Completeness,High,Resolved,2026-05-06,System correction
X0002349,2026-03-16,E0006843,S002895,EX07,Incomplete Enrolment,Completeness,Medium,Resolved,2026-03-19,Record remediation
X0002350,2026-03-02,E0006843,S002895,EX06,Fee/Product Validation,Validity,High,Resolved,2026-03-07,System correction
X0002351,2026-03-02,E0006846,S003713,EX06,Fee/Product Validation,Validity,High,Open,,Pending investigation
X0002352,2026-03-02,E0006848,S003444,EX06,Fee/Product Validation,Validity,High,Resolved,2026-03-15,System correction
X0002353,2026-03-16,E0006852,S000477,EX07,Incomplete Enrolment,Completeness,Medium,Open,,Pending investigation
X0002354,2026-03-30,E0006852,S000477,EX07,Incomplete Enrolment,Completeness,Medium,Open,,Pending investigation
X0002355,2026-04-27,E0006855,S002707,EX02,Missing LMS Unit Link,Completeness,High,Open,,Pending investigation
X0002356,2026-05-11,E0006855,S002707,EX02,Missing LMS Unit Link,Completeness,High,Resolved,2026-05-14,System correction
X0002357,2026-03-02,E0006860,S001238,EX03,Potential Duplicate Enrolment,Uniqueness,High,Open,,Pending investigation
X0002358,2026-03-16,E0006860,S001238,EX03,Potential Duplicate Enrolment,Uniqueness,High,Resolved,2026-03-27,Record remediation
X0002359,2026-03-02,E0006866,S003235,EX07,Incomplete Enrolment,Completeness,Medium,Open,,Pending investigation
X0002360,2026-03-16,E0006866,S003235,EX07,Incomplete Enrolment,Completeness,Medium,Resolved,2026-03-21,Record remediation
X0002361,2026-04-27,E0006867,S002893,EX06,Fee/Product Validation,Validity,High,Resolved,2026-05-04,System correction
X0002362,2026-03-16,E0006872,S002935,EX03,Potential Duplicate Enrolment,Uniqueness,High,Resolved,2026-03-19,Record remediation
X0002363,2026-03-30,E0006872,S002935,EX03,Potential Duplicate Enrolment,Uniqueness,High,Resolved,2026-04-02,Record remediation
X0002364,2026-03-16,E0006874,S002235,EX06,Fee/Product Validation,Validity,High,Resolved,2026-03-17,System correction
X0002365,2026-04-27,E0006877,S001635,EX04,Withdrawal / Remediation Overlap,Consistency,Medium,Resolved,2026-04-29,Record remediation
X0002366,2026-04-13,E0006878,S000627,EX02,Missing LMS Unit Link,Completeness,High,Resolved,2026-04-20,System correction
X0002367,2026-03-16,E0006879,S000777,EX06,Fee/Product Validation,Validity,High,Resolved,2026-03-28,System correction
X0002368,2026-03-16,E0006885,S000335,EX05,Legacy Migration Mismatch,Consistency,High,Resolved,2026-03-30,System correction
X0002369,2026-04-27,E0006889,S001445,EX02,Missing LMS Unit Link,Completeness,High,Resolved,2026-05-05,System correction
X0002370,2026-04-27,E0006889,S001445,EX04,Withdrawal / Remediation Overlap,Consistency,Medium,Open,,Pending investigation
X0002371,2026-04-27,E0006893,S000882,EX06,Fee/Product Validation,Validity,High,Open,,Pending investigation
X0002372,2026-05-11,E0006893,S000882,EX06,Fee/Product Validation,Validity,High,Resolved,2026-05-26,System correction
X0002373,2026-04-13,E0006900,S002902,EX06,Fee/Product Validation,Validity,High,Open,,Pending investigation
X0002374,2026-03-30,E0006911,S001779,EX06,Fee/Product Validation,Validity,High,Resolved,2026-04-13,System correction
X0002375,2026-04-13,E0006912,S003586,EX02,Missing LMS Unit Link,Completeness,High,Resolved,2026-04-19,System correction
X0002376,2026-03-16,E0006915,S002769,EX07,Incomplete Enrolment,Completeness,Medium,Open,,Pending investigation
X0002377,2026-03-30,E0006915,S002769,EX07,Incomplete Enrolment,Completeness,Medium,Resolved,2026-04-01,Record remediation
X0002378,2026-04-27,E0006916,S001062,EX07,Incomplete Enrolment,Completeness,Medium,Open,,Pending investigation
X0002379,2026-03-16,E0006918,S000230,EX04,Withdrawal / Remediation Overlap,Consistency,Medium,Resolved,2026-04-01,Record remediation
X0002380,2026-04-13,E0006920,S000362,EX06,Fee/Product Validation,Validity,High,Resolved,2026-05-01,System correction
X0002381,2026-04-27,E0006920,S000362,EX06,Fee/Product Validation,Validity,High,Resolved,2026-05-03,System correction
X0002382,2026-04-13,E0006921,S004021,EX05,Legacy Migration Mismatch,Consistency,High,Open,,Pending investigation
X0002383,2026-04-27,E0006921,S004021,EX05,Legacy Migration Mismatch,Consistency,High,Resolved,2026-05-08,System correction
X0002384,2026-03-16,E0006925,S001860,EX03,Potential Duplicate Enrolment,Uniqueness,High,Open,,Pending investigation
X0002385,2026-03-02,E0006926,S000864,EX01,Incomplete Contact Details,Completeness,Medium,Open,,Pending investigation
X0002386,2026-03-16,E0006926,S000864,EX01,Incomplete Contact Details,Completeness,Medium,Resolved,2026-04-03,Record remediation
X0002387,2026-03-02,E0006933,S003345,EX06,Fee/Product Validation,Validity,High,Resolved,2026-03-10,System correction
X0002388,2026-03-16,E0006933,S003345,EX06,Fee/Product Validation,Validity,High,Resolved,2026-03-21,System correction
X0002389,2026-03-16,E0006937,S000501,EX03,Potential Duplicate Enrolment,Uniqueness,High,Resolved,2026-03-25,Record remediation
X0002390,2026-03-16,E0006938,S003946,EX02,Missing LMS Unit Link,Completeness,High,Open,,Pending investigation
X0002391,2026-04-13,E0006938,S003946,EX06,Fee/Product Validation,Validity,High,Resolved,2026-04-23,System correction
X0002392,2026-04-27,E0006938,S003946,EX06,Fee/Product Validation,Validity,High,Resolved,2026-05-11,System correction
X0002393,2026-03-30,E0006942,S003923,EX02,Missing LMS Unit Link,Completeness,High,Open,,Pending investigation
X0002394,2026-04-13,E0006942,S003923,EX02,Missing LMS Unit Link,Completeness,High,Resolved,2026-04-16,System correction
X0002395,2026-04-13,E0006956,S003083,EX01,Incomplete Contact Details,Completeness,Medium,Resolved,2026-04-28,Record remediation
X0002396,2026-03-16,E0006960,S001466,EX01,Incomplete Contact Details,Completeness,Medium,Resolved,2026-03-27,Record remediation
X0002397,2026-03-30,E0006973,S003272,EX03,Potential Duplicate Enrolment,Uniqueness,High,Resolved,2026-04-08,Record remediation
X0002398,2026-03-30,E0006974,S002746,EX04,Withdrawal / Remediation Overlap,Consistency,Medium,Open,,Pending investigation
X0002399,2026-03-30,E0006975,S001050,EX06,Fee/Product Validation,Validity,High,Resolved,2026-04-13,System correction
X0002400,2026-04-13,E0006975,S001050,EX06,Fee/Product Validation,Validity,High,Resolved,2026-04-16,System correction
X0002401,2026-03-30,E0006978,S001770,EX06,Fee/Product Validation,Validity,High,Resolved,2026-04-13,System correction
X0002402,2026-04-13,E0006978,S001770,EX06,Fee/Product Validation,Validity,High,Resolved,2026-04-23,System correction
X0002403,2026-04-13,E0006979,S001823,EX02,Missing LMS Unit Link,Completeness,High,Resolved,2026-04-20,System correction
X0002404,2026-03-30,E0006987,S000089,EX06,Fee/Product Validation,Validity,High,Open,,Pending investigation
X0002405,2026-04-13,E0006987,S000089,EX06,Fee/Product Validation,Validity,High,Resolved,2026-04-14,System correction
X0002406,2026-03-30,E0006989,S001812,EX05,Legacy Migration Mismatch,Consistency,High,Open,,Pending investigation
X0002407,2026-04-27,E0006990,S001388,EX05,Legacy Migration Mismatch,Consistency,High,Resolved,2026-04-29,System correction
X0002408,2026-04-13,E0006993,S000069,EX07,Incomplete Enrolment,Completeness,Medium,Open,,Pending investigation
X0002409,2026-04-27,E0006993,S000069,EX07,Incomplete Enrolment,Completeness,Medium,Open,,Pending investigation
X0002410,2026-03-02,E0006996,S000714,EX05,Legacy Migration Mismatch,Consistency,High,Resolved,2026-03-04,System correction
X0002411,2026-04-13,E0006996,S000714,EX06,Fee/Product Validation,Validity,High,Resolved,2026-04-27,System correction
X0002412,2026-03-02,E0006997,S002428,EX01,Incomplete Contact Details,Completeness,Medium,Open,,Pending investigation
X0002413,2026-03-16,E0006997,S002428,EX01,Incomplete Contact Details,Completeness,Medium,Resolved,2026-03-17,Record remediation
X0002414,2026-03-16,E0006998,S001729,EX04,Withdrawal / Remediation Overlap,Consistency,Medium,Resolved,2026-04-01,Record remediation
X0002415,2026-03-30,E0006998,S001729,EX04,Withdrawal / Remediation Overlap,Consistency,Medium,Resolved,2026-04-13,Record remediation
X0002416,2026-03-02,E0006999,S001044,EX01,Incomplete Contact Details,Completeness,Medium,Open,,Pending investigation
X0002417,2026-03-16,E0006999,S001044,EX01,Incomplete Contact Details,Completeness,Medium,Resolved,2026-03-30,Record remediation
X0002418,2026-03-30,E0007005,S003876,EX06,Fee/Product Validation,Validity,High,Resolved,2026-04-15,System correction
X0002419,2026-04-27,E0007009,S002260,EX03,Potential Duplicate Enrolment,Uniqueness,High,Resolved,2026-05-15,Record remediation
X0002420,2026-04-13,E0007012,S003949,EX06,Fee/Product Validation,Validity,High,Resolved,2026-04-18,System correction
X0002421,2026-03-30,E0007015,S002349,EX05,Legacy Migration Mismatch,Consistency,High,Resolved,2026-04-10,System correction
X0002422,2026-04-13,E0007016,S000832,EX01,Incomplete Contact Details,Completeness,Medium,Open,,Pending investigation
X0002423,2026-03-30,E0007024,S000039,EX06,Fee/Product Validation,Validity,High,Open,,Pending investigation
X0002424,2026-03-30,E0007028,S000574,EX02,Missing LMS Unit Link,Completeness,High,Resolved,2026-04-02,System correction
X0002425,2026-04-13,E0007028,S000574,EX02,Missing LMS Unit Link,Completeness,High,Resolved,2026-04-20,System correction
X0002426,2026-04-13,E0007032,S000198,EX07,Incomplete Enrolment,Completeness,Medium,Resolved,2026-04-25,Record remediation
X0002427,2026-03-02,E0007034,S003293,EX04,Withdrawal / Remediation Overlap,Consistency,Medium,Resolved,2026-03-14,Record remediation
X0002428,2026-03-16,E0007042,S001478,EX05,Legacy Migration Mismatch,Consistency,High,Resolved,2026-03-19,System correction
X0002429,2026-03-30,E0007053,S000021,EX05,Legacy Migration Mismatch,Consistency,High,Resolved,2026-04-02,System correction
X0002430,2026-03-02,E0007054,S003351,EX06,Fee/Product Validation,Validity,High,Open,,Pending investigation
X0002431,2026-04-13,E0007062,S002717,EX07,Incomplete Enrolment,Completeness,Medium,Open,,Pending investigation
X0002432,2026-04-13,E0007062,S002717,EX06,Fee/Product Validation,Validity,High,Resolved,2026-04-19,System correction
X0002433,2026-04-27,E0007067,S001567,EX03,Potential Duplicate Enrolment,Uniqueness,High,Resolved,2026-05-03,Record remediation
X0002434,2026-03-02,E0007072,S000453,EX01,Incomplete Contact Details,Completeness,Medium,Open,,Pending investigation
X0002435,2026-03-16,E0007083,S001170,EX05,Legacy Migration Mismatch,Consistency,High,Resolved,2026-03-31,System correction
X0002436,2026-03-16,E0007085,S003417,EX07,Incomplete Enrolment,Completeness,Medium,Resolved,2026-03-26,Record remediation
X0002437,2026-04-27,E0007100,S002314,EX06,Fee/Product Validation,Validity,High,Open,,Pending investigation
X0002438,2026-04-27,E0007103,S003302,EX07,Incomplete Enrolment,Completeness,Medium,Resolved,2026-05-12,Record remediation
X0002439,2026-03-30,E0007105,S001479,EX01,Incomplete Contact Details,Completeness,Medium,Open,,Pending investigation
X0002440,2026-04-27,E0007116,S002962,EX03,Potential Duplicate Enrolment,Uniqueness,High,Resolved,2026-05-05,Record remediation
X0002441,2026-04-27,E0007117,S002258,EX06,Fee/Product Validation,Validity,High,Resolved,2026-04-28,System correction
X0002442,2026-03-02,E0007125,S001571,EX02,Missing LMS Unit Link,Completeness,High,Resolved,2026-03-07,System correction
X0002443,2026-03-16,E0007125,S001571,EX02,Missing LMS Unit Link,Completeness,High,Resolved,2026-03-17,System correction
X0002444,2026-03-02,E0007125,S001571,EX06,Fee/Product Validation,Validity,High,Open,,Pending investigation
X0002445,2026-03-16,E0007138,S001806,EX06,Fee/Product Validation,Validity,High,Resolved,2026-03-30,System correction
X0002446,2026-03-02,E0007140,S000106,EX03,Potential Duplicate Enrolment,Uniqueness,High,Resolved,2026-03-18,Record remediation
X0002447,2026-03-30,E0007141,S001159,EX02,Missing LMS Unit Link,Completeness,High,Open,,Pending investigation
X0002448,2026-04-13,E0007141,S001159,EX02,Missing LMS Unit Link,Completeness,High,Resolved,2026-04-30,System correction
X0002449,2026-04-27,E0007141,S001159,EX06,Fee/Product Validation,Validity,High,Resolved,2026-05-07,System correction
X0002450,2026-03-30,E0007145,S002102,EX01,Incomplete Contact Details,Completeness,Medium,Open,,Pending investigation
X0002451,2026-04-13,E0007145,S002102,EX01,Incomplete Contact Details,Completeness,Medium,Resolved,2026-04-25,Record remediation
X0002452,2026-04-27,E0007153,S002806,EX07,Incomplete Enrolment,Completeness,Medium,Resolved,2026-05-02,Record remediation
X0002453,2026-05-11,E0007153,S002806,EX07,Incomplete Enrolment,Completeness,Medium,Resolved,2026-05-22,Record remediation
X0002454,2026-04-27,E0007162,S002099,EX03,Potential Duplicate Enrolment,Uniqueness,High,Resolved,2026-05-06,Record remediation
X0002455,2026-03-30,E0007169,S001367,EX02,Missing LMS Unit Link,Completeness,High,Open,,Pending investigation
X0002456,2026-04-13,E0007169,S001367,EX02,Missing LMS Unit Link,Completeness,High,Open,,Pending investigation
X0002457,2026-04-27,E0007171,S001961,EX02,Missing LMS Unit Link,Completeness,High,Open,,Pending investigation
X0002458,2026-04-13,E0007173,S002450,EX07,Incomplete Enrolment,Completeness,Medium,Resolved,2026-04-18,Record remediation
X0002459,2026-03-30,E0007174,S003810,EX04,Withdrawal / Remediation Overlap,Consistency,Medium,Resolved,2026-04-06,Record remediation
X0002460,2026-04-13,E0007176,S000335,EX04,Withdrawal / Remediation Overlap,Consistency,Medium,Open,,Pending investigation
X0002461,2026-04-27,E0007176,S000335,EX04,Withdrawal / Remediation Overlap,Consistency,Medium,Resolved,2026-05-08,Record remediation
X0002462,2026-03-02,E0007182,S002187,EX07,Incomplete Enrolment,Completeness,Medium,Resolved,2026-03-19,Record remediation
X0002463,2026-03-30,E0007184,S003671,EX01,Incomplete Contact Details,Completeness,Medium,Resolved,2026-04-17,Record remediation
X0002464,2026-04-27,E0007187,S002815,EX06,Fee/Product Validation,Validity,High,Open,,Pending investigation
X0002465,2026-05-11,E0007187,S002815,EX06,Fee/Product Validation,Validity,High,Open,,Pending investigation
X0002466,2026-03-30,E0007200,S003412,EX02,Missing LMS Unit Link,Completeness,High,Open,,Pending investigation
X0002467,2026-04-13,E0007200,S003412,EX02,Missing LMS Unit Link,Completeness,High,Resolved,2026-04-24,System correction
X0002468,2026-04-13,E0007202,S002388,EX06,Fee/Product Validation,Validity,High,Resolved,2026-04-27,System correction
X0002469,2026-03-30,E0007208,S000418,EX06,Fee/Product Validation,Validity,High,Resolved,2026-04-03,System correction
X0002470,2026-04-13,E0007210,S000662,EX06,Fee/Product Validation,Validity,High,Resolved,2026-04-27,System correction
X0002471,2026-04-13,E0007224,S001097,EX07,Incomplete Enrolment,Completeness,Medium,Resolved,2026-04-19,Record remediation
X0002472,2026-04-27,E0007224,S001097,EX07,Incomplete Enrolment,Completeness,Medium,Resolved,2026-05-14,Record remediation
X0002473,2026-04-13,E0007227,S000895,EX06,Fee/Product Validation,Validity,High,Open,,Pending investigation
X0002474,2026-03-16,E0007229,S000438,EX04,Withdrawal / Remediation Overlap,Consistency,Medium,Open,,Pending investigation
X0002475,2026-03-30,E0007229,S000438,EX04,Withdrawal / Remediation Overlap,Consistency,Medium,Open,,Pending investigation
X0002476,2026-04-27,E0007232,S002230,EX04,Withdrawal / Remediation Overlap,Consistency,Medium,Resolved,2026-05-05,Record remediation
X0002477,2026-05-11,E0007232,S002230,EX04,Withdrawal / Remediation Overlap,Consistency,Medium,Resolved,2026-05-24,Record remediation
X0002478,2026-03-16,E0007247,S002931,EX05,Legacy Migration Mismatch,Consistency,High,Open,,Pending investigation
X0002479,2026-03-30,E0007247,S002931,EX05,Legacy Migration Mismatch,Consistency,High,Open,,Pending investigation
X0002480,2026-04-27,E0007253,S001156,EX02,Missing LMS Unit Link,Completeness,High,Resolved,2026-05-01,System correction
X0002481,2026-03-16,E0007257,S002407,EX06,Fee/Product Validation,Validity,High,Resolved,2026-03-22,System correction
X0002482,2026-04-27,E0007257,S002407,EX04,Withdrawal / Remediation Overlap,Consistency,Medium,Resolved,2026-05-15,Record remediation
X0002483,2026-05-11,E0007257,S002407,EX04,Withdrawal / Remediation Overlap,Consistency,Medium,Resolved,2026-05-19,Record remediation
X0002484,2026-03-30,E0007269,S000753,EX06,Fee/Product Validation,Validity,High,Open,,Pending investigation
X0002485,2026-04-13,E0007275,S000833,EX06,Fee/Product Validation,Validity,High,Resolved,2026-04-14,System correction
X0002486,2026-03-02,E0007277,S004021,EX07,Incomplete Enrolment,Completeness,Medium,Resolved,2026-03-06,Record remediation
X0002487,2026-03-30,E0007279,S000450,EX02,Missing LMS Unit Link,Completeness,High,Open,,Pending investigation
X0002488,2026-03-30,E0007280,S003079,EX05,Legacy Migration Mismatch,Consistency,High,Resolved,2026-04-17,System correction
X0002489,2026-04-13,E0007280,S003079,EX05,Legacy Migration Mismatch,Consistency,High,Resolved,2026-04-14,System correction
X0002490,2026-04-27,E0007280,S003079,EX05,Legacy Migration Mismatch,Consistency,High,Resolved,2026-05-04,System correction
X0002491,2026-03-16,E0007283,S000230,EX06,Fee/Product Validation,Validity,High,Resolved,2026-03-25,System correction
X0002492,2026-03-30,E0007284,S000617,EX06,Fee/Product Validation,Validity,High,Resolved,2026-04-04,System correction
X0002493,2026-04-13,E0007285,S000584,EX06,Fee/Product Validation,Validity,High,Resolved,2026-05-01,System correction
X0002494,2026-03-30,E0007291,S001654,EX04,Withdrawal / Remediation Overlap,Consistency,Medium,Open,,Pending investigation
X0002495,2026-04-13,E0007291,S001654,EX04,Withdrawal / Remediation Overlap,Consistency,Medium,Resolved,2026-04-17,Record remediation
X0002496,2026-04-13,E0007292,S001266,EX06,Fee/Product Validation,Validity,High,Resolved,2026-04-29,System correction
X0002497,2026-04-27,E0007292,S001266,EX06,Fee/Product Validation,Validity,High,Open,,Pending investigation
X0002498,2026-04-27,E0007301,S001827,EX01,Incomplete Contact Details,Completeness,Medium,Resolved,2026-05-03,Record remediation
X0002499,2026-04-27,E0007304,S000311,EX01,Incomplete Contact Details,Completeness,Medium,Resolved,2026-05-14,Record remediation
X0002500,2026-03-02,E0007305,S004172,EX01,Incomplete Contact Details,Completeness,Medium,Resolved,2026-03-07,Record remediation
X0002501,2026-04-27,E0007310,S000263,EX01,Incomplete Contact Details,Completeness,Medium,Resolved,2026-05-06,Record remediation
X0002502,2026-03-30,E0007315,S002921,EX06,Fee/Product Validation,Validity,High,Open,,Pending investigation
X0002503,2026-04-13,E0007315,S002921,EX06,Fee/Product Validation,Validity,High,Open,,Pending investigation
X0002504,2026-03-16,E0007317,S002098,EX07,Incomplete Enrolment,Completeness,Medium,Open,,Pending investigation
X0002505,2026-03-30,E0007317,S002098,EX07,Incomplete Enrolment,Completeness,Medium,Resolved,2026-04-09,Record remediation
X0002506,2026-03-02,E0007320,S000082,EX07,Incomplete Enrolment,Completeness,Medium,Resolved,2026-03-12,Record remediation
X0002507,2026-04-27,E0007337,S001619,EX02,Missing LMS Unit Link,Completeness,High,Resolved,2026-05-09,System correction
X0002508,2026-03-16,E0007344,S004112,EX03,Potential Duplicate Enrolment,Uniqueness,High,Open,,Pending investigation
X0002509,2026-04-27,E0007347,S001370,EX06,Fee/Product Validation,Validity,High,Resolved,2026-05-12,System correction
X0002510,2026-03-02,E0007348,S000960,EX02,Missing LMS Unit Link,Completeness,High,Open,,Pending investigation
X0002511,2026-03-16,E0007348,S000960,EX02,Missing LMS Unit Link,Completeness,High,Open,,Pending investigation
X0002512,2026-03-16,E0007349,S001113,EX05,Legacy Migration Mismatch,Consistency,High,Open,,Pending investigation
X0002513,2026-03-30,E0007349,S001113,EX05,Legacy Migration Mismatch,Consistency,High,Open,,Pending investigation
X0002514,2026-04-13,E0007349,S001113,EX05,Legacy Migration Mismatch,Consistency,High,Resolved,2026-04-27,System correction
X0002515,2026-03-02,E0007349,S001113,EX06,Fee/Product Validation,Validity,High,Open,,Pending investigation
X0002516,2026-03-16,E0007349,S001113,EX06,Fee/Product Validation,Validity,High,Resolved,2026-03-31,System correction
X0002517,2026-04-13,E0007350,S003292,EX01,Incomplete Contact Details,Completeness,Medium,Open,,Pending investigation
X0002518,2026-04-27,E0007351,S003177,EX06,Fee/Product Validation,Validity,High,Resolved,2026-05-03,System correction
X0002519,2026-03-16,E0007352,S002988,EX01,Incomplete Contact Details,Completeness,Medium,Resolved,2026-03-31,Record remediation
X0002520,2026-03-30,E0007352,S002988,EX01,Incomplete Contact Details,Completeness,Medium,Resolved,2026-04-10,Record remediation
X0002521,2026-03-30,E0007355,S003136,EX04,Withdrawal / Remediation Overlap,Consistency,Medium,Resolved,2026-04-08,Record remediation
X0002522,2026-03-16,E0007363,S002669,EX01,Incomplete Contact Details,Completeness,Medium,Resolved,2026-03-28,Record remediation
X0002523,2026-04-13,E0007365,S001415,EX06,Fee/Product Validation,Validity,High,Open,,Pending investigation
X0002524,2026-03-30,E0007366,S003880,EX02,Missing LMS Unit Link,Completeness,High,Open,,Pending investigation
X0002525,2026-04-27,E0007370,S002546,EX01,Incomplete Contact Details,Completeness,Medium,Resolved,2026-05-14,Record remediation
X0002526,2026-03-02,E0007375,S003095,EX06,Fee/Product Validation,Validity,High,Resolved,2026-03-10,System correction
X0002527,2026-03-16,E0007376,S001977,EX03,Potential Duplicate Enrolment,Uniqueness,High,Resolved,2026-03-23,Record remediation
X0002528,2026-03-30,E0007377,S004173,EX06,Fee/Product Validation,Validity,High,Resolved,2026-04-07,System correction
X0002529,2026-03-30,E0007378,S000894,EX06,Fee/Product Validation,Validity,High,Resolved,2026-04-16,System correction
X0002530,2026-03-16,E0007385,S001414,EX01,Incomplete Contact Details,Completeness,Medium,Resolved,2026-03-18,Record remediation
X0002531,2026-04-13,E0007409,S002906,EX01,Incomplete Contact Details,Completeness,Medium,Resolved,2026-04-17,Record remediation
X0002532,2026-03-02,E0007414,S003337,EX04,Withdrawal / Remediation Overlap,Consistency,Medium,Resolved,2026-03-18,Record remediation
X0002533,2026-03-16,E0007418,S002419,EX01,Incomplete Contact Details,Completeness,Medium,Open,,Pending investigation
X0002534,2026-03-30,E0007418,S002419,EX01,Incomplete Contact Details,Completeness,Medium,Resolved,2026-04-09,Record remediation
X0002535,2026-03-02,E0007425,S000987,EX04,Withdrawal / Remediation Overlap,Consistency,Medium,Open,,Pending investigation
X0002536,2026-03-16,E0007425,S000987,EX04,Withdrawal / Remediation Overlap,Consistency,Medium,Resolved,2026-03-28,Record remediation
X0002537,2026-04-13,E0007427,S000281,EX04,Withdrawal / Remediation Overlap,Consistency,Medium,Resolved,2026-04-25,Record remediation
X0002538,2026-03-30,E0007429,S003709,EX06,Fee/Product Validation,Validity,High,Open,,Pending investigation
X0002539,2026-04-13,E0007429,S003709,EX06,Fee/Product Validation,Validity,High,Resolved,2026-04-22,System correction
X0002540,2026-03-30,E0007429,S003709,EX01,Incomplete Contact Details,Completeness,Medium,Open,,Pending investigation
X0002541,2026-04-13,E0007429,S003709,EX01,Incomplete Contact Details,Completeness,Medium,Resolved,2026-04-20,Record remediation
X0002542,2026-04-13,E0007434,S000749,EX01,Incomplete Contact Details,Completeness,Medium,Resolved,2026-04-22,Record remediation
X0002543,2026-04-27,E0007438,S004062,EX06,Fee/Product Validation,Validity,High,Resolved,2026-05-05,System correction
X0002544,2026-03-30,E0007439,S003057,EX06,Fee/Product Validation,Validity,High,Open,,Pending investigation
X0002545,2026-04-13,E0007439,S003057,EX06,Fee/Product Validation,Validity,High,Resolved,2026-04-27,System correction
X0002546,2026-03-02,E0007441,S001629,EX01,Incomplete Contact Details,Completeness,Medium,Resolved,2026-03-07,Record remediation
X0002547,2026-04-27,E0007442,S001065,EX06,Fee/Product Validation,Validity,High,Resolved,2026-05-15,System correction
X0002548,2026-04-13,E0007444,S000883,EX03,Potential Duplicate Enrolment,Uniqueness,High,Resolved,2026-04-15,Record remediation
X0002549,2026-03-16,E0007457,S001727,EX06,Fee/Product Validation,Validity,High,Resolved,2026-03-24,System correction
X0002550,2026-03-16,E0007467,S002568,EX01,Incomplete Contact Details,Completeness,Medium,Resolved,2026-03-18,Record remediation
X0002551,2026-04-13,E0007473,S001093,EX02,Missing LMS Unit Link,Completeness,High,Open,,Pending investigation
X0002552,2026-04-27,E0007473,S001093,EX02,Missing LMS Unit Link,Completeness,High,Resolved,2026-05-12,System correction
X0002553,2026-05-11,E0007473,S001093,EX02,Missing LMS Unit Link,Completeness,High,Resolved,2026-05-25,System correction
X0002554,2026-03-30,E0007473,S001093,EX06,Fee/Product Validation,Validity,High,Resolved,2026-04-12,System correction
X0002555,2026-04-27,E0007475,S001213,EX04,Withdrawal / Remediation Overlap,Consistency,Medium,Resolved,2026-05-15,Record remediation
X0002556,2026-03-16,E0007482,S001556,EX05,Legacy Migration Mismatch,Consistency,High,Open,,Pending investigation
X0002557,2026-03-30,E0007482,S001556,EX05,Legacy Migration Mismatch,Consistency,High,Resolved,2026-04-14,System correction
X0002558,2026-04-27,E0007486,S001284,EX02,Missing LMS Unit Link,Completeness,High,Resolved,2026-05-12,System correction
X0002559,2026-03-16,E0007488,S000521,EX06,Fee/Product Validation,Validity,High,Open,,Pending investigation
X0002560,2026-03-30,E0007488,S000521,EX06,Fee/Product Validation,Validity,High,Resolved,2026-04-12,System correction
X0002561,2026-03-16,E0007489,S000431,EX01,Incomplete Contact Details,Completeness,Medium,Resolved,2026-03-23,Record remediation
X0002562,2026-03-30,E0007492,S003177,EX01,Incomplete Contact Details,Completeness,Medium,Resolved,2026-04-09,Record remediation
X0002563,2026-03-16,E0007495,S003140,EX05,Legacy Migration Mismatch,Consistency,High,Open,,Pending investigation
X0002564,2026-03-02,E0007495,S003140,EX06,Fee/Product Validation,Validity,High,Resolved,2026-03-03,System correction
X0002565,2026-03-02,E0007499,S001555,EX02,Missing LMS Unit Link,Completeness,High,Open,,Pending investigation
X0002566,2026-04-27,E0007500,S000536,EX04,Withdrawal / Remediation Overlap,Consistency,Medium,Resolved,2026-04-30,Record remediation
X0002567,2026-03-02,E0007501,S003306,EX07,Incomplete Enrolment,Completeness,Medium,Resolved,2026-03-19,Record remediation
X0002568,2026-04-13,E0007507,S003316,EX05,Legacy Migration Mismatch,Consistency,High,Open,,Pending investigation
X0002569,2026-04-27,E0007507,S003316,EX05,Legacy Migration Mismatch,Consistency,High,Resolved,2026-05-02,System correction
X0002570,2026-03-16,E0007512,S003514,EX01,Incomplete Contact Details,Completeness,Medium,Open,,Pending investigation
X0002571,2026-03-30,E0007514,S003271,EX06,Fee/Product Validation,Validity,High,Open,,Pending investigation
X0002572,2026-03-30,E0007523,S001954,EX01,Incomplete Contact Details,Completeness,Medium,Open,,Pending investigation
X0002573,2026-04-13,E0007523,S001954,EX01,Incomplete Contact Details,Completeness,Medium,Resolved,2026-04-14,Record remediation
X0002574,2026-04-27,E0007524,S003546,EX01,Incomplete Contact Details,Completeness,Medium,Open,,Pending investigation
X0002575,2026-03-30,E0007526,S001316,EX07,Incomplete Enrolment,Completeness,Medium,Open,,Pending investigation
X0002576,2026-03-16,E0007530,S002417,EX01,Incomplete Contact Details,Completeness,Medium,Resolved,2026-03-28,Record remediation
X0002577,2026-03-30,E0007540,S000175,EX06,Fee/Product Validation,Validity,High,Open,,Pending investigation
X0002578,2026-03-30,E0007541,S003461,EX07,Incomplete Enrolment,Completeness,Medium,Resolved,2026-04-01,Record remediation
X0002579,2026-04-27,E0007541,S003461,EX01,Incomplete Contact Details,Completeness,Medium,Resolved,2026-05-05,Record remediation
X0002580,2026-03-30,E0007543,S000883,EX01,Incomplete Contact Details,Completeness,Medium,Resolved,2026-04-11,Record remediation
X0002581,2026-04-13,E0007543,S000883,EX01,Incomplete Contact Details,Completeness,Medium,Open,,Pending investigation
X0002582,2026-04-13,E0007546,S000916,EX01,Incomplete Contact Details,Completeness,Medium,Resolved,2026-04-25,Record remediation
X0002583,2026-03-30,E0007551,S000984,EX01,Incomplete Contact Details,Completeness,Medium,Resolved,2026-04-09,Record remediation
X0002584,2026-03-30,E0007559,S000072,EX01,Incomplete Contact Details,Completeness,Medium,Open,,Pending investigation
X0002585,2026-04-13,E0007559,S000072,EX01,Incomplete Contact Details,Completeness,Medium,Resolved,2026-04-23,Record remediation
X0002586,2026-04-13,E0007564,S004010,EX01,Incomplete Contact Details,Completeness,Medium,Resolved,2026-04-30,Record remediation
X0002587,2026-03-02,E0007571,S002281,EX06,Fee/Product Validation,Validity,High,Open,,Pending investigation
X0002588,2026-04-27,E0007572,S000196,EX06,Fee/Product Validation,Validity,High,Resolved,2026-05-08,System correction
X0002589,2026-04-27,E0007573,S002464,EX06,Fee/Product Validation,Validity,High,Resolved,2026-05-13,System correction
X0002590,2026-03-16,E0007573,S002464,EX04,Withdrawal / Remediation Overlap,Consistency,Medium,Resolved,2026-04-01,Record remediation
X0002591,2026-03-16,E0007583,S004185,EX06,Fee/Product Validation,Validity,High,Resolved,2026-03-28,System correction
X0002592,2026-03-02,E0007584,S001015,EX02,Missing LMS Unit Link,Completeness,High,Resolved,2026-03-18,System correction
X0002593,2026-03-30,E0007592,S000750,EX06,Fee/Product Validation,Validity,High,Resolved,2026-04-17,System correction
X0002594,2026-03-16,E0007603,S003704,EX02,Missing LMS Unit Link,Completeness,High,Open,,Pending investigation
X0002595,2026-03-30,E0007603,S003704,EX02,Missing LMS Unit Link,Completeness,High,Resolved,2026-04-02,System correction
X0002596,2026-03-02,E0007606,S001113,EX01,Incomplete Contact Details,Completeness,Medium,Open,,Pending investigation
X0002597,2026-04-13,E0007607,S001545,EX01,Incomplete Contact Details,Completeness,Medium,Open,,Pending investigation
X0002598,2026-03-02,E0007618,S001211,EX02,Missing LMS Unit Link,Completeness,High,Resolved,2026-03-18,System correction
X0002599,2026-03-16,E0007618,S001211,EX02,Missing LMS Unit Link,Completeness,High,Resolved,2026-04-03,System correction
X0002600,2026-04-27,E0007618,S001211,EX06,Fee/Product Validation,Validity,High,Resolved,2026-05-11,System correction
X0002601,2026-03-02,E0007625,S004043,EX06,Fee/Product Validation,Validity,High,Resolved,2026-03-05,System correction
X0002602,2026-03-30,E0007627,S000037,EX06,Fee/Product Validation,Validity,High,Resolved,2026-04-03,System correction
X0002603,2026-04-27,E0007640,S000223,EX05,Legacy Migration Mismatch,Consistency,High,Resolved,2026-05-11,System correction
X0002604,2026-03-16,E0007641,S001119,EX04,Withdrawal / Remediation Overlap,Consistency,Medium,Open,,Pending investigation
X0002605,2026-03-30,E0007641,S001119,EX04,Withdrawal / Remediation Overlap,Consistency,Medium,Resolved,2026-04-15,Record remediation
X0002606,2026-04-13,E0007646,S002178,EX06,Fee/Product Validation,Validity,High,Open,,Pending investigation
X0002607,2026-04-27,E0007650,S003325,EX02,Missing LMS Unit Link,Completeness,High,Open,,Pending investigation
X0002608,2026-05-11,E0007650,S003325,EX02,Missing LMS Unit Link,Completeness,High,Resolved,2026-05-12,System correction
X0002609,2026-04-27,E0007657,S001269,EX05,Legacy Migration Mismatch,Consistency,High,Open,,Pending investigation
X0002610,2026-05-11,E0007657,S001269,EX05,Legacy Migration Mismatch,Consistency,High,Resolved,2026-05-26,System correction
X0002611,2026-05-11,E0007657,S001269,EX05,Legacy Migration Mismatch,Consistency,High,Resolved,2026-05-21,System correction
X0002612,2026-03-30,E0007659,S000077,EX07,Incomplete Enrolment,Completeness,Medium,Resolved,2026-04-02,Record remediation
X0002613,2026-03-02,E0007665,S003197,EX01,Incomplete Contact Details,Completeness,Medium,Resolved,2026-03-10,Record remediation
X0002614,2026-03-02,E0007674,S001202,EX05,Legacy Migration Mismatch,Consistency,High,Resolved,2026-03-20,System correction
X0002615,2026-04-27,E0007678,S001822,EX03,Potential Duplicate Enrolment,Uniqueness,High,Resolved,2026-05-08,Record remediation
X0002616,2026-05-11,E0007678,S001822,EX03,Potential Duplicate Enrolment,Uniqueness,High,Resolved,2026-05-21,Record remediation
X0002617,2026-03-16,E0007682,S003670,EX02,Missing LMS Unit Link,Completeness,High,Resolved,2026-03-22,System correction
X0002618,2026-03-16,E0007684,S001342,EX07,Incomplete Enrolment,Completeness,Medium,Open,,Pending investigation
X0002619,2026-03-30,E0007684,S001342,EX07,Incomplete Enrolment,Completeness,Medium,Resolved,2026-04-12,Record remediation
X0002620,2026-03-02,E0007685,S002224,EX01,Incomplete Contact Details,Completeness,Medium,Open,,Pending investigation
X0002621,2026-03-30,E0007689,S001818,EX06,Fee/Product Validation,Validity,High,Open,,Pending investigation
X0002622,2026-03-16,E0007693,S001163,EX01,Incomplete Contact Details,Completeness,Medium,Resolved,2026-03-31,Record remediation
X0002623,2026-03-16,E0007698,S001419,EX06,Fee/Product Validation,Validity,High,Open,,Pending investigation
X0002624,2026-03-02,E0007703,S002580,EX01,Incomplete Contact Details,Completeness,Medium,Open,,Pending investigation
X0002625,2026-03-30,E0007706,S000306,EX01,Incomplete Contact Details,Completeness,Medium,Resolved,2026-04-01,Record remediation
X0002626,2026-03-16,E0007710,S000595,EX04,Withdrawal / Remediation Overlap,Consistency,Medium,Resolved,2026-03-29,Record remediation
X0002627,2026-04-13,E0007712,S003502,EX03,Potential Duplicate Enrolment,Uniqueness,High,Open,,Pending investigation
X0002628,2026-03-16,E0007714,S003003,EX07,Incomplete Enrolment,Completeness,Medium,Resolved,2026-03-26,Record remediation
X0002629,2026-03-30,E0007718,S000441,EX04,Withdrawal / Remediation Overlap,Consistency,Medium,Open,,Pending investigation
X0002630,2026-03-16,E0007719,S000631,EX06,Fee/Product Validation,Validity,High,Resolved,2026-03-22,System correction
X0002631,2026-03-02,E0007722,S003017,EX03,Potential Duplicate Enrolment,Uniqueness,High,Resolved,2026-03-12,Record remediation
X0002632,2026-04-13,E0007724,S003952,EX02,Missing LMS Unit Link,Completeness,High,Resolved,2026-04-28,System correction
X0002633,2026-03-30,E0007727,S000141,EX05,Legacy Migration Mismatch,Consistency,High,Resolved,2026-04-09,System correction
X0002634,2026-04-13,E0007739,S003636,EX04,Withdrawal / Remediation Overlap,Consistency,Medium,Open,,Pending investigation
X0002635,2026-04-27,E0007739,S003636,EX04,Withdrawal / Remediation Overlap,Consistency,Medium,Open,,Pending investigation
X0002636,2026-03-02,E0007740,S000355,EX01,Incomplete Contact Details,Completeness,Medium,Resolved,2026-03-06,Record remediation
X0002637,2026-04-27,E0007741,S000275,EX07,Incomplete Enrolment,Completeness,Medium,Open,,Pending investigation
X0002638,2026-05-11,E0007741,S000275,EX07,Incomplete Enrolment,Completeness,Medium,Resolved,2026-05-12,Record remediation
X0002639,2026-04-13,E0007744,S000925,EX06,Fee/Product Validation,Validity,High,Resolved,2026-04-25,System correction
X0002640,2026-03-16,E0007746,S003775,EX07,Incomplete Enrolment,Completeness,Medium,Resolved,2026-03-24,Record remediation
X0002641,2026-03-16,E0007765,S001106,EX01,Incomplete Contact Details,Completeness,Medium,Resolved,2026-03-28,Record remediation
X0002642,2026-04-13,E0007767,S002605,EX07,Incomplete Enrolment,Completeness,Medium,Resolved,2026-04-15,Record remediation
X0002643,2026-03-30,E0007769,S002056,EX03,Potential Duplicate Enrolment,Uniqueness,High,Open,,Pending investigation
X0002644,2026-04-13,E0007769,S002056,EX03,Potential Duplicate Enrolment,Uniqueness,High,Resolved,2026-04-20,Record remediation
X0002645,2026-04-27,E0007770,S003155,EX03,Potential Duplicate Enrolment,Uniqueness,High,Resolved,2026-05-13,Record remediation
X0002646,2026-04-27,E0007783,S004005,EX07,Incomplete Enrolment,Completeness,Medium,Resolved,2026-05-15,Record remediation
X0002647,2026-05-11,E0007783,S004005,EX07,Incomplete Enrolment,Completeness,Medium,Resolved,2026-05-28,Record remediation
X0002648,2026-03-30,E0007787,S000658,EX04,Withdrawal / Remediation Overlap,Consistency,Medium,Resolved,2026-04-09,Record remediation
X0002649,2026-04-13,E0007787,S000658,EX04,Withdrawal / Remediation Overlap,Consistency,Medium,Resolved,2026-04-20,Record remediation
X0002650,2026-03-16,E0007797,S002671,EX06,Fee/Product Validation,Validity,High,Resolved,2026-04-03,System correction
X0002651,2026-03-30,E0007797,S002671,EX06,Fee/Product Validation,Validity,High,Resolved,2026-04-06,System correction
X0002652,2026-03-30,E0007798,S002082,EX07,Incomplete Enrolment,Completeness,Medium,Resolved,2026-04-02,Record remediation
X0002653,2026-04-13,E0007802,S002092,EX02,Missing LMS Unit Link,Completeness,High,Open,,Pending investigation
X0002654,2026-04-27,E0007802,S002092,EX02,Missing LMS Unit Link,Completeness,High,Open,,Pending investigation
X0002655,2026-03-02,E0007804,S002662,EX01,Incomplete Contact Details,Completeness,Medium,Open,,Pending investigation
X0002656,2026-03-16,E0007804,S002662,EX01,Incomplete Contact Details,Completeness,Medium,Resolved,2026-03-21,Record remediation
X0002657,2026-03-30,E0007808,S000828,EX06,Fee/Product Validation,Validity,High,Resolved,2026-04-07,System correction
X0002658,2026-04-27,E0007812,S003192,EX05,Legacy Migration Mismatch,Consistency,High,Resolved,2026-05-01,System correction
X0002659,2026-03-16,E0007812,S003192,EX02,Missing LMS Unit Link,Completeness,High,Open,,Pending investigation
X0002660,2026-03-30,E0007812,S003192,EX02,Missing LMS Unit Link,Completeness,High,Resolved,2026-04-03,System correction
X0002661,2026-04-13,E0007812,S003192,EX02,Missing LMS Unit Link,Completeness,High,Resolved,2026-04-14,System correction
X0002662,2026-04-27,E0007814,S002836,EX03,Potential Duplicate Enrolment,Uniqueness,High,Resolved,2026-04-28,Record remediation
X0002663,2026-05-11,E0007814,S002836,EX03,Potential Duplicate Enrolment,Uniqueness,High,Open,,Pending investigation
X0002664,2026-04-27,E0007815,S002868,EX02,Missing LMS Unit Link,Completeness,High,Open,,Pending investigation
X0002665,2026-05-11,E0007815,S002868,EX02,Missing LMS Unit Link,Completeness,High,Resolved,2026-05-15,System correction
X0002666,2026-05-11,E0007815,S002868,EX02,Missing LMS Unit Link,Completeness,High,Resolved,2026-05-12,System correction
X0002667,2026-04-27,E0007818,S001691,EX07,Incomplete Enrolment,Completeness,Medium,Resolved,2026-05-12,Record remediation
X0002668,2026-03-16,E0007824,S003623,EX06,Fee/Product Validation,Validity,High,Resolved,2026-03-20,System correction
X0002669,2026-03-16,E0007830,S002866,EX07,Incomplete Enrolment,Completeness,Medium,Resolved,2026-03-20,Record remediation
X0002670,2026-03-02,E0007831,S003695,EX07,Incomplete Enrolment,Completeness,Medium,Resolved,2026-03-19,Record remediation
X0002671,2026-03-16,E0007832,S000032,EX06,Fee/Product Validation,Validity,High,Open,,Pending investigation
X0002672,2026-03-30,E0007832,S000032,EX06,Fee/Product Validation,Validity,High,Resolved,2026-04-13,System correction
X0002673,2026-04-13,E0007836,S001508,EX02,Missing LMS Unit Link,Completeness,High,Open,,Pending investigation
X0002674,2026-04-27,E0007836,S001508,EX02,Missing LMS Unit Link,Completeness,High,Open,,Pending investigation
X0002675,2026-03-30,E0007844,S002206,EX06,Fee/Product Validation,Validity,High,Open,,Pending investigation
X0002676,2026-04-13,E0007845,S003304,EX06,Fee/Product Validation,Validity,High,Resolved,2026-04-21,System correction
X0002677,2026-03-02,E0007845,S003304,EX01,Incomplete Contact Details,Completeness,Medium,Resolved,2026-03-09,Record remediation
X0002678,2026-03-30,E0007851,S001294,EX07,Incomplete Enrolment,Completeness,Medium,Resolved,2026-04-05,Record remediation
X0002679,2026-03-16,E0007851,S001294,EX02,Missing LMS Unit Link,Completeness,High,Resolved,2026-03-30,System correction
X0002680,2026-03-30,E0007855,S001790,EX06,Fee/Product Validation,Validity,High,Open,,Pending investigation
X0002681,2026-04-13,E0007855,S001790,EX06,Fee/Product Validation,Validity,High,Resolved,2026-04-27,System correction
X0002682,2026-04-27,E0007864,S002918,EX01,Incomplete Contact Details,Completeness,Medium,Resolved,2026-05-09,Record remediation
X0002683,2026-04-13,E0007867,S001127,EX05,Legacy Migration Mismatch,Consistency,High,Open,,Pending investigation
X0002684,2026-04-27,E0007867,S001127,EX05,Legacy Migration Mismatch,Consistency,High,Resolved,2026-05-12,System correction
X0002685,2026-04-27,E0007868,S004069,EX06,Fee/Product Validation,Validity,High,Resolved,2026-04-28,System correction
X0002686,2026-04-13,E0007872,S002281,EX06,Fee/Product Validation,Validity,High,Open,,Pending investigation
X0002687,2026-04-27,E0007872,S002281,EX06,Fee/Product Validation,Validity,High,Resolved,2026-05-03,System correction
X0002688,2026-03-16,E0007873,S000598,EX01,Incomplete Contact Details,Completeness,Medium,Resolved,2026-03-18,Record remediation
X0002689,2026-04-13,E0007874,S002784,EX06,Fee/Product Validation,Validity,High,Resolved,2026-04-20,System correction
X0002690,2026-04-13,E0007879,S002375,EX04,Withdrawal / Remediation Overlap,Consistency,Medium,Resolved,2026-04-18,Record remediation
X0002691,2026-03-16,E0007881,S002919,EX01,Incomplete Contact Details,Completeness,Medium,Resolved,2026-03-22,Record remediation
X0002692,2026-03-16,E0007898,S003698,EX03,Potential Duplicate Enrolment,Uniqueness,High,Resolved,2026-04-02,Record remediation
X0002693,2026-03-30,E0007898,S003698,EX03,Potential Duplicate Enrolment,Uniqueness,High,Resolved,2026-04-09,Record remediation
X0002694,2026-03-02,E0007901,S003321,EX01,Incomplete Contact Details,Completeness,Medium,Open,,Pending investigation
X0002695,2026-03-16,E0007901,S003321,EX01,Incomplete Contact Details,Completeness,Medium,Resolved,2026-03-25,Record remediation
X0002696,2026-03-02,E0007902,S000418,EX01,Incomplete Contact Details,Completeness,Medium,Resolved,2026-03-17,Record remediation
X0002697,2026-04-27,E0007910,S002343,EX03,Potential Duplicate Enrolment,Uniqueness,High,Resolved,2026-05-15,Record remediation
X0002698,2026-03-16,E0007913,S002986,EX05,Legacy Migration Mismatch,Consistency,High,Open,,Pending investigation
X0002699,2026-03-30,E0007913,S002986,EX05,Legacy Migration Mismatch,Consistency,High,Open,,Pending investigation
X0002700,2026-04-13,E0007913,S002986,EX05,Legacy Migration Mismatch,Consistency,High,Open,,Pending investigation
X0002701,2026-04-13,E0007914,S004157,EX06,Fee/Product Validation,Validity,High,Resolved,2026-04-22,System correction
X0002702,2026-04-13,E0007916,S003848,EX02,Missing LMS Unit Link,Completeness,High,Open,,Pending investigation
X0002703,2026-04-27,E0007916,S003848,EX02,Missing LMS Unit Link,Completeness,High,Open,,Pending investigation
X0002704,2026-05-11,E0007916,S003848,EX02,Missing LMS Unit Link,Completeness,High,Resolved,2026-05-20,System correction
X0002705,2026-03-30,E0007919,S000074,EX06,Fee/Product Validation,Validity,High,Resolved,2026-04-11,System correction
X0002706,2026-04-27,E0007925,S000452,EX05,Legacy Migration Mismatch,Consistency,High,Open,,Pending investigation
X0002707,2026-05-11,E0007925,S000452,EX05,Legacy Migration Mismatch,Consistency,High,Resolved,2026-05-12,System correction
X0002708,2026-03-16,E0007933,S000622,EX01,Incomplete Contact Details,Completeness,Medium,Resolved,2026-03-18,Record remediation
X0002709,2026-03-02,E0007939,S002507,EX07,Incomplete Enrolment,Completeness,Medium,Resolved,2026-03-09,Record remediation
X0002710,2026-04-27,E0007941,S001890,EX06,Fee/Product Validation,Validity,High,Open,,Pending investigation
X0002711,2026-05-11,E0007941,S001890,EX06,Fee/Product Validation,Validity,High,Resolved,2026-05-15,System correction
X0002712,2026-03-16,E0007944,S002549,EX03,Potential Duplicate Enrolment,Uniqueness,High,Resolved,2026-03-24,Record remediation
X0002713,2026-03-30,E0007945,S000419,EX01,Incomplete Contact Details,Completeness,Medium,Open,,Pending investigation
X0002714,2026-04-13,E0007945,S000419,EX01,Incomplete Contact Details,Completeness,Medium,Resolved,2026-04-26,Record remediation
X0002715,2026-03-16,E0007945,S000419,EX04,Withdrawal / Remediation Overlap,Consistency,Medium,Open,,Pending investigation
X0002716,2026-03-30,E0007950,S000917,EX01,Incomplete Contact Details,Completeness,Medium,Resolved,2026-04-11,Record remediation
X0002717,2026-04-13,E0007950,S000917,EX01,Incomplete Contact Details,Completeness,Medium,Resolved,2026-04-20,Record remediation
X0002718,2026-03-30,E0007956,S003846,EX01,Incomplete Contact Details,Completeness,Medium,Resolved,2026-04-14,Record remediation
X0002719,2026-04-13,E0007960,S002489,EX01,Incomplete Contact Details,Completeness,Medium,Resolved,2026-04-23,Record remediation
X0002720,2026-04-27,E0007962,S000330,EX07,Incomplete Enrolment,Completeness,Medium,Resolved,2026-05-05,Record remediation
X0002721,2026-03-30,E0007965,S000614,EX01,Incomplete Contact Details,Completeness,Medium,Resolved,2026-04-04,Record remediation
X0002722,2026-04-27,E0007975,S000181,EX06,Fee/Product Validation,Validity,High,Resolved,2026-04-30,System correction
X0002723,2026-03-30,E0007976,S002586,EX04,Withdrawal / Remediation Overlap,Consistency,Medium,Resolved,2026-04-07,Record remediation
X0002724,2026-03-02,E0007979,S001421,EX02,Missing LMS Unit Link,Completeness,High,Open,,Pending investigation
X0002725,2026-03-16,E0007979,S001421,EX02,Missing LMS Unit Link,Completeness,High,Resolved,2026-03-26,System correction
X0002726,2026-03-30,E0007979,S001421,EX02,Missing LMS Unit Link,Completeness,High,Resolved,2026-04-01,System correction
X0002727,2026-04-13,E0007990,S003582,EX01,Incomplete Contact Details,Completeness,Medium,Resolved,2026-04-22,Record remediation
X0002728,2026-04-13,E0007992,S002749,EX04,Withdrawal / Remediation Overlap,Consistency,Medium,Resolved,2026-04-24,Record remediation
X0002729,2026-04-27,E0007992,S002749,EX04,Withdrawal / Remediation Overlap,Consistency,Medium,Resolved,2026-04-30,Record remediation
X0002730,2026-04-27,E0007995,S002121,EX03,Potential Duplicate Enrolment,Uniqueness,High,Open,,Pending investigation
X0002731,2026-05-11,E0007995,S002121,EX03,Potential Duplicate Enrolment,Uniqueness,High,Resolved,2026-05-25,Record remediation
X0002732,2026-03-02,E0007998,S001204,EX01,Incomplete Contact Details,Completeness,Medium,Resolved,2026-03-15,Record remediation
X0002733,2026-03-30,E0008004,S003496,EX06,Fee/Product Validation,Validity,High,Open,,Pending investigation
X0002734,2026-04-13,E0008006,S003404,EX07,Incomplete Enrolment,Completeness,Medium,Resolved,2026-04-18,Record remediation
X0002735,2026-03-16,E0008020,S000709,EX01,Incomplete Contact Details,Completeness,Medium,Resolved,2026-03-21,Record remediation
X0002736,2026-03-02,E0008027,S003763,EX06,Fee/Product Validation,Validity,High,Resolved,2026-03-04,System correction
X0002737,2026-04-27,E0008032,S001698,EX07,Incomplete Enrolment,Completeness,Medium,Open,,Pending investigation
X0002738,2026-05-11,E0008032,S001698,EX07,Incomplete Enrolment,Completeness,Medium,Resolved,2026-05-26,Record remediation
X0002739,2026-03-16,E0008035,S000528,EX01,Incomplete Contact Details,Completeness,Medium,Resolved,2026-03-19,Record remediation
X0002740,2026-03-30,E0008035,S000528,EX01,Incomplete Contact Details,Completeness,Medium,Open,,Pending investigation
X0002741,2026-03-16,E0008048,S002420,EX04,Withdrawal / Remediation Overlap,Consistency,Medium,Resolved,2026-04-01,Record remediation
X0002742,2026-03-16,E0008061,S000687,EX04,Withdrawal / Remediation Overlap,Consistency,Medium,Resolved,2026-03-19,Record remediation
X0002743,2026-03-30,E0008061,S000687,EX04,Withdrawal / Remediation Overlap,Consistency,Medium,Resolved,2026-04-13,Record remediation
X0002744,2026-04-13,E0008064,S000904,EX06,Fee/Product Validation,Validity,High,Open,,Pending investigation
X0002745,2026-03-30,E0008065,S000088,EX06,Fee/Product Validation,Validity,High,Open,,Pending investigation
X0002746,2026-04-27,E0008068,S003899,EX02,Missing LMS Unit Link,Completeness,High,Resolved,2026-04-28,System correction
X0002747,2026-03-30,E0008070,S001152,EX06,Fee/Product Validation,Validity,High,Resolved,2026-04-16,System correction
X0002748,2026-03-02,E0008075,S001995,EX02,Missing LMS Unit Link,Completeness,High,Open,,Pending investigation
X0002749,2026-03-30,E0008076,S002687,EX07,Incomplete Enrolment,Completeness,Medium,Open,,Pending investigation
X0002750,2026-03-02,E0008076,S002687,EX02,Missing LMS Unit Link,Completeness,High,Resolved,2026-03-14,System correction
X0002751,2026-04-27,E0008078,S002493,EX06,Fee/Product Validation,Validity,High,Resolved,2026-05-08,System correction
X0002752,2026-03-02,E0008080,S001956,EX01,Incomplete Contact Details,Completeness,Medium,Resolved,2026-03-12,Record remediation
X0002753,2026-03-16,E0008081,S002663,EX03,Potential Duplicate Enrolment,Uniqueness,High,Resolved,2026-03-20,Record remediation
X0002754,2026-03-02,E0008082,S001535,EX06,Fee/Product Validation,Validity,High,Open,,Pending investigation
X0002755,2026-04-13,E0008082,S001535,EX04,Withdrawal / Remediation Overlap,Consistency,Medium,Resolved,2026-04-18,Record remediation
X0002756,2026-04-27,E0008082,S001535,EX04,Withdrawal / Remediation Overlap,Consistency,Medium,Resolved,2026-05-09,Record remediation
X0002757,2026-03-02,E0008084,S003634,EX06,Fee/Product Validation,Validity,High,Resolved,2026-03-14,System correction
X0002758,2026-03-16,E0008092,S001748,EX06,Fee/Product Validation,Validity,High,Open,,Pending investigation
X0002759,2026-03-16,E0008097,S002957,EX05,Legacy Migration Mismatch,Consistency,High,Resolved,2026-03-21,System correction
X0002760,2026-03-30,E0008099,S000899,EX03,Potential Duplicate Enrolment,Uniqueness,High,Open,,Pending investigation
X0002761,2026-03-16,E0008103,S003092,EX05,Legacy Migration Mismatch,Consistency,High,Resolved,2026-03-18,System correction
X0002762,2026-03-30,E0008103,S003092,EX05,Legacy Migration Mismatch,Consistency,High,Resolved,2026-04-07,System correction
X0002763,2026-03-02,E0008108,S003751,EX03,Potential Duplicate Enrolment,Uniqueness,High,Open,,Pending investigation
X0002764,2026-04-13,E0008109,S003324,EX01,Incomplete Contact Details,Completeness,Medium,Resolved,2026-04-28,Record remediation
X0002765,2026-04-27,E0008116,S002730,EX07,Incomplete Enrolment,Completeness,Medium,Open,,Pending investigation
X0002766,2026-03-16,E0008116,S002730,EX02,Missing LMS Unit Link,Completeness,High,Open,,Pending investigation
X0002767,2026-03-30,E0008116,S002730,EX02,Missing LMS Unit Link,Completeness,High,Open,,Pending investigation
X0002768,2026-04-13,E0008116,S002730,EX02,Missing LMS Unit Link,Completeness,High,Resolved,2026-04-21,System correction
X0002769,2026-03-30,E0008116,S002730,EX01,Incomplete Contact Details,Completeness,Medium,Open,,Pending investigation
X0002770,2026-04-27,E0008123,S000745,EX06,Fee/Product Validation,Validity,High,Resolved,2026-05-09,System correction
X0002771,2026-04-13,E0008124,S003517,EX06,Fee/Product Validation,Validity,High,Open,,Pending investigation
X0002772,2026-04-27,E0008124,S003517,EX06,Fee/Product Validation,Validity,High,Resolved,2026-05-07,System correction
X0002773,2026-04-13,E0008129,S002593,EX06,Fee/Product Validation,Validity,High,Resolved,2026-04-14,System correction
X0002774,2026-03-30,E0008140,S002170,EX04,Withdrawal / Remediation Overlap,Consistency,Medium,Resolved,2026-04-16,Record remediation
X0002775,2026-04-13,E0008151,S001128,EX06,Fee/Product Validation,Validity,High,Resolved,2026-04-23,System correction
X0002776,2026-04-27,E0008151,S001128,EX01,Incomplete Contact Details,Completeness,Medium,Resolved,2026-04-28,Record remediation
X0002777,2026-04-27,E0008156,S003991,EX07,Incomplete Enrolment,Completeness,Medium,Resolved,2026-05-04,Record remediation
X0002778,2026-03-16,E0008156,S003991,EX03,Potential Duplicate Enrolment,Uniqueness,High,Open,,Pending investigation
X0002779,2026-03-16,E0008158,S000053,EX01,Incomplete Contact Details,Completeness,Medium,Open,,Pending investigation
X0002780,2026-03-30,E0008160,S001721,EX05,Legacy Migration Mismatch,Consistency,High,Open,,Pending investigation
X0002781,2026-04-13,E0008160,S001721,EX05,Legacy Migration Mismatch,Consistency,High,Resolved,2026-04-24,System correction
X0002782,2026-04-27,E0008160,S001721,EX05,Legacy Migration Mismatch,Consistency,High,Open,,Pending investigation
X0002783,2026-04-13,E0008160,S001721,EX03,Potential Duplicate Enrolment,Uniqueness,High,Open,,Pending investigation
X0002784,2026-04-27,E0008160,S001721,EX03,Potential Duplicate Enrolment,Uniqueness,High,Resolved,2026-04-30,Record remediation
X0002785,2026-04-13,E0008174,S002041,EX06,Fee/Product Validation,Validity,High,Resolved,2026-04-29,System correction
X0002786,2026-04-27,E0008174,S002041,EX06,Fee/Product Validation,Validity,High,Resolved,2026-05-04,System correction
X0002787,2026-03-16,E0008175,S003874,EX06,Fee/Product Validation,Validity,High,Open,,Pending investigation
X0002788,2026-03-30,E0008175,S003874,EX06,Fee/Product Validation,Validity,High,Resolved,2026-04-10,System correction
X0002789,2026-04-27,E0008184,S003086,EX01,Incomplete Contact Details,Completeness,Medium,Open,,Pending investigation
X0002790,2026-05-11,E0008184,S003086,EX01,Incomplete Contact Details,Completeness,Medium,Open,,Pending investigation
X0002791,2026-03-30,E0008186,S001004,EX05,Legacy Migration Mismatch,Consistency,High,Resolved,2026-04-16,System correction
X0002792,2026-04-13,E0008186,S001004,EX05,Legacy Migration Mismatch,Consistency,High,Open,,Pending investigation
X0002793,2026-04-27,E0008186,S001004,EX05,Legacy Migration Mismatch,Consistency,High,Resolved,2026-05-15,System correction
X0002794,2026-03-02,E0008190,S004069,EX02,Missing LMS Unit Link,Completeness,High,Resolved,2026-03-06,System correction
X0002795,2026-03-30,E0008191,S003034,EX01,Incomplete Contact Details,Completeness,Medium,Resolved,2026-04-12,Record remediation
X0002796,2026-03-30,E0008194,S000074,EX07,Incomplete Enrolment,Completeness,Medium,Open,,Pending investigation
X0002797,2026-04-27,E0008196,S000956,EX03,Potential Duplicate Enrolment,Uniqueness,High,Resolved,2026-05-02,Record remediation
X0002798,2026-03-02,E0008197,S000991,EX02,Missing LMS Unit Link,Completeness,High,Resolved,2026-03-11,System correction
X0002799,2026-04-13,E0008199,S002239,EX03,Potential Duplicate Enrolment,Uniqueness,High,Resolved,2026-04-21,Record remediation
X0002800,2026-04-13,E0008200,S003673,EX03,Potential Duplicate Enrolment,Uniqueness,High,Resolved,2026-04-14,Record remediation
X0002801,2026-03-16,E0008217,S000730,EX05,Legacy Migration Mismatch,Consistency,High,Resolved,2026-03-25,System correction
X0002802,2026-04-13,E0008217,S000730,EX02,Missing LMS Unit Link,Completeness,High,Open,,Pending investigation
X0002803,2026-04-27,E0008223,S003530,EX07,Incomplete Enrolment,Completeness,Medium,Open,,Pending investigation
X0002804,2026-03-30,E0008231,S003405,EX05,Legacy Migration Mismatch,Consistency,High,Resolved,2026-04-06,System correction
X0002805,2026-04-13,E0008231,S003405,EX05,Legacy Migration Mismatch,Consistency,High,Open,,Pending investigation
X0002806,2026-04-27,E0008231,S003405,EX05,Legacy Migration Mismatch,Consistency,High,Resolved,2026-04-29,System correction
X0002807,2026-04-13,E0008231,S003405,EX06,Fee/Product Validation,Validity,High,Open,,Pending investigation
X0002808,2026-03-16,E0008232,S003810,EX07,Incomplete Enrolment,Completeness,Medium,Open,,Pending investigation
X0002809,2026-03-30,E0008232,S003810,EX07,Incomplete Enrolment,Completeness,Medium,Resolved,2026-04-09,Record remediation
X0002810,2026-04-13,E0008243,S003915,EX06,Fee/Product Validation,Validity,High,Open,,Pending investigation
X0002811,2026-03-16,E0008244,S003658,EX04,Withdrawal / Remediation Overlap,Consistency,Medium,Resolved,2026-03-28,Record remediation
X0002812,2026-03-02,E0008247,S002088,EX06,Fee/Product Validation,Validity,High,Resolved,2026-03-05,System correction
X0002813,2026-03-30,E0008248,S001931,EX02,Missing LMS Unit Link,Completeness,High,Open,,Pending investigation
X0002814,2026-04-27,E0008249,S000355,EX06,Fee/Product Validation,Validity,High,Resolved,2026-05-10,System correction
X0002815,2026-03-30,E0008261,S003794,EX06,Fee/Product Validation,Validity,High,Resolved,2026-04-09,System correction
X0002816,2026-03-02,E0008264,S002449,EX06,Fee/Product Validation,Validity,High,Resolved,2026-03-03,System correction
X0002817,2026-03-02,E0008280,S000118,EX06,Fee/Product Validation,Validity,High,Resolved,2026-03-20,System correction
X0002818,2026-03-02,E0008284,S001627,EX04,Withdrawal / Remediation Overlap,Consistency,Medium,Resolved,2026-03-10,Record remediation
X0002819,2026-04-27,E0008285,S001588,EX06,Fee/Product Validation,Validity,High,Resolved,2026-05-12,System correction
X0002820,2026-03-16,E0008288,S001754,EX02,Missing LMS Unit Link,Completeness,High,Resolved,2026-03-23,System correction
X0002821,2026-04-27,E0008293,S001017,EX01,Incomplete Contact Details,Completeness,Medium,Resolved,2026-05-14,Record remediation
X0002822,2026-04-13,E0008302,S003841,EX07,Incomplete Enrolment,Completeness,Medium,Open,,Pending investigation
X0002823,2026-03-16,E0008304,S002545,EX06,Fee/Product Validation,Validity,High,Resolved,2026-03-20,System correction
X0002824,2026-03-16,E0008306,S003373,EX06,Fee/Product Validation,Validity,High,Resolved,2026-03-27,System correction
X0002825,2026-03-02,E0008315,S002178,EX05,Legacy Migration Mismatch,Consistency,High,Open,,Pending investigation
X0002826,2026-03-16,E0008315,S002178,EX05,Legacy Migration Mismatch,Consistency,High,Resolved,2026-03-24,System correction
X0002827,2026-03-16,E0008315,S002178,EX01,Incomplete Contact Details,Completeness,Medium,Resolved,2026-03-18,Record remediation
X0002828,2026-03-02,E0008321,S001554,EX01,Incomplete Contact Details,Completeness,Medium,Open,,Pending investigation
X0002829,2026-03-16,E0008321,S001554,EX01,Incomplete Contact Details,Completeness,Medium,Resolved,2026-03-28,Record remediation
X0002830,2026-03-16,E0008329,S002490,EX07,Incomplete Enrolment,Completeness,Medium,Resolved,2026-03-26,Record remediation
X0002831,2026-03-02,E0008335,S002320,EX01,Incomplete Contact Details,Completeness,Medium,Open,,Pending investigation
X0002832,2026-04-27,E0008339,S000713,EX06,Fee/Product Validation,Validity,High,Resolved,2026-05-08,System correction
X0002833,2026-03-30,E0008347,S002208,EX02,Missing LMS Unit Link,Completeness,High,Open,,Pending investigation
X0002834,2026-04-13,E0008355,S000854,EX06,Fee/Product Validation,Validity,High,Resolved,2026-04-27,System correction
X0002835,2026-03-02,E0008356,S002784,EX07,Incomplete Enrolment,Completeness,Medium,Open,,Pending investigation
X0002836,2026-04-13,E0008362,S001508,EX03,Potential Duplicate Enrolment,Uniqueness,High,Resolved,2026-04-16,Record remediation
X0002837,2026-04-13,E0008365,S000144,EX06,Fee/Product Validation,Validity,High,Resolved,2026-04-16,System correction
X0002838,2026-04-27,E0008365,S000144,EX06,Fee/Product Validation,Validity,High,Open,,Pending investigation
X0002839,2026-03-02,E0008368,S000708,EX04,Withdrawal / Remediation Overlap,Consistency,Medium,Resolved,2026-03-13,Record remediation
X0002840,2026-04-27,E0008376,S002751,EX02,Missing LMS Unit Link,Completeness,High,Open,,Pending investigation
X0002841,2026-05-11,E0008376,S002751,EX02,Missing LMS Unit Link,Completeness,High,Open,,Pending investigation
X0002842,2026-04-13,E0008378,S000044,EX01,Incomplete Contact Details,Completeness,Medium,Resolved,2026-04-21,Record remediation
X0002843,2026-04-13,E0008381,S001355,EX01,Incomplete Contact Details,Completeness,Medium,Open,,Pending investigation
X0002844,2026-04-27,E0008381,S001355,EX01,Incomplete Contact Details,Completeness,Medium,Resolved,2026-05-10,Record remediation
X0002845,2026-04-27,E0008382,S001239,EX02,Missing LMS Unit Link,Completeness,High,Resolved,2026-05-03,System correction
X0002846,2026-05-11,E0008382,S001239,EX02,Missing LMS Unit Link,Completeness,High,Open,,Pending investigation
X0002847,2026-03-02,E0008386,S001016,EX01,Incomplete Contact Details,Completeness,Medium,Open,,Pending investigation
X0002848,2026-04-13,E0008389,S000657,EX07,Incomplete Enrolment,Completeness,Medium,Open,,Pending investigation
X0002849,2026-03-02,E0008400,S002596,EX06,Fee/Product Validation,Validity,High,Resolved,2026-03-06,System correction
X0002850,2026-04-27,E0008411,S002867,EX04,Withdrawal / Remediation Overlap,Consistency,Medium,Resolved,2026-04-29,Record remediation
X0002851,2026-04-13,E0008412,S001493,EX01,Incomplete Contact Details,Completeness,Medium,Open,,Pending investigation
X0002852,2026-04-13,E0008413,S003810,EX01,Incomplete Contact Details,Completeness,Medium,Resolved,2026-04-26,Record remediation
X0002853,2026-04-27,E0008413,S003810,EX01,Incomplete Contact Details,Completeness,Medium,Resolved,2026-05-07,Record remediation
X0002854,2026-03-02,E0008417,S004051,EX01,Incomplete Contact Details,Completeness,Medium,Open,,Pending investigation
X0002855,2026-03-30,E0008418,S003666,EX06,Fee/Product Validation,Validity,High,Resolved,2026-04-02,System correction
X0002856,2026-04-13,E0008418,S003666,EX06,Fee/Product Validation,Validity,High,Resolved,2026-04-20,System correction
X0002857,2026-04-13,E0008424,S001778,EX06,Fee/Product Validation,Validity,High,Open,,Pending investigation
X0002858,2026-04-27,E0008424,S001778,EX06,Fee/Product Validation,Validity,High,Resolved,2026-05-13,System correction
X0002859,2026-03-30,E0008428,S002141,EX03,Potential Duplicate Enrolment,Uniqueness,High,Resolved,2026-04-10,Record remediation
X0002860,2026-04-27,E0008433,S000854,EX01,Incomplete Contact Details,Completeness,Medium,Open,,Pending investigation
X0002861,2026-04-13,E0008434,S003322,EX05,Legacy Migration Mismatch,Consistency,High,Resolved,2026-04-29,System correction
X0002862,2026-04-27,E0008434,S003322,EX05,Legacy Migration Mismatch,Consistency,High,Open,,Pending investigation
X0002863,2026-04-27,E0008434,S003322,EX04,Withdrawal / Remediation Overlap,Consistency,Medium,Resolved,2026-04-29,Record remediation
X0002864,2026-03-16,E0008438,S003063,EX01,Incomplete Contact Details,Completeness,Medium,Resolved,2026-03-29,Record remediation
X0002865,2026-04-13,E0008441,S000356,EX07,Incomplete Enrolment,Completeness,Medium,Resolved,2026-04-17,Record remediation
X0002866,2026-03-30,E0008441,S000356,EX01,Incomplete Contact Details,Completeness,Medium,Open,,Pending investigation
X0002867,2026-03-30,E0008443,S000271,EX06,Fee/Product Validation,Validity,High,Resolved,2026-04-16,System correction
X0002868,2026-04-13,E0008447,S002499,EX05,Legacy Migration Mismatch,Consistency,High,Resolved,2026-04-22,System correction
X0002869,2026-03-02,E0008451,S002388,EX06,Fee/Product Validation,Validity,High,Open,,Pending investigation
X0002870,2026-03-16,E0008451,S002388,EX06,Fee/Product Validation,Validity,High,Resolved,2026-03-18,System correction
X0002871,2026-03-16,E0008452,S000027,EX06,Fee/Product Validation,Validity,High,Resolved,2026-04-02,System correction
X0002872,2026-03-30,E0008457,S002140,EX03,Potential Duplicate Enrolment,Uniqueness,High,Open,,Pending investigation
X0002873,2026-04-13,E0008457,S002140,EX03,Potential Duplicate Enrolment,Uniqueness,High,Resolved,2026-04-30,Record remediation
X0002874,2026-03-30,E0008462,S000189,EX01,Incomplete Contact Details,Completeness,Medium,Open,,Pending investigation
X0002875,2026-03-16,E0008464,S003905,EX06,Fee/Product Validation,Validity,High,Resolved,2026-03-28,System correction
X0002876,2026-03-02,E0008466,S000728,EX01,Incomplete Contact Details,Completeness,Medium,Open,,Pending investigation
X0002877,2026-03-16,E0008466,S000728,EX01,Incomplete Contact Details,Completeness,Medium,Resolved,2026-03-27,Record remediation
X0002878,2026-03-30,E0008470,S001523,EX03,Potential Duplicate Enrolment,Uniqueness,High,Resolved,2026-04-05,Record remediation
X0002879,2026-04-13,E0008473,S001192,EX06,Fee/Product Validation,Validity,High,Resolved,2026-04-18,System correction
X0002880,2026-03-02,E0008475,S000231,EX01,Incomplete Contact Details,Completeness,Medium,Resolved,2026-03-03,Record remediation
X0002881,2026-04-13,E0008479,S002025,EX05,Legacy Migration Mismatch,Consistency,High,Resolved,2026-04-19,System correction
X0002882,2026-03-02,E0008479,S002025,EX06,Fee/Product Validation,Validity,High,Resolved,2026-03-16,System correction
X0002883,2026-03-30,E0008487,S002394,EX01,Incomplete Contact Details,Completeness,Medium,Open,,Pending investigation
X0002884,2026-03-30,E0008488,S001536,EX04,Withdrawal / Remediation Overlap,Consistency,Medium,Open,,Pending investigation
X0002885,2026-04-13,E0008488,S001536,EX04,Withdrawal / Remediation Overlap,Consistency,Medium,Resolved,2026-04-17,Record remediation
X0002886,2026-03-02,E0008490,S003440,EX02,Missing LMS Unit Link,Completeness,High,Open,,Pending investigation
X0002887,2026-03-16,E0008490,S003440,EX02,Missing LMS Unit Link,Completeness,High,Resolved,2026-03-17,System correction
X0002888,2026-04-27,E0008490,S003440,EX01,Incomplete Contact Details,Completeness,Medium,Open,,Pending investigation
X0002889,2026-04-27,E0008491,S001444,EX07,Incomplete Enrolment,Completeness,Medium,Resolved,2026-05-10,Record remediation
X0002890,2026-04-13,E0008496,S003319,EX06,Fee/Product Validation,Validity,High,Resolved,2026-04-29,System correction
X0002891,2026-03-16,E0008500,S001529,EX06,Fee/Product Validation,Validity,High,Resolved,2026-03-23,System correction
X0002892,2026-03-02,E0008504,S000037,EX02,Missing LMS Unit Link,Completeness,High,Resolved,2026-03-10,System correction
X0002893,2026-03-16,E0008504,S000037,EX02,Missing LMS Unit Link,Completeness,High,Resolved,2026-03-18,System correction
X0002894,2026-04-13,E0008508,S000771,EX06,Fee/Product Validation,Validity,High,Resolved,2026-04-22,System correction
X0002895,2026-03-30,E0008511,S002244,EX06,Fee/Product Validation,Validity,High,Open,,Pending investigation
X0002896,2026-03-30,E0008515,S000347,EX01,Incomplete Contact Details,Completeness,Medium,Resolved,2026-04-12,Record remediation
X0002897,2026-03-16,E0008527,S003932,EX02,Missing LMS Unit Link,Completeness,High,Open,,Pending investigation
X0002898,2026-03-30,E0008527,S003932,EX02,Missing LMS Unit Link,Completeness,High,Resolved,2026-04-12,System correction
X0002899,2026-04-13,E0008527,S003932,EX02,Missing LMS Unit Link,Completeness,High,Resolved,2026-04-19,System correction
X0002900,2026-04-27,E0008530,S000122,EX02,Missing LMS Unit Link,Completeness,High,Open,,Pending investigation
X0002901,2026-03-02,E0008530,S000122,EX01,Incomplete Contact Details,Completeness,Medium,Resolved,2026-03-19,Record remediation
X0002902,2026-03-30,E0008536,S003594,EX04,Withdrawal / Remediation Overlap,Consistency,Medium,Resolved,2026-04-14,Record remediation
X0002903,2026-03-16,E0008539,S002364,EX03,Potential Duplicate Enrolment,Uniqueness,High,Resolved,2026-03-23,Record remediation
X0002904,2026-04-27,E0008542,S002552,EX01,Incomplete Contact Details,Completeness,Medium,Open,,Pending investigation
X0002905,2026-04-27,E0008550,S001478,EX06,Fee/Product Validation,Validity,High,Resolved,2026-05-05,System correction
X0002906,2026-05-11,E0008550,S001478,EX06,Fee/Product Validation,Validity,High,Resolved,2026-05-27,System correction
X0002907,2026-03-16,E0008550,S001478,EX03,Potential Duplicate Enrolment,Uniqueness,High,Open,,Pending investigation
X0002908,2026-04-27,E0008550,S001478,EX04,Withdrawal / Remediation Overlap,Consistency,Medium,Resolved,2026-05-07,Record remediation
X0002909,2026-05-11,E0008550,S001478,EX04,Withdrawal / Remediation Overlap,Consistency,Medium,Resolved,2026-05-23,Record remediation
X0002910,2026-04-27,E0008554,S000039,EX05,Legacy Migration Mismatch,Consistency,High,Resolved,2026-05-07,System correction
X0002911,2026-04-13,E0008555,S001502,EX02,Missing LMS Unit Link,Completeness,High,Open,,Pending investigation
X0002912,2026-03-02,E0008559,S001711,EX03,Potential Duplicate Enrolment,Uniqueness,High,Resolved,2026-03-05,Record remediation
X0002913,2026-04-13,E0008561,S001644,EX04,Withdrawal / Remediation Overlap,Consistency,Medium,Resolved,2026-04-22,Record remediation
X0002914,2026-04-13,E0008570,S001475,EX01,Incomplete Contact Details,Completeness,Medium,Resolved,2026-04-20,Record remediation
X0002915,2026-03-02,E0008572,S001451,EX05,Legacy Migration Mismatch,Consistency,High,Resolved,2026-03-16,System correction
X0002916,2026-03-16,E0008572,S001451,EX05,Legacy Migration Mismatch,Consistency,High,Resolved,2026-03-28,System correction
X0002917,2026-04-13,E0008574,S000554,EX01,Incomplete Contact Details,Completeness,Medium,Open,,Pending investigation
X0002918,2026-03-30,E0008578,S000894,EX01,Incomplete Contact Details,Completeness,Medium,Resolved,2026-04-16,Record remediation
X0002919,2026-03-30,E0008579,S002009,EX07,Incomplete Enrolment,Completeness,Medium,Resolved,2026-04-07,Record remediation
X0002920,2026-03-02,E0008580,S001610,EX01,Incomplete Contact Details,Completeness,Medium,Open,,Pending investigation
X0002921,2026-03-16,E0008581,S001270,EX02,Missing LMS Unit Link,Completeness,High,Resolved,2026-04-01,System correction
X0002922,2026-03-30,E0008581,S001270,EX02,Missing LMS Unit Link,Completeness,High,Resolved,2026-04-15,System correction
X0002923,2026-03-30,E0008589,S001224,EX03,Potential Duplicate Enrolment,Uniqueness,High,Resolved,2026-04-14,Record remediation
X0002924,2026-04-13,E0008596,S001485,EX01,Incomplete Contact Details,Completeness,Medium,Resolved,2026-04-20,Record remediation
X0002925,2026-04-13,E0008599,S001489,EX01,Incomplete Contact Details,Completeness,Medium,Resolved,2026-04-22,Record remediation
X0002926,2026-04-13,E0008607,S002028,EX01,Incomplete Contact Details,Completeness,Medium,Resolved,2026-04-29,Record remediation
X0002927,2026-04-27,E0008609,S001292,EX06,Fee/Product Validation,Validity,High,Resolved,2026-05-14,System correction
X0002928,2026-03-16,E0008616,S003426,EX03,Potential Duplicate Enrolment,Uniqueness,High,Resolved,2026-03-27,Record remediation
X0002929,2026-03-16,E0008628,S003289,EX06,Fee/Product Validation,Validity,High,Open,,Pending investigation
X0002930,2026-03-30,E0008628,S003289,EX06,Fee/Product Validation,Validity,High,Open,,Pending investigation
X0002931,2026-03-30,E0008630,S000626,EX06,Fee/Product Validation,Validity,High,Open,,Pending investigation
X0002932,2026-04-13,E0008630,S000626,EX06,Fee/Product Validation,Validity,High,Resolved,2026-04-25,System correction
X0002933,2026-03-30,E0008631,S001314,EX06,Fee/Product Validation,Validity,High,Open,,Pending investigation
X0002934,2026-03-16,E0008636,S004173,EX07,Incomplete Enrolment,Completeness,Medium,Open,,Pending investigation
X0002935,2026-03-30,E0008636,S004173,EX07,Incomplete Enrolment,Completeness,Medium,Open,,Pending investigation
X0002936,2026-04-27,E0008638,S003710,EX05,Legacy Migration Mismatch,Consistency,High,Resolved,2026-05-12,System correction
X0002937,2026-05-11,E0008638,S003710,EX05,Legacy Migration Mismatch,Consistency,High,Open,,Pending investigation
X0002938,2026-05-11,E0008638,S003710,EX05,Legacy Migration Mismatch,Consistency,High,Resolved,2026-05-19,System correction
X0002939,2026-03-16,E0008643,S003499,EX01,Incomplete Contact Details,Completeness,Medium,Open,,Pending investigation
X0002940,2026-04-27,E0008647,S003684,EX03,Potential Duplicate Enrolment,Uniqueness,High,Resolved,2026-05-15,Record remediation
X0002941,2026-03-30,E0008648,S000165,EX01,Incomplete Contact Details,Completeness,Medium,Resolved,2026-04-05,Record remediation
X0002942,2026-03-02,E0008650,S001087,EX04,Withdrawal / Remediation Overlap,Consistency,Medium,Resolved,2026-03-13,Record remediation
X0002943,2026-04-13,E0008651,S002624,EX04,Withdrawal / Remediation Overlap,Consistency,Medium,Open,,Pending investigation
X0002944,2026-04-27,E0008651,S002624,EX04,Withdrawal / Remediation Overlap,Consistency,Medium,Resolved,2026-05-02,Record remediation
X0002945,2026-03-30,E0008652,S002667,EX05,Legacy Migration Mismatch,Consistency,High,Open,,Pending investigation
X0002946,2026-04-13,E0008652,S002667,EX05,Legacy Migration Mismatch,Consistency,High,Resolved,2026-04-18,System correction
X0002947,2026-04-27,E0008652,S002667,EX05,Legacy Migration Mismatch,Consistency,High,Resolved,2026-05-03,System correction
X0002948,2026-04-13,E0008652,S002667,EX03,Potential Duplicate Enrolment,Uniqueness,High,Open,,Pending investigation
X0002949,2026-04-27,E0008652,S002667,EX03,Potential Duplicate Enrolment,Uniqueness,High,Resolved,2026-04-30,Record remediation
X0002950,2026-03-30,E0008653,S000951,EX01,Incomplete Contact Details,Completeness,Medium,Resolved,2026-04-14,Record remediation
X0002951,2026-03-16,E0008657,S000164,EX07,Incomplete Enrolment,Completeness,Medium,Resolved,2026-03-23,Record remediation
X0002952,2026-03-30,E0008659,S002035,EX04,Withdrawal / Remediation Overlap,Consistency,Medium,Resolved,2026-04-04,Record remediation
X0002953,2026-03-16,E0008661,S001668,EX07,Incomplete Enrolment,Completeness,Medium,Resolved,2026-04-03,Record remediation
X0002954,2026-04-13,E0008662,S000623,EX06,Fee/Product Validation,Validity,High,Resolved,2026-04-29,System correction
X0002955,2026-04-27,E0008663,S004150,EX02,Missing LMS Unit Link,Completeness,High,Resolved,2026-04-30,System correction
X0002956,2026-05-11,E0008663,S004150,EX02,Missing LMS Unit Link,Completeness,High,Resolved,2026-05-16,System correction
X0002957,2026-03-16,E0008664,S001637,EX01,Incomplete Contact Details,Completeness,Medium,Resolved,2026-03-24,Record remediation
X0002958,2026-03-16,E0008665,S003957,EX02,Missing LMS Unit Link,Completeness,High,Open,,Pending investigation
X0002959,2026-03-30,E0008665,S003957,EX02,Missing LMS Unit Link,Completeness,High,Open,,Pending investigation
X0002960,2026-04-13,E0008665,S003957,EX02,Missing LMS Unit Link,Completeness,High,Resolved,2026-04-20,System correction
X0002961,2026-04-27,E0008685,S000276,EX03,Potential Duplicate Enrolment,Uniqueness,High,Resolved,2026-05-02,Record remediation
X0002962,2026-04-13,E0008687,S000679,EX06,Fee/Product Validation,Validity,High,Open,,Pending investigation
X0002963,2026-03-30,E0008689,S003097,EX04,Withdrawal / Remediation Overlap,Consistency,Medium,Resolved,2026-04-09,Record remediation
X0002964,2026-04-13,E0008689,S003097,EX04,Withdrawal / Remediation Overlap,Consistency,Medium,Open,,Pending investigation
X0002965,2026-03-16,E0008691,S001538,EX02,Missing LMS Unit Link,Completeness,High,Open,,Pending investigation
X0002966,2026-03-30,E0008691,S001538,EX02,Missing LMS Unit Link,Completeness,High,Resolved,2026-04-02,System correction
X0002967,2026-04-27,E0008693,S000243,EX06,Fee/Product Validation,Validity,High,Resolved,2026-05-09,System correction
X0002968,2026-03-30,E0008707,S002103,EX05,Legacy Migration Mismatch,Consistency,High,Resolved,2026-04-08,System correction
X0002969,2026-03-30,E0008712,S003659,EX01,Incomplete Contact Details,Completeness,Medium,Resolved,2026-03-31,Record remediation
X0002970,2026-03-16,E0008714,S001438,EX03,Potential Duplicate Enrolment,Uniqueness,High,Resolved,2026-03-22,Record remediation
X0002971,2026-04-13,E0008715,S001086,EX06,Fee/Product Validation,Validity,High,Resolved,2026-05-01,System correction
X0002972,2026-04-27,E0008715,S001086,EX03,Potential Duplicate Enrolment,Uniqueness,High,Open,,Pending investigation
X0002973,2026-05-11,E0008715,S001086,EX03,Potential Duplicate Enrolment,Uniqueness,High,Resolved,2026-05-23,Record remediation
X0002974,2026-03-16,E0008723,S003703,EX06,Fee/Product Validation,Validity,High,Open,,Pending investigation
X0002975,2026-03-30,E0008723,S003703,EX06,Fee/Product Validation,Validity,High,Resolved,2026-04-04,System correction
X0002976,2026-03-30,E0008725,S001752,EX03,Potential Duplicate Enrolment,Uniqueness,High,Resolved,2026-04-06,Record remediation
X0002977,2026-03-30,E0008730,S001591,EX03,Potential Duplicate Enrolment,Uniqueness,High,Resolved,2026-03-31,Record remediation
X0002978,2026-03-16,E0008732,S000918,EX06,Fee/Product Validation,Validity,High,Resolved,2026-03-17,System correction
X0002979,2026-03-02,E0008733,S003370,EX01,Incomplete Contact Details,Completeness,Medium,Resolved,2026-03-19,Record remediation
X0002980,2026-04-13,E0008733,S003370,EX03,Potential Duplicate Enrolment,Uniqueness,High,Resolved,2026-04-14,Record remediation
X0002981,2026-04-13,E0008739,S003751,EX07,Incomplete Enrolment,Completeness,Medium,Open,,Pending investigation
X0002982,2026-03-30,E0008739,S003751,EX01,Incomplete Contact Details,Completeness,Medium,Resolved,2026-04-15,Record remediation
X0002983,2026-03-02,E0008741,S000674,EX06,Fee/Product Validation,Validity,High,Open,,Pending investigation
X0002984,2026-03-16,E0008741,S000674,EX06,Fee/Product Validation,Validity,High,Resolved,2026-03-26,System correction
X0002985,2026-03-30,E0008742,S000482,EX06,Fee/Product Validation,Validity,High,Open,,Pending investigation
X0002986,2026-03-02,E0008745,S002505,EX06,Fee/Product Validation,Validity,High,Resolved,2026-03-17,System correction
X0002987,2026-03-30,E0008748,S002655,EX06,Fee/Product Validation,Validity,High,Open,,Pending investigation
X0002988,2026-04-13,E0008748,S002655,EX06,Fee/Product Validation,Validity,High,Open,,Pending investigation
X0002989,2026-03-30,E0008751,S001433,EX06,Fee/Product Validation,Validity,High,Resolved,2026-04-01,System correction
X0002990,2026-03-02,E0008752,S002258,EX06,Fee/Product Validation,Validity,High,Resolved,2026-03-18,System correction
X0002991,2026-03-02,E0008753,S002864,EX01,Incomplete Contact Details,Completeness,Medium,Resolved,2026-03-16,Record remediation
X0002992,2026-04-13,E0008756,S003750,EX07,Incomplete Enrolment,Completeness,Medium,Resolved,2026-05-01,Record remediation
X0002993,2026-03-30,E0008756,S003750,EX06,Fee/Product Validation,Validity,High,Resolved,2026-04-01,System correction
X0002994,2026-04-27,E0008757,S003601,EX06,Fee/Product Validation,Validity,High,Resolved,2026-04-28,System correction
X0002995,2026-04-13,E0008764,S000642,EX01,Incomplete Contact Details,Completeness,Medium,Open,,Pending investigation
X0002996,2026-03-16,E0008765,S001283,EX01,Incomplete Contact Details,Completeness,Medium,Resolved,2026-03-23,Record remediation
X0002997,2026-03-02,E0008772,S000772,EX05,Legacy Migration Mismatch,Consistency,High,Resolved,2026-03-07,System correction
X0002998,2026-04-13,E0008775,S001519,EX07,Incomplete Enrolment,Completeness,Medium,Resolved,2026-04-24,Record remediation
X0002999,2026-04-13,E0008777,S000962,EX01,Incomplete Contact Details,Completeness,Medium,Resolved,2026-05-01,Record remediation
X0003000,2026-03-30,E0008778,S000289,EX02,Missing LMS Unit Link,Completeness,High,Resolved,2026-04-14,System correction
X0003001,2026-03-16,E0008779,S000335,EX01,Incomplete Contact Details,Completeness,Medium,Resolved,2026-03-26,Record remediation
X0003002,2026-03-02,E0008781,S001772,EX06,Fee/Product Validation,Validity,High,Resolved,2026-03-04,System correction
X0003003,2026-04-13,E0008781,S001772,EX03,Potential Duplicate Enrolment,Uniqueness,High,Open,,Pending investigation
X0003004,2026-03-16,E0008785,S001467,EX01,Incomplete Contact Details,Completeness,Medium,Resolved,2026-03-17,Record remediation
X0003005,2026-03-16,E0008790,S002490,EX06,Fee/Product Validation,Validity,High,Resolved,2026-03-30,System correction
X0003006,2026-03-02,E0008806,S003668,EX04,Withdrawal / Remediation Overlap,Consistency,Medium,Resolved,2026-03-17,Record remediation
X0003007,2026-04-13,E0008807,S000057,EX04,Withdrawal / Remediation Overlap,Consistency,Medium,Open,,Pending investigation
X0003008,2026-04-13,E0008810,S004169,EX01,Incomplete Contact Details,Completeness,Medium,Resolved,2026-04-26,Record remediation
X0003009,2026-04-13,E0008821,S004035,EX06,Fee/Product Validation,Validity,High,Resolved,2026-04-20,System correction
X0003010,2026-03-02,E0008822,S000840,EX01,Incomplete Contact Details,Completeness,Medium,Open,,Pending investigation
X0003011,2026-04-13,E0008826,S001025,EX06,Fee/Product Validation,Validity,High,Resolved,2026-04-23,System correction
X0003012,2026-03-16,E0008831,S002668,EX01,Incomplete Contact Details,Completeness,Medium,Resolved,2026-03-22,Record remediation
X0003013,2026-04-13,E0008832,S001459,EX06,Fee/Product Validation,Validity,High,Resolved,2026-04-30,System correction
X0003014,2026-03-30,E0008842,S001372,EX06,Fee/Product Validation,Validity,High,Resolved,2026-04-03,System correction
X0003015,2026-03-16,E0008849,S003941,EX06,Fee/Product Validation,Validity,High,Resolved,2026-03-23,System correction
X0003016,2026-04-27,E0008852,S003131,EX02,Missing LMS Unit Link,Completeness,High,Resolved,2026-05-01,System correction
X0003017,2026-03-02,E0008854,S002748,EX01,Incomplete Contact Details,Completeness,Medium,Resolved,2026-03-04,Record remediation
X0003018,2026-03-02,E0008856,S002300,EX03,Potential Duplicate Enrolment,Uniqueness,High,Resolved,2026-03-13,Record remediation
X0003019,2026-03-16,E0008856,S002300,EX03,Potential Duplicate Enrolment,Uniqueness,High,Open,,Pending investigation
X0003020,2026-03-16,E0008860,S003823,EX07,Incomplete Enrolment,Completeness,Medium,Resolved,2026-03-29,Record remediation
X0003021,2026-03-16,E0008861,S003027,EX01,Incomplete Contact Details,Completeness,Medium,Resolved,2026-04-02,Record remediation
X0003022,2026-04-27,E0008862,S003868,EX01,Incomplete Contact Details,Completeness,Medium,Open,,Pending investigation
X0003023,2026-04-13,E0008866,S000497,EX01,Incomplete Contact Details,Completeness,Medium,Resolved,2026-04-15,Record remediation
X0003024,2026-04-27,E0008874,S000323,EX04,Withdrawal / Remediation Overlap,Consistency,Medium,Resolved,2026-05-09,Record remediation
X0003025,2026-04-13,E0008875,S000787,EX06,Fee/Product Validation,Validity,High,Resolved,2026-04-15,System correction
X0003026,2026-03-30,E0008877,S003371,EX06,Fee/Product Validation,Validity,High,Resolved,2026-04-05,System correction
X0003027,2026-04-27,E0008877,S003371,EX01,Incomplete Contact Details,Completeness,Medium,Open,,Pending investigation
X0003028,2026-03-02,E0008878,S000781,EX01,Incomplete Contact Details,Completeness,Medium,Resolved,2026-03-12,Record remediation
X0003029,2026-03-16,E0008878,S000781,EX01,Incomplete Contact Details,Completeness,Medium,Resolved,2026-03-24,Record remediation
X0003030,2026-04-27,E0008886,S003642,EX02,Missing LMS Unit Link,Completeness,High,Open,,Pending investigation
X0003031,2026-05-11,E0008886,S003642,EX02,Missing LMS Unit Link,Completeness,High,Resolved,2026-05-14,System correction
X0003032,2026-03-16,E0008887,S001533,EX06,Fee/Product Validation,Validity,High,Resolved,2026-03-28,System correction
X0003033,2026-04-27,E0008892,S003669,EX06,Fee/Product Validation,Validity,High,Resolved,2026-05-03,System correction
X0003034,2026-04-13,E0008895,S004080,EX07,Incomplete Enrolment,Completeness,Medium,Resolved,2026-04-24,Record remediation
X0003035,2026-03-16,E0008897,S001323,EX06,Fee/Product Validation,Validity,High,Open,,Pending investigation
X0003036,2026-03-30,E0008897,S001323,EX06,Fee/Product Validation,Validity,High,Resolved,2026-03-31,System correction
X0003037,2026-04-13,E0008899,S004190,EX06,Fee/Product Validation,Validity,High,Resolved,2026-04-19,System correction
X0003038,2026-03-30,E0008904,S001784,EX02,Missing LMS Unit Link,Completeness,High,Resolved,2026-03-31,System correction
X0003039,2026-04-13,E0008913,S003281,EX01,Incomplete Contact Details,Completeness,Medium,Resolved,2026-04-21,Record remediation
X0003040,2026-04-27,E0008913,S003281,EX01,Incomplete Contact Details,Completeness,Medium,Resolved,2026-05-06,Record remediation
X0003041,2026-04-27,E0008915,S003611,EX04,Withdrawal / Remediation Overlap,Consistency,Medium,Open,,Pending investigation
X0003042,2026-03-16,E0008921,S000392,EX07,Incomplete Enrolment,Completeness,Medium,Resolved,2026-04-02,Record remediation
X0003043,2026-03-16,E0008924,S000213,EX02,Missing LMS Unit Link,Completeness,High,Open,,Pending investigation
X0003044,2026-03-30,E0008924,S000213,EX02,Missing LMS Unit Link,Completeness,High,Resolved,2026-04-11,System correction
X0003045,2026-04-13,E0008930,S001076,EX05,Legacy Migration Mismatch,Consistency,High,Open,,Pending investigation
X0003046,2026-04-27,E0008930,S001076,EX05,Legacy Migration Mismatch,Consistency,High,Resolved,2026-05-01,System correction
X0003047,2026-03-16,E0008934,S003994,EX05,Legacy Migration Mismatch,Consistency,High,Resolved,2026-03-26,System correction
X0003048,2026-03-02,E0008941,S001289,EX06,Fee/Product Validation,Validity,High,Resolved,2026-03-13,System correction
X0003049,2026-04-13,E0008941,S001289,EX03,Potential Duplicate Enrolment,Uniqueness,High,Resolved,2026-04-29,Record remediation
X0003050,2026-03-30,E0008951,S002979,EX01,Incomplete Contact Details,Completeness,Medium,Resolved,2026-04-16,Record remediation
X0003051,2026-03-02,E0008955,S000760,EX06,Fee/Product Validation,Validity,High,Resolved,2026-03-08,System correction
X0003052,2026-04-27,E0008956,S002956,EX06,Fee/Product Validation,Validity,High,Open,,Pending investigation
X0003053,2026-05-11,E0008956,S002956,EX06,Fee/Product Validation,Validity,High,Resolved,2026-05-27,System correction
X0003054,2026-04-27,E0008958,S003029,EX07,Incomplete Enrolment,Completeness,Medium,Resolved,2026-05-14,Record remediation
X0003055,2026-05-11,E0008958,S003029,EX07,Incomplete Enrolment,Completeness,Medium,Resolved,2026-05-23,Record remediation
X0003056,2026-03-16,E0008959,S002545,EX07,Incomplete Enrolment,Completeness,Medium,Resolved,2026-03-20,Record remediation
X0003057,2026-03-16,E0008959,S002545,EX06,Fee/Product Validation,Validity,High,Resolved,2026-04-03,System correction
X0003058,2026-03-30,E0008969,S001443,EX07,Incomplete Enrolment,Completeness,Medium,Resolved,2026-04-17,Record remediation
X0003059,2026-03-30,E0008972,S000287,EX05,Legacy Migration Mismatch,Consistency,High,Open,,Pending investigation
X0003060,2026-04-13,E0008972,S000287,EX05,Legacy Migration Mismatch,Consistency,High,Resolved,2026-04-16,System correction
X0003061,2026-04-27,E0008975,S001664,EX07,Incomplete Enrolment,Completeness,Medium,Open,,Pending investigation
X0003062,2026-04-27,E0008979,S001230,EX07,Incomplete Enrolment,Completeness,Medium,Resolved,2026-05-15,Record remediation
X0003063,2026-03-16,E0008979,S001230,EX03,Potential Duplicate Enrolment,Uniqueness,High,Resolved,2026-03-17,Record remediation
X0003064,2026-03-30,E0008981,S001101,EX01,Incomplete Contact Details,Completeness,Medium,Resolved,2026-04-04,Record remediation
X0003065,2026-03-16,E0008983,S002125,EX02,Missing LMS Unit Link,Completeness,High,Resolved,2026-03-22,System correction
X0003066,2026-03-30,E0008983,S002125,EX02,Missing LMS Unit Link,Completeness,High,Resolved,2026-04-11,System correction
X0003067,2026-03-16,E0008983,S002125,EX03,Potential Duplicate Enrolment,Uniqueness,High,Open,,Pending investigation
X0003068,2026-03-30,E0008983,S002125,EX03,Potential Duplicate Enrolment,Uniqueness,High,Resolved,2026-04-16,Record remediation
X0003069,2026-03-16,E0008991,S002446,EX05,Legacy Migration Mismatch,Consistency,High,Resolved,2026-03-26,System correction
X0003070,2026-03-02,E0008994,S002217,EX01,Incomplete Contact Details,Completeness,Medium,Open,,Pending investigation
X0003071,2026-03-16,E0008996,S003387,EX05,Legacy Migration Mismatch,Consistency,High,Resolved,2026-03-25,System correction
X0003072,2026-04-13,E0008996,S003387,EX01,Incomplete Contact Details,Completeness,Medium,Resolved,2026-05-01,Record remediation
X0003073,2026-04-27,E0009008,S001404,EX06,Fee/Product Validation,Validity,High,Open,,Pending investigation
X0003074,2026-03-16,E0009008,S001404,EX04,Withdrawal / Remediation Overlap,Consistency,Medium,Resolved,2026-04-01,Record remediation
X0003075,2026-03-30,E0009008,S001404,EX04,Withdrawal / Remediation Overlap,Consistency,Medium,Resolved,2026-04-01,Record remediation
X0003076,2026-04-13,E0009009,S001591,EX06,Fee/Product Validation,Validity,High,Resolved,2026-04-30,System correction
X0003077,2026-03-02,E0009019,S004169,EX01,Incomplete Contact Details,Completeness,Medium,Resolved,2026-03-16,Record remediation
X0003078,2026-03-16,E0009022,S000940,EX06,Fee/Product Validation,Validity,High,Open,,Pending investigation
X0003079,2026-03-16,E0009030,S004167,EX05,Legacy Migration Mismatch,Consistency,High,Open,,Pending investigation
X0003080,2026-03-30,E0009030,S004167,EX05,Legacy Migration Mismatch,Consistency,High,Open,,Pending investigation
X0003081,2026-04-13,E0009030,S004167,EX05,Legacy Migration Mismatch,Consistency,High,Resolved,2026-04-28,System correction
X0003082,2026-03-16,E0009031,S001218,EX03,Potential Duplicate Enrolment,Uniqueness,High,Resolved,2026-03-21,Record remediation
X0003083,2026-03-30,E0009031,S001218,EX03,Potential Duplicate Enrolment,Uniqueness,High,Open,,Pending investigation
X0003084,2026-03-30,E0009037,S003552,EX06,Fee/Product Validation,Validity,High,Resolved,2026-04-05,System correction
X0003085,2026-03-30,E0009040,S001751,EX06,Fee/Product Validation,Validity,High,Resolved,2026-04-03,System correction
X0003086,2026-03-02,E0009044,S000643,EX02,Missing LMS Unit Link,Completeness,High,Resolved,2026-03-12,System correction
X0003087,2026-04-27,E0009050,S002512,EX01,Incomplete Contact Details,Completeness,Medium,Resolved,2026-04-29,Record remediation
X0003088,2026-03-30,E0009058,S000443,EX01,Incomplete Contact Details,Completeness,Medium,Open,,Pending investigation
X0003089,2026-04-13,E0009058,S000443,EX01,Incomplete Contact Details,Completeness,Medium,Resolved,2026-04-18,Record remediation
X0003090,2026-03-16,E0009060,S002484,EX05,Legacy Migration Mismatch,Consistency,High,Open,,Pending investigation
X0003091,2026-04-13,E0009062,S003673,EX01,Incomplete Contact Details,Completeness,Medium,Open,,Pending investigation
X0003092,2026-03-30,E0009064,S001442,EX06,Fee/Product Validation,Validity,High,Resolved,2026-04-04,System correction
X0003093,2026-04-27,E0009065,S001952,EX01,Incomplete Contact Details,Completeness,Medium,Resolved,2026-05-03,Record remediation
X0003094,2026-04-13,E0009066,S001187,EX06,Fee/Product Validation,Validity,High,Resolved,2026-04-22,System correction
X0003095,2026-04-13,E0009066,S001187,EX01,Incomplete Contact Details,Completeness,Medium,Open,,Pending investigation
X0003096,2026-04-27,E0009077,S004189,EX07,Incomplete Enrolment,Completeness,Medium,Resolved,2026-05-03,Record remediation
X0003097,2026-04-13,E0009081,S003549,EX01,Incomplete Contact Details,Completeness,Medium,Open,,Pending investigation
X0003098,2026-04-27,E0009081,S003549,EX01,Incomplete Contact Details,Completeness,Medium,Resolved,2026-05-12,Record remediation
X0003099,2026-04-13,E0009083,S002084,EX03,Potential Duplicate Enrolment,Uniqueness,High,Resolved,2026-04-21,Record remediation
X0003100,2026-04-27,E0009084,S003589,EX02,Missing LMS Unit Link,Completeness,High,Open,,Pending investigation
X0003101,2026-05-11,E0009084,S003589,EX02,Missing LMS Unit Link,Completeness,High,Resolved,2026-05-27,System correction
X0003102,2026-04-27,E0009085,S000631,EX06,Fee/Product Validation,Validity,High,Open,,Pending investigation
X0003103,2026-03-30,E0009085,S000631,EX03,Potential Duplicate Enrolment,Uniqueness,High,Resolved,2026-04-08,Record remediation
X0003104,2026-04-13,E0009096,S003046,EX01,Incomplete Contact Details,Completeness,Medium,Resolved,2026-04-15,Record remediation
X0003105,2026-04-13,E0009097,S000081,EX06,Fee/Product Validation,Validity,High,Resolved,2026-04-28,System correction
X0003106,2026-04-13,E0009100,S001929,EX06,Fee/Product Validation,Validity,High,Resolved,2026-04-24,System correction
X0003107,2026-04-13,E0009103,S004004,EX01,Incomplete Contact Details,Completeness,Medium,Resolved,2026-04-24,Record remediation
X0003108,2026-04-13,E0009104,S002877,EX03,Potential Duplicate Enrolment,Uniqueness,High,Open,,Pending investigation
X0003109,2026-04-13,E0009107,S001645,EX06,Fee/Product Validation,Validity,High,Resolved,2026-04-30,System correction
X0003110,2026-03-02,E0009110,S003122,EX03,Potential Duplicate Enrolment,Uniqueness,High,Open,,Pending investigation
X0003111,2026-03-16,E0009110,S003122,EX03,Potential Duplicate Enrolment,Uniqueness,High,Open,,Pending investigation
X0003112,2026-03-30,E0009112,S002526,EX02,Missing LMS Unit Link,Completeness,High,Resolved,2026-04-08,System correction
X0003113,2026-04-13,E0009112,S002526,EX02,Missing LMS Unit Link,Completeness,High,Open,,Pending investigation
X0003114,2026-04-27,E0009112,S002526,EX02,Missing LMS Unit Link,Completeness,High,Resolved,2026-04-28,System correction
X0003115,2026-03-16,E0009121,S000204,EX02,Missing LMS Unit Link,Completeness,High,Open,,Pending investigation
X0003116,2026-03-30,E0009121,S000204,EX02,Missing LMS Unit Link,Completeness,High,Open,,Pending investigation
X0003117,2026-04-13,E0009121,S000204,EX02,Missing LMS Unit Link,Completeness,High,Resolved,2026-04-26,System correction
X0003118,2026-03-02,E0009121,S000204,EX06,Fee/Product Validation,Validity,High,Resolved,2026-03-17,System correction
X0003119,2026-04-27,E0009129,S001092,EX07,Incomplete Enrolment,Completeness,Medium,Resolved,2026-05-02,Record remediation
X0003120,2026-03-30,E0009137,S003075,EX06,Fee/Product Validation,Validity,High,Resolved,2026-03-31,System correction
X0003121,2026-04-13,E0009145,S004066,EX02,Missing LMS Unit Link,Completeness,High,Resolved,2026-04-14,System correction
X0003122,2026-04-27,E0009146,S002473,EX06,Fee/Product Validation,Validity,High,Resolved,2026-04-29,System correction
X0003123,2026-03-30,E0009154,S000817,EX03,Potential Duplicate Enrolment,Uniqueness,High,Resolved,2026-04-09,Record remediation
X0003124,2026-04-13,E0009157,S001171,EX06,Fee/Product Validation,Validity,High,Resolved,2026-04-24,System correction
X0003125,2026-04-27,E0009157,S001171,EX01,Incomplete Contact Details,Completeness,Medium,Resolved,2026-05-04,Record remediation
X0003126,2026-03-02,E0009162,S002598,EX06,Fee/Product Validation,Validity,High,Resolved,2026-03-06,System correction
X0003127,2026-03-16,E0009169,S000760,EX06,Fee/Product Validation,Validity,High,Resolved,2026-04-01,System correction
X0003128,2026-04-13,E0009170,S000613,EX02,Missing LMS Unit Link,Completeness,High,Open,,Pending investigation
X0003129,2026-04-27,E0009170,S000613,EX02,Missing LMS Unit Link,Completeness,High,Resolved,2026-05-14,System correction
X0003130,2026-03-02,E0009173,S003223,EX07,Incomplete Enrolment,Completeness,Medium,Resolved,2026-03-16,Record remediation
X0003131,2026-03-02,E0009173,S003223,EX02,Missing LMS Unit Link,Completeness,High,Resolved,2026-03-18,System correction
X0003132,2026-04-13,E0009175,S000339,EX06,Fee/Product Validation,Validity,High,Resolved,2026-04-21,System correction
X0003133,2026-04-27,E0009181,S002914,EX02,Missing LMS Unit Link,Completeness,High,Resolved,2026-05-09,System correction
X0003134,2026-04-13,E0009186,S002826,EX07,Incomplete Enrolment,Completeness,Medium,Open,,Pending investigation
X0003135,2026-04-13,E0009186,S002826,EX06,Fee/Product Validation,Validity,High,Resolved,2026-04-29,System correction
X0003136,2026-03-02,E0009195,S003125,EX02,Missing LMS Unit Link,Completeness,High,Open,,Pending investigation
X0003137,2026-03-16,E0009195,S003125,EX02,Missing LMS Unit Link,Completeness,High,Resolved,2026-03-30,System correction
X0003138,2026-03-02,E0009199,S000292,EX06,Fee/Product Validation,Validity,High,Resolved,2026-03-10,System correction
X0003139,2026-04-13,E0009202,S002004,EX01,Incomplete Contact Details,Completeness,Medium,Open,,Pending investigation
X0003140,2026-04-27,E0009204,S001488,EX06,Fee/Product Validation,Validity,High,Open,,Pending investigation
X0003141,2026-03-02,E0009205,S000052,EX05,Legacy Migration Mismatch,Consistency,High,Resolved,2026-03-14,System correction
X0003142,2026-03-30,E0009208,S001333,EX06,Fee/Product Validation,Validity,High,Open,,Pending investigation
X0003143,2026-03-02,E0009209,S001803,EX02,Missing LMS Unit Link,Completeness,High,Resolved,2026-03-11,System correction
X0003144,2026-04-27,E0009213,S003311,EX05,Legacy Migration Mismatch,Consistency,High,Resolved,2026-04-29,System correction
X0003145,2026-04-13,E0009217,S000585,EX06,Fee/Product Validation,Validity,High,Resolved,2026-04-18,System correction
X0003146,2026-03-02,E0009218,S003684,EX03,Potential Duplicate Enrolment,Uniqueness,High,Resolved,2026-03-10,Record remediation
X0003147,2026-04-13,E0009220,S002212,EX01,Incomplete Contact Details,Completeness,Medium,Resolved,2026-04-21,Record remediation
X0003148,2026-04-27,E0009222,S003299,EX01,Incomplete Contact Details,Completeness,Medium,Resolved,2026-05-12,Record remediation
X0003149,2026-04-13,E0009232,S003513,EX03,Potential Duplicate Enrolment,Uniqueness,High,Resolved,2026-04-24,Record remediation
X0003150,2026-03-30,E0009233,S004055,EX01,Incomplete Contact Details,Completeness,Medium,Resolved,2026-04-04,Record remediation
X0003151,2026-03-02,E0009235,S001019,EX06,Fee/Product Validation,Validity,High,Resolved,2026-03-18,System correction
X0003152,2026-03-30,E0009239,S000869,EX04,Withdrawal / Remediation Overlap,Consistency,Medium,Open,,Pending investigation
X0003153,2026-04-13,E0009239,S000869,EX04,Withdrawal / Remediation Overlap,Consistency,Medium,Open,,Pending investigation
X0003154,2026-04-13,E0009243,S003440,EX07,Incomplete Enrolment,Completeness,Medium,Open,,Pending investigation
X0003155,2026-03-02,E0009244,S001323,EX01,Incomplete Contact Details,Completeness,Medium,Resolved,2026-03-11,Record remediation
X0003156,2026-03-02,E0009245,S002644,EX05,Legacy Migration Mismatch,Consistency,High,Open,,Pending investigation
X0003157,2026-03-16,E0009245,S002644,EX05,Legacy Migration Mismatch,Consistency,High,Resolved,2026-03-27,System correction
X0003158,2026-03-30,E0009245,S002644,EX05,Legacy Migration Mismatch,Consistency,High,Resolved,2026-04-14,System correction
X0003159,2026-04-27,E0009246,S003278,EX02,Missing LMS Unit Link,Completeness,High,Open,,Pending investigation
X0003160,2026-05-11,E0009246,S003278,EX02,Missing LMS Unit Link,Completeness,High,Resolved,2026-05-14,System correction
X0003161,2026-05-11,E0009246,S003278,EX02,Missing LMS Unit Link,Completeness,High,Resolved,2026-05-20,System correction
X0003162,2026-04-27,E0009248,S000057,EX07,Incomplete Enrolment,Completeness,Medium,Open,,Pending investigation
X0003163,2026-04-27,E0009251,S001676,EX07,Incomplete Enrolment,Completeness,Medium,Open,,Pending investigation
X0003164,2026-05-11,E0009251,S001676,EX07,Incomplete Enrolment,Completeness,Medium,Open,,Pending investigation
X0003165,2026-03-02,E0009253,S001738,EX01,Incomplete Contact Details,Completeness,Medium,Open,,Pending investigation
X0003166,2026-03-16,E0009253,S001738,EX01,Incomplete Contact Details,Completeness,Medium,Resolved,2026-03-19,Record remediation
X0003167,2026-04-27,E0009254,S002344,EX06,Fee/Product Validation,Validity,High,Resolved,2026-04-30,System correction
X0003168,2026-03-16,E0009260,S002013,EX07,Incomplete Enrolment,Completeness,Medium,Resolved,2026-04-02,Record remediation
X0003169,2026-03-30,E0009263,S001467,EX07,Incomplete Enrolment,Completeness,Medium,Resolved,2026-04-03,Record remediation
X0003170,2026-04-13,E0009271,S000418,EX01,Incomplete Contact Details,Completeness,Medium,Resolved,2026-04-17,Record remediation
X0003171,2026-03-16,E0009273,S002588,EX05,Legacy Migration Mismatch,Consistency,High,Resolved,2026-03-22,System correction
X0003172,2026-03-30,E0009273,S002588,EX05,Legacy Migration Mismatch,Consistency,High,Resolved,2026-04-06,System correction
X0003173,2026-04-13,E0009273,S002588,EX06,Fee/Product Validation,Validity,High,Resolved,2026-04-14,System correction
X0003174,2026-04-13,E0009279,S000951,EX02,Missing LMS Unit Link,Completeness,High,Open,,Pending investigation
X0003175,2026-04-27,E0009279,S000951,EX02,Missing LMS Unit Link,Completeness,High,Open,,Pending investigation
X0003176,2026-05-11,E0009279,S000951,EX02,Missing LMS Unit Link,Completeness,High,Open,,Pending investigation
X0003177,2026-04-27,E0009280,S000719,EX06,Fee/Product Validation,Validity,High,Open,,Pending investigation
X0003178,2026-04-27,E0009281,S004146,EX05,Legacy Migration Mismatch,Consistency,High,Open,,Pending investigation
X0003179,2026-05-11,E0009281,S004146,EX05,Legacy Migration Mismatch,Consistency,High,Resolved,2026-05-18,System correction
X0003180,2026-04-27,E0009282,S000750,EX02,Missing LMS Unit Link,Completeness,High,Resolved,2026-05-04,System correction
X0003181,2026-04-13,E0009283,S001841,EX06,Fee/Product Validation,Validity,High,Resolved,2026-04-25,System correction
X0003182,2026-04-13,E0009287,S004101,EX06,Fee/Product Validation,Validity,High,Open,,Pending investigation
X0003183,2026-04-13,E0009289,S001954,EX01,Incomplete Contact Details,Completeness,Medium,Resolved,2026-04-22,Record remediation
X0003184,2026-04-13,E0009297,S000289,EX05,Legacy Migration Mismatch,Consistency,High,Resolved,2026-04-25,System correction
X0003185,2026-03-16,E0009299,S002858,EX06,Fee/Product Validation,Validity,High,Open,,Pending investigation
X0003186,2026-03-30,E0009299,S002858,EX06,Fee/Product Validation,Validity,High,Resolved,2026-04-11,System correction
X0003187,2026-04-13,E0009301,S002138,EX03,Potential Duplicate Enrolment,Uniqueness,High,Open,,Pending investigation
X0003188,2026-04-13,E0009304,S001057,EX03,Potential Duplicate Enrolment,Uniqueness,High,Resolved,2026-04-18,Record remediation
X0003189,2026-03-02,E0009305,S003790,EX05,Legacy Migration Mismatch,Consistency,High,Resolved,2026-03-14,System correction
X0003190,2026-03-16,E0009305,S003790,EX05,Legacy Migration Mismatch,Consistency,High,Open,,Pending investigation
X0003191,2026-03-30,E0009310,S001720,EX06,Fee/Product Validation,Validity,High,Open,,Pending investigation
X0003192,2026-04-13,E0009314,S002736,EX07,Incomplete Enrolment,Completeness,Medium,Resolved,2026-05-01,Record remediation
X0003193,2026-04-27,E0009322,S000066,EX05,Legacy Migration Mismatch,Consistency,High,Open,,Pending investigation
X0003194,2026-03-16,E0009325,S000583,EX02,Missing LMS Unit Link,Completeness,High,Resolved,2026-04-03,System correction
X0003195,2026-03-30,E0009325,S000583,EX02,Missing LMS Unit Link,Completeness,High,Resolved,2026-04-06,System correction
X0003196,2026-03-02,E0009336,S003852,EX03,Potential Duplicate Enrolment,Uniqueness,High,Resolved,2026-03-03,Record remediation
X0003197,2026-03-16,E0009336,S003852,EX03,Potential Duplicate Enrolment,Uniqueness,High,Open,,Pending investigation
X0003198,2026-03-02,E0009342,S002694,EX06,Fee/Product Validation,Validity,High,Open,,Pending investigation
X0003199,2026-04-13,E0009344,S003022,EX06,Fee/Product Validation,Validity,High,Open,,Pending investigation
X0003200,2026-04-27,E0009344,S003022,EX06,Fee/Product Validation,Validity,High,Resolved,2026-05-10,System correction
X0003201,2026-04-13,E0009349,S003476,EX07,Incomplete Enrolment,Completeness,Medium,Resolved,2026-04-14,Record remediation
X0003202,2026-04-27,E0009350,S000874,EX06,Fee/Product Validation,Validity,High,Resolved,2026-04-30,System correction
X0003203,2026-03-02,E0009351,S001250,EX06,Fee/Product Validation,Validity,High,Resolved,2026-03-12,System correction
X0003204,2026-03-16,E0009354,S003280,EX01,Incomplete Contact Details,Completeness,Medium,Resolved,2026-04-03,Record remediation
X0003205,2026-04-13,E0009357,S000904,EX06,Fee/Product Validation,Validity,High,Resolved,2026-04-25,System correction
X0003206,2026-03-16,E0009358,S000467,EX04,Withdrawal / Remediation Overlap,Consistency,Medium,Resolved,2026-03-17,Record remediation
X0003207,2026-03-30,E0009359,S002623,EX01,Incomplete Contact Details,Completeness,Medium,Open,,Pending investigation
X0003208,2026-03-02,E0009362,S001560,EX01,Incomplete Contact Details,Completeness,Medium,Open,,Pending investigation
X0003209,2026-03-16,E0009364,S002068,EX06,Fee/Product Validation,Validity,High,Resolved,2026-04-01,System correction
X0003210,2026-03-30,E0009367,S003057,EX07,Incomplete Enrolment,Completeness,Medium,Resolved,2026-04-01,Record remediation
X0003211,2026-03-30,E0009372,S001171,EX01,Incomplete Contact Details,Completeness,Medium,Resolved,2026-04-06,Record remediation
X0003212,2026-03-02,E0009374,S003429,EX01,Incomplete Contact Details,Completeness,Medium,Resolved,2026-03-18,Record remediation
X0003213,2026-03-02,E0009375,S001712,EX06,Fee/Product Validation,Validity,High,Resolved,2026-03-16,System correction
X0003214,2026-04-13,E0009377,S003487,EX03,Potential Duplicate Enrolment,Uniqueness,High,Resolved,2026-04-25,Record remediation
X0003215,2026-04-13,E0009382,S002732,EX03,Potential Duplicate Enrolment,Uniqueness,High,Open,,Pending investigation
X0003216,2026-04-27,E0009382,S002732,EX03,Potential Duplicate Enrolment,Uniqueness,High,Resolved,2026-05-11,Record remediation
X0003217,2026-03-16,E0009386,S002839,EX06,Fee/Product Validation,Validity,High,Resolved,2026-03-31,System correction
X0003218,2026-04-13,E0009388,S001318,EX01,Incomplete Contact Details,Completeness,Medium,Open,,Pending investigation
X0003219,2026-03-02,E0009390,S000460,EX06,Fee/Product Validation,Validity,High,Resolved,2026-03-13,System correction
X0003220,2026-03-16,E0009395,S002869,EX04,Withdrawal / Remediation Overlap,Consistency,Medium,Resolved,2026-03-29,Record remediation
X0003221,2026-03-16,E0009398,S000903,EX06,Fee/Product Validation,Validity,High,Resolved,2026-03-30,System correction
X0003222,2026-03-02,E0009403,S003364,EX07,Incomplete Enrolment,Completeness,Medium,Resolved,2026-03-10,Record remediation
X0003223,2026-04-13,E0009411,S003354,EX06,Fee/Product Validation,Validity,High,Resolved,2026-04-23,System correction
X0003224,2026-03-16,E0009424,S003511,EX02,Missing LMS Unit Link,Completeness,High,Resolved,2026-03-23,System correction
X0003225,2026-03-16,E0009428,S001630,EX06,Fee/Product Validation,Validity,High,Resolved,2026-04-03,System correction
X0003226,2026-03-16,E0009431,S004056,EX07,Incomplete Enrolment,Completeness,Medium,Resolved,2026-03-27,Record remediation
X0003227,2026-03-02,E0009431,S004056,EX02,Missing LMS Unit Link,Completeness,High,Resolved,2026-03-06,System correction
X0003228,2026-03-16,E0009433,S003959,EX07,Incomplete Enrolment,Completeness,Medium,Open,,Pending investigation
X0003229,2026-03-30,E0009433,S003959,EX07,Incomplete Enrolment,Completeness,Medium,Resolved,2026-04-17,Record remediation
X0003230,2026-03-02,E0009434,S000649,EX06,Fee/Product Validation,Validity,High,Resolved,2026-03-05,System correction
X0003231,2026-03-16,E0009435,S001954,EX06,Fee/Product Validation,Validity,High,Resolved,2026-03-20,System correction
X0003232,2026-04-27,E0009436,S002310,EX01,Incomplete Contact Details,Completeness,Medium,Resolved,2026-04-29,Record remediation
X0003233,2026-05-11,E0009436,S002310,EX01,Incomplete Contact Details,Completeness,Medium,Open,,Pending investigation
X0003234,2026-03-16,E0009443,S003810,EX05,Legacy Migration Mismatch,Consistency,High,Resolved,2026-03-25,System correction
X0003235,2026-04-13,E0009452,S002850,EX06,Fee/Product Validation,Validity,High,Resolved,2026-04-26,System correction
X0003236,2026-03-02,E0009452,S002850,EX01,Incomplete Contact Details,Completeness,Medium,Resolved,2026-03-18,Record remediation
X0003237,2026-03-16,E0009454,S001100,EX03,Potential Duplicate Enrolment,Uniqueness,High,Resolved,2026-03-29,Record remediation
X0003238,2026-03-16,E0009462,S003004,EX04,Withdrawal / Remediation Overlap,Consistency,Medium,Resolved,2026-03-30,Record remediation
X0003239,2026-03-02,E0009463,S001230,EX06,Fee/Product Validation,Validity,High,Resolved,2026-03-19,System correction
X0003240,2026-03-16,E0009463,S001230,EX06,Fee/Product Validation,Validity,High,Resolved,2026-03-24,System correction
X0003241,2026-04-27,E0009465,S001048,EX06,Fee/Product Validation,Validity,High,Open,,Pending investigation
X0003242,2026-04-13,E0009465,S001048,EX01,Incomplete Contact Details,Completeness,Medium,Open,,Pending investigation
X0003243,2026-03-02,E0009474,S003289,EX01,Incomplete Contact Details,Completeness,Medium,Open,,Pending investigation
X0003244,2026-03-16,E0009477,S000140,EX06,Fee/Product Validation,Validity,High,Open,,Pending investigation
X0003245,2026-04-13,E0009487,S002310,EX07,Incomplete Enrolment,Completeness,Medium,Resolved,2026-04-15,Record remediation
X0003246,2026-03-16,E0009492,S002566,EX04,Withdrawal / Remediation Overlap,Consistency,Medium,Open,,Pending investigation
X0003247,2026-03-16,E0009494,S000702,EX06,Fee/Product Validation,Validity,High,Open,,Pending investigation
X0003248,2026-03-30,E0009506,S001491,EX02,Missing LMS Unit Link,Completeness,High,Open,,Pending investigation
X0003249,2026-04-13,E0009506,S001491,EX02,Missing LMS Unit Link,Completeness,High,Open,,Pending investigation
X0003250,2026-03-30,E0009507,S000771,EX04,Withdrawal / Remediation Overlap,Consistency,Medium,Resolved,2026-03-31,Record remediation
X0003251,2026-03-16,E0009512,S002570,EX05,Legacy Migration Mismatch,Consistency,High,Resolved,2026-03-21,System correction
X0003252,2026-03-30,E0009515,S000939,EX01,Incomplete Contact Details,Completeness,Medium,Resolved,2026-04-14,Record remediation
X0003253,2026-04-27,E0009516,S003408,EX06,Fee/Product Validation,Validity,High,Resolved,2026-05-02,System correction
X0003254,2026-03-02,E0009516,S003408,EX03,Potential Duplicate Enrolment,Uniqueness,High,Resolved,2026-03-17,Record remediation
X0003255,2026-03-02,E0009519,S003585,EX06,Fee/Product Validation,Validity,High,Resolved,2026-03-12,System correction
X0003256,2026-03-16,E0009521,S003463,EX07,Incomplete Enrolment,Completeness,Medium,Resolved,2026-03-28,Record remediation
X0003257,2026-04-27,E0009522,S002299,EX05,Legacy Migration Mismatch,Consistency,High,Open,,Pending investigation
X0003258,2026-03-16,E0009523,S000664,EX04,Withdrawal / Remediation Overlap,Consistency,Medium,Open,,Pending investigation
X0003259,2026-04-13,E0009528,S002495,EX06,Fee/Product Validation,Validity,High,Resolved,2026-04-26,System correction
X0003260,2026-04-27,E0009528,S002495,EX06,Fee/Product Validation,Validity,High,Open,,Pending investigation
X0003261,2026-03-16,E0009540,S001275,EX01,Incomplete Contact Details,Completeness,Medium,Resolved,2026-03-27,Record remediation
X0003262,2026-03-30,E0009541,S000446,EX06,Fee/Product Validation,Validity,High,Open,,Pending investigation
X0003263,2026-04-13,E0009541,S000446,EX01,Incomplete Contact Details,Completeness,Medium,Open,,Pending investigation
X0003264,2026-04-27,E0009541,S000446,EX01,Incomplete Contact Details,Completeness,Medium,Resolved,2026-05-07,Record remediation
X0003265,2026-03-16,E0009553,S002016,EX06,Fee/Product Validation,Validity,High,Open,,Pending investigation
X0003266,2026-03-16,E0009555,S000536,EX01,Incomplete Contact Details,Completeness,Medium,Resolved,2026-03-19,Record remediation
X0003267,2026-03-30,E0009559,S002910,EX01,Incomplete Contact Details,Completeness,Medium,Resolved,2026-04-10,Record remediation
X0003268,2026-03-02,E0009559,S002910,EX04,Withdrawal / Remediation Overlap,Consistency,Medium,Resolved,2026-03-18,Record remediation
X0003269,2026-03-02,E0009561,S002078,EX06,Fee/Product Validation,Validity,High,Resolved,2026-03-17,System correction
X0003270,2026-04-27,E0009563,S002937,EX03,Potential Duplicate Enrolment,Uniqueness,High,Resolved,2026-05-13,Record remediation
X0003271,2026-03-30,E0009566,S001781,EX06,Fee/Product Validation,Validity,High,Open,,Pending investigation
X0003272,2026-03-02,E0009568,S001168,EX04,Withdrawal / Remediation Overlap,Consistency,Medium,Resolved,2026-03-19,Record remediation
X0003273,2026-03-30,E0009569,S002345,EX01,Incomplete Contact Details,Completeness,Medium,Open,,Pending investigation
X0003274,2026-03-16,E0009571,S000343,EX07,Incomplete Enrolment,Completeness,Medium,Open,,Pending investigation
X0003275,2026-04-27,E0009572,S000452,EX05,Legacy Migration Mismatch,Consistency,High,Open,,Pending investigation
X0003276,2026-05-11,E0009572,S000452,EX05,Legacy Migration Mismatch,Consistency,High,Resolved,2026-05-28,System correction
X0003277,2026-04-13,E0009574,S000437,EX05,Legacy Migration Mismatch,Consistency,High,Resolved,2026-04-27,System correction
X0003278,2026-04-13,E0009579,S001855,EX05,Legacy Migration Mismatch,Consistency,High,Resolved,2026-04-23,System correction
X0003279,2026-04-13,E0009582,S003052,EX01,Incomplete Contact Details,Completeness,Medium,Open,,Pending investigation
X0003280,2026-03-30,E0009584,S000158,EX06,Fee/Product Validation,Validity,High,Resolved,2026-04-02,System correction
X0003281,2026-03-16,E0009586,S000828,EX07,Incomplete Enrolment,Completeness,Medium,Resolved,2026-03-26,Record remediation
X0003282,2026-04-13,E0009590,S004061,EX07,Incomplete Enrolment,Completeness,Medium,Open,,Pending investigation
X0003283,2026-04-27,E0009592,S001706,EX06,Fee/Product Validation,Validity,High,Resolved,2026-05-07,System correction
X0003284,2026-05-11,E0009592,S001706,EX06,Fee/Product Validation,Validity,High,Resolved,2026-05-16,System correction
X0003285,2026-04-27,E0009593,S002650,EX01,Incomplete Contact Details,Completeness,Medium,Resolved,2026-05-07,Record remediation
X0003286,2026-04-27,E0009593,S002650,EX04,Withdrawal / Remediation Overlap,Consistency,Medium,Resolved,2026-05-07,Record remediation
X0003287,2026-03-30,E0009599,S003751,EX07,Incomplete Enrolment,Completeness,Medium,Resolved,2026-04-15,Record remediation
X0003288,2026-03-02,E0009602,S002385,EX05,Legacy Migration Mismatch,Consistency,High,Resolved,2026-03-09,System correction
X0003289,2026-03-16,E0009602,S002385,EX05,Legacy Migration Mismatch,Consistency,High,Open,,Pending investigation
X0003290,2026-03-30,E0009612,S000292,EX01,Incomplete Contact Details,Completeness,Medium,Resolved,2026-04-01,Record remediation
X0003291,2026-04-13,E0009612,S000292,EX01,Incomplete Contact Details,Completeness,Medium,Resolved,2026-04-22,Record remediation
X0003292,2026-03-30,E0009627,S001901,EX07,Incomplete Enrolment,Completeness,Medium,Resolved,2026-04-06,Record remediation
X0003293,2026-03-02,E0009628,S003084,EX03,Potential Duplicate Enrolment,Uniqueness,High,Resolved,2026-03-11,Record remediation
X0003294,2026-03-02,E0009632,S002763,EX03,Potential Duplicate Enrolment,Uniqueness,High,Resolved,2026-03-09,Record remediation
X0003295,2026-03-16,E0009637,S002037,EX03,Potential Duplicate Enrolment,Uniqueness,High,Resolved,2026-04-02,Record remediation
X0003296,2026-04-13,E0009638,S000418,EX02,Missing LMS Unit Link,Completeness,High,Open,,Pending investigation
X0003297,2026-03-02,E0009647,S002449,EX06,Fee/Product Validation,Validity,High,Resolved,2026-03-16,System correction
X0003298,2026-03-30,E0009648,S003858,EX06,Fee/Product Validation,Validity,High,Resolved,2026-04-11,System correction
X0003299,2026-04-27,E0009651,S002526,EX06,Fee/Product Validation,Validity,High,Resolved,2026-05-01,System correction
X0003300,2026-03-30,E0009652,S003945,EX01,Incomplete Contact Details,Completeness,Medium,Resolved,2026-04-08,Record remediation
X0003301,2026-04-27,E0009655,S002983,EX01,Incomplete Contact Details,Completeness,Medium,Resolved,2026-04-30,Record remediation
X0003302,2026-05-11,E0009655,S002983,EX01,Incomplete Contact Details,Completeness,Medium,Resolved,2026-05-25,Record remediation
X0003303,2026-03-16,E0009656,S002853,EX01,Incomplete Contact Details,Completeness,Medium,Open,,Pending investigation
X0003304,2026-03-30,E0009657,S002521,EX05,Legacy Migration Mismatch,Consistency,High,Open,,Pending investigation
X0003305,2026-03-30,E0009661,S002742,EX01,Incomplete Contact Details,Completeness,Medium,Open,,Pending investigation
X0003306,2026-04-27,E0009661,S002742,EX03,Potential Duplicate Enrolment,Uniqueness,High,Open,,Pending investigation
X0003307,2026-04-27,E0009667,S000678,EX05,Legacy Migration Mismatch,Consistency,High,Resolved,2026-05-15,System correction
X0003308,2026-05-11,E0009667,S000678,EX05,Legacy Migration Mismatch,Consistency,High,Open,,Pending investigation
X0003309,2026-05-11,E0009667,S000678,EX05,Legacy Migration Mismatch,Consistency,High,Open,,Pending investigation
X0003310,2026-03-30,E0009667,S000678,EX06,Fee/Product Validation,Validity,High,Open,,Pending investigation
X0003311,2026-04-13,E0009667,S000678,EX06,Fee/Product Validation,Validity,High,Open,,Pending investigation
X0003312,2026-03-16,E0009669,S001757,EX02,Missing LMS Unit Link,Completeness,High,Open,,Pending investigation
X0003313,2026-03-02,E0009672,S003287,EX01,Incomplete Contact Details,Completeness,Medium,Resolved,2026-03-15,Record remediation
X0003314,2026-03-16,E0009681,S000224,EX06,Fee/Product Validation,Validity,High,Resolved,2026-04-01,System correction
X0003315,2026-03-30,E0009683,S003934,EX01,Incomplete Contact Details,Completeness,Medium,Resolved,2026-04-03,Record remediation
X0003316,2026-03-02,E0009685,S001529,EX06,Fee/Product Validation,Validity,High,Resolved,2026-03-11,System correction
X0003317,2026-03-16,E0009689,S003766,EX07,Incomplete Enrolment,Completeness,Medium,Resolved,2026-03-23,Record remediation
X0003318,2026-04-13,E0009691,S000218,EX01,Incomplete Contact Details,Completeness,Medium,Open,,Pending investigation
X0003319,2026-04-13,E0009694,S003141,EX07,Incomplete Enrolment,Completeness,Medium,Open,,Pending investigation
X0003320,2026-04-13,E0009695,S000155,EX01,Incomplete Contact Details,Completeness,Medium,Resolved,2026-04-26,Record remediation
X0003321,2026-03-16,E0009699,S003589,EX01,Incomplete Contact Details,Completeness,Medium,Resolved,2026-03-25,Record remediation
X0003322,2026-04-13,E0009708,S000292,EX02,Missing LMS Unit Link,Completeness,High,Resolved,2026-04-28,System correction
X0003323,2026-03-02,E0009710,S001068,EX03,Potential Duplicate Enrolment,Uniqueness,High,Resolved,2026-03-07,Record remediation
X0003324,2026-04-13,E0009714,S002883,EX06,Fee/Product Validation,Validity,High,Open,,Pending investigation
X0003325,2026-03-16,E0009717,S002849,EX01,Incomplete Contact Details,Completeness,Medium,Resolved,2026-03-24,Record remediation
X0003326,2026-04-13,E0009720,S001499,EX01,Incomplete Contact Details,Completeness,Medium,Open,,Pending investigation
X0003327,2026-04-27,E0009720,S001499,EX01,Incomplete Contact Details,Completeness,Medium,Resolved,2026-05-12,Record remediation
X0003328,2026-03-02,E0009724,S001622,EX06,Fee/Product Validation,Validity,High,Open,,Pending investigation
X0003329,2026-04-13,E0009727,S003816,EX05,Legacy Migration Mismatch,Consistency,High,Resolved,2026-04-28,System correction
X0003330,2026-04-27,E0009729,S000423,EX03,Potential Duplicate Enrolment,Uniqueness,High,Resolved,2026-04-29,Record remediation
X0003331,2026-03-30,E0009736,S003190,EX06,Fee/Product Validation,Validity,High,Open,,Pending investigation
X0003332,2026-03-02,E0009738,S000991,EX05,Legacy Migration Mismatch,Consistency,High,Open,,Pending investigation
X0003333,2026-03-16,E0009738,S000991,EX05,Legacy Migration Mismatch,Consistency,High,Open,,Pending investigation
X0003334,2026-03-16,E0009749,S003993,EX02,Missing LMS Unit Link,Completeness,High,Open,,Pending investigation
X0003335,2026-03-30,E0009749,S003993,EX02,Missing LMS Unit Link,Completeness,High,Resolved,2026-04-06,System correction
X0003336,2026-03-30,E0009754,S002601,EX03,Potential Duplicate Enrolment,Uniqueness,High,Open,,Pending investigation
X0003337,2026-04-27,E0009756,S003206,EX02,Missing LMS Unit Link,Completeness,High,Resolved,2026-05-08,System correction
X0003338,2026-03-30,E0009757,S002125,EX06,Fee/Product Validation,Validity,High,Resolved,2026-04-04,System correction
X0003339,2026-03-30,E0009758,S001484,EX03,Potential Duplicate Enrolment,Uniqueness,High,Open,,Pending investigation
X0003340,2026-04-13,E0009770,S001184,EX07,Incomplete Enrolment,Completeness,Medium,Resolved,2026-04-22,Record remediation
X0003341,2026-03-16,E0009772,S002171,EX01,Incomplete Contact Details,Completeness,Medium,Resolved,2026-03-20,Record remediation
X0003342,2026-04-27,E0009773,S000810,EX04,Withdrawal / Remediation Overlap,Consistency,Medium,Open,,Pending investigation
X0003343,2026-04-13,E0009775,S003939,EX07,Incomplete Enrolment,Completeness,Medium,Open,,Pending investigation
X0003344,2026-04-27,E0009775,S003939,EX07,Incomplete Enrolment,Completeness,Medium,Resolved,2026-05-01,Record remediation
X0003345,2026-03-02,E0009776,S004135,EX05,Legacy Migration Mismatch,Consistency,High,Resolved,2026-03-04,System correction
X0003346,2026-04-27,E0009776,S004135,EX06,Fee/Product Validation,Validity,High,Resolved,2026-04-30,System correction
X0003347,2026-04-27,E0009779,S000650,EX06,Fee/Product Validation,Validity,High,Open,,Pending investigation
X0003348,2026-04-13,E0009783,S002673,EX06,Fee/Product Validation,Validity,High,Resolved,2026-04-23,System correction
X0003349,2026-04-27,E0009788,S003807,EX02,Missing LMS Unit Link,Completeness,High,Open,,Pending investigation
X0003350,2026-04-13,E0009790,S000864,EX03,Potential Duplicate Enrolment,Uniqueness,High,Resolved,2026-05-01,Record remediation
X0003351,2026-03-02,E0009791,S003247,EX06,Fee/Product Validation,Validity,High,Open,,Pending investigation
X0003352,2026-03-16,E0009795,S003483,EX06,Fee/Product Validation,Validity,High,Open,,Pending investigation
X0003353,2026-03-02,E0009801,S000145,EX07,Incomplete Enrolment,Completeness,Medium,Resolved,2026-03-16,Record remediation
X0003354,2026-03-02,E0009802,S003341,EX02,Missing LMS Unit Link,Completeness,High,Open,,Pending investigation
X0003355,2026-03-16,E0009802,S003341,EX02,Missing LMS Unit Link,Completeness,High,Resolved,2026-03-26,System correction
X0003356,2026-03-30,E0009802,S003341,EX02,Missing LMS Unit Link,Completeness,High,Resolved,2026-04-03,System correction
X0003357,2026-04-13,E0009803,S000811,EX02,Missing LMS Unit Link,Completeness,High,Open,,Pending investigation
X0003358,2026-04-27,E0009803,S000811,EX02,Missing LMS Unit Link,Completeness,High,Resolved,2026-05-10,System correction
X0003359,2026-05-11,E0009803,S000811,EX02,Missing LMS Unit Link,Completeness,High,Resolved,2026-05-12,System correction
X0003360,2026-03-30,E0009809,S002787,EX03,Potential Duplicate Enrolment,Uniqueness,High,Resolved,2026-04-15,Record remediation
X0003361,2026-03-16,E0009811,S000216,EX07,Incomplete Enrolment,Completeness,Medium,Resolved,2026-04-01,Record remediation
X0003362,2026-04-13,E0009816,S001975,EX01,Incomplete Contact Details,Completeness,Medium,Resolved,2026-04-19,Record remediation
X0003363,2026-04-27,E0009820,S000139,EX05,Legacy Migration Mismatch,Consistency,High,Open,,Pending investigation
X0003364,2026-05-11,E0009820,S000139,EX05,Legacy Migration Mismatch,Consistency,High,Resolved,2026-05-19,System correction
X0003365,2026-03-16,E0009821,S002119,EX03,Potential Duplicate Enrolment,Uniqueness,High,Open,,Pending investigation
X0003366,2026-03-16,E0009823,S000594,EX06,Fee/Product Validation,Validity,High,Resolved,2026-03-19,System correction
X0003367,2026-04-13,E0009826,S003816,EX03,Potential Duplicate Enrolment,Uniqueness,High,Open,,Pending investigation
X0003368,2026-03-02,E0009827,S000169,EX07,Incomplete Enrolment,Completeness,Medium,Resolved,2026-03-03,Record remediation
X0003369,2026-03-02,E0009832,S002316,EX06,Fee/Product Validation,Validity,High,Open,,Pending investigation
X0003370,2026-03-16,E0009832,S002316,EX06,Fee/Product Validation,Validity,High,Resolved,2026-03-26,System correction
X0003371,2026-03-30,E0009832,S002316,EX01,Incomplete Contact Details,Completeness,Medium,Resolved,2026-04-02,Record remediation
X0003372,2026-03-02,E0009839,S000337,EX06,Fee/Product Validation,Validity,High,Resolved,2026-03-10,System correction
X0003373,2026-04-27,E0009841,S000709,EX02,Missing LMS Unit Link,Completeness,High,Resolved,2026-05-11,System correction
X0003374,2026-03-30,E0009842,S003795,EX06,Fee/Product Validation,Validity,High,Resolved,2026-04-10,System correction
X0003375,2026-03-16,E0009842,S003795,EX01,Incomplete Contact Details,Completeness,Medium,Resolved,2026-03-20,Record remediation
X0003376,2026-04-13,E0009845,S001188,EX01,Incomplete Contact Details,Completeness,Medium,Resolved,2026-04-18,Record remediation
X0003377,2026-03-02,E0009847,S001610,EX06,Fee/Product Validation,Validity,High,Resolved,2026-03-20,System correction
X0003378,2026-03-02,E0009847,S001610,EX03,Potential Duplicate Enrolment,Uniqueness,High,Open,,Pending investigation
X0003379,2026-04-13,E0009851,S002842,EX02,Missing LMS Unit Link,Completeness,High,Open,,Pending investigation
X0003380,2026-04-27,E0009851,S002842,EX02,Missing LMS Unit Link,Completeness,High,Open,,Pending investigation
X0003381,2026-05-11,E0009851,S002842,EX02,Missing LMS Unit Link,Completeness,High,Resolved,2026-05-14,System correction
X0003382,2026-03-30,E0009853,S003726,EX02,Missing LMS Unit Link,Completeness,High,Resolved,2026-04-05,System correction
X0003383,2026-04-13,E0009853,S003726,EX02,Missing LMS Unit Link,Completeness,High,Resolved,2026-04-29,System correction
X0003384,2026-03-02,E0009854,S002523,EX06,Fee/Product Validation,Validity,High,Resolved,2026-03-13,System correction
X0003385,2026-04-27,E0009856,S001670,EX06,Fee/Product Validation,Validity,High,Resolved,2026-05-04,System correction
X0003386,2026-03-30,E0009862,S003489,EX02,Missing LMS Unit Link,Completeness,High,Open,,Pending investigation
X0003387,2026-04-13,E0009862,S003489,EX02,Missing LMS Unit Link,Completeness,High,Open,,Pending investigation
X0003388,2026-04-27,E0009862,S003489,EX02,Missing LMS Unit Link,Completeness,High,Resolved,2026-05-13,System correction
X0003389,2026-03-30,E0009864,S002391,EX06,Fee/Product Validation,Validity,High,Resolved,2026-04-05,System correction
X0003390,2026-03-30,E0009865,S000743,EX07,Incomplete Enrolment,Completeness,Medium,Open,,Pending investigation
X0003391,2026-03-30,E0009865,S000743,EX06,Fee/Product Validation,Validity,High,Open,,Pending investigation
X0003392,2026-04-27,E0009868,S001619,EX04,Withdrawal / Remediation Overlap,Consistency,Medium,Resolved,2026-05-08,Record remediation
X0003393,2026-04-27,E0009872,S002581,EX06,Fee/Product Validation,Validity,High,Open,,Pending investigation
X0003394,2026-05-11,E0009872,S002581,EX06,Fee/Product Validation,Validity,High,Open,,Pending investigation
X0003395,2026-03-30,E0009876,S002990,EX02,Missing LMS Unit Link,Completeness,High,Open,,Pending investigation
X0003396,2026-04-13,E0009876,S002990,EX02,Missing LMS Unit Link,Completeness,High,Open,,Pending investigation
X0003397,2026-04-13,E0009884,S002162,EX01,Incomplete Contact Details,Completeness,Medium,Resolved,2026-04-15,Record remediation
X0003398,2026-03-30,E0009886,S002626,EX02,Missing LMS Unit Link,Completeness,High,Open,,Pending investigation
X0003399,2026-04-13,E0009886,S002626,EX02,Missing LMS Unit Link,Completeness,High,Open,,Pending investigation
X0003400,2026-04-13,E0009893,S000044,EX03,Potential Duplicate Enrolment,Uniqueness,High,Resolved,2026-04-14,Record remediation
X0003401,2026-04-13,E0009894,S003184,EX02,Missing LMS Unit Link,Completeness,High,Open,,Pending investigation
X0003402,2026-04-27,E0009894,S003184,EX02,Missing LMS Unit Link,Completeness,High,Resolved,2026-04-28,System correction
X0003403,2026-04-27,E0009894,S003184,EX01,Incomplete Contact Details,Completeness,Medium,Resolved,2026-05-10,Record remediation
X0003404,2026-04-27,E0009897,S000948,EX06,Fee/Product Validation,Validity,High,Resolved,2026-04-29,System correction
X0003405,2026-03-30,E0009900,S004153,EX01,Incomplete Contact Details,Completeness,Medium,Open,,Pending investigation
X0003406,2026-04-27,E0009901,S004180,EX07,Incomplete Enrolment,Completeness,Medium,Resolved,2026-05-02,Record remediation
X0003407,2026-03-30,E0009905,S002463,EX04,Withdrawal / Remediation Overlap,Consistency,Medium,Resolved,2026-04-16,Record remediation
X0003408,2026-03-02,E0009909,S000825,EX07,Incomplete Enrolment,Completeness,Medium,Resolved,2026-03-07,Record remediation
X0003409,2026-04-13,E0009913,S002072,EX01,Incomplete Contact Details,Completeness,Medium,Resolved,2026-04-27,Record remediation
X0003410,2026-04-27,E0009915,S004128,EX04,Withdrawal / Remediation Overlap,Consistency,Medium,Resolved,2026-05-01,Record remediation
X0003411,2026-04-13,E0009917,S001985,EX07,Incomplete Enrolment,Completeness,Medium,Resolved,2026-04-16,Record remediation
X0003412,2026-04-27,E0009917,S001985,EX01,Incomplete Contact Details,Completeness,Medium,Resolved,2026-05-12,Record remediation
X0003413,2026-03-16,E0009919,S003384,EX05,Legacy Migration Mismatch,Consistency,High,Resolved,2026-03-21,System correction
X0003414,2026-03-30,E0009925,S003356,EX03,Potential Duplicate Enrolment,Uniqueness,High,Open,,Pending investigation
X0003415,2026-03-02,E0009926,S004002,EX06,Fee/Product Validation,Validity,High,Open,,Pending investigation
X0003416,2026-04-13,E0009934,S000974,EX03,Potential Duplicate Enrolment,Uniqueness,High,Open,,Pending investigation
X0003417,2026-03-16,E0009941,S003633,EX01,Incomplete Contact Details,Completeness,Medium,Open,,Pending investigation
X0003418,2026-03-30,E0009942,S002518,EX04,Withdrawal / Remediation Overlap,Consistency,Medium,Resolved,2026-04-08,Record remediation
X0003419,2026-04-13,E0009942,S002518,EX04,Withdrawal / Remediation Overlap,Consistency,Medium,Resolved,2026-04-16,Record remediation
X0003420,2026-03-16,E0009944,S001593,EX06,Fee/Product Validation,Validity,High,Resolved,2026-03-17,System correction
X0003421,2026-03-30,E0009944,S001593,EX06,Fee/Product Validation,Validity,High,Resolved,2026-04-02,System correction
X0003422,2026-03-16,E0009947,S004000,EX04,Withdrawal / Remediation Overlap,Consistency,Medium,Resolved,2026-03-31,Record remediation
X0003423,2026-04-27,E0009948,S000185,EX07,Incomplete Enrolment,Completeness,Medium,Resolved,2026-04-28,Record remediation
X0003424,2026-03-30,E0009948,S000185,EX01,Incomplete Contact Details,Completeness,Medium,Resolved,2026-03-31,Record remediation
X0003425,2026-04-27,E0009959,S002613,EX06,Fee/Product Validation,Validity,High,Resolved,2026-04-29,System correction
X0003426,2026-05-11,E0009959,S002613,EX06,Fee/Product Validation,Validity,High,Resolved,2026-05-15,System correction
X0003427,2026-03-30,E0009970,S002144,EX07,Incomplete Enrolment,Completeness,Medium,Resolved,2026-04-09,Record remediation
X0003428,2026-03-16,E0009977,S001945,EX05,Legacy Migration Mismatch,Consistency,High,Resolved,2026-04-03,System correction
X0003429,2026-03-30,E0009977,S001945,EX05,Legacy Migration Mismatch,Consistency,High,Open,,Pending investigation
X0003430,2026-04-13,E0009977,S001945,EX05,Legacy Migration Mismatch,Consistency,High,Resolved,2026-04-14,System correction
X0003431,2026-03-16,E0009980,S000870,EX01,Incomplete Contact Details,Completeness,Medium,Resolved,2026-03-18,Record remediation
X0003432,2026-03-30,E0009980,S000870,EX01,Incomplete Contact Details,Completeness,Medium,Resolved,2026-04-12,Record remediation
X0003433,2026-03-30,E0009991,S001775,EX07,Incomplete Enrolment,Completeness,Medium,Resolved,2026-04-02,Record remediation
X0003434,2026-03-30,E0009998,S001822,EX06,Fee/Product Validation,Validity,High,Resolved,2026-04-08,System correction
X0003435,2026-04-27,E0009999,S004050,EX04,Withdrawal / Remediation Overlap,Consistency,Medium,Open,,Pending investigation
X0003436,2026-03-30,E0010000,S003613,EX02,Missing LMS Unit Link,Completeness,High,Resolved,2026-04-11,System correction
X0003437,2026-03-02,E0010000,S003613,EX01,Incomplete Contact Details,Completeness,Medium,Open,,Pending investigation
X0003438,2026-03-02,E0010003,S000192,EX06,Fee/Product Validation,Validity,High,Resolved,2026-03-09,System correction
X0003439,2026-04-27,E0010003,S000192,EX01,Incomplete Contact Details,Completeness,Medium,Resolved,2026-05-10,Record remediation
X0003440,2026-03-30,E0010008,S001526,EX06,Fee/Product Validation,Validity,High,Resolved,2026-04-14,System correction
X0003441,2026-04-27,E0010012,S003752,EX05,Legacy Migration Mismatch,Consistency,High,Resolved,2026-05-06,System correction
X0003442,2026-05-11,E0010012,S003752,EX05,Legacy Migration Mismatch,Consistency,High,Resolved,2026-05-12,System correction
X0003443,2026-03-30,E0010012,S003752,EX02,Missing LMS Unit Link,Completeness,High,Open,,Pending investigation
X0003444,2026-04-27,E0010017,S000947,EX06,Fee/Product Validation,Validity,High,Open,,Pending investigation
X0003445,2026-03-16,E0010018,S001759,EX01,Incomplete Contact Details,Completeness,Medium,Open,,Pending investigation
X0003446,2026-03-30,E0010026,S001163,EX04,Withdrawal / Remediation Overlap,Consistency,Medium,Resolved,2026-04-06,Record remediation
X0003447,2026-03-30,E0010029,S001250,EX07,Incomplete Enrolment,Completeness,Medium,Resolved,2026-04-12,Record remediation
X0003448,2026-04-13,E0010032,S002299,EX01,Incomplete Contact Details,Completeness,Medium,Resolved,2026-05-01,Record remediation
X0003449,2026-04-27,E0010036,S002762,EX06,Fee/Product Validation,Validity,High,Resolved,2026-05-02,System correction
X0003450,2026-03-02,E0010037,S000288,EX07,Incomplete Enrolment,Completeness,Medium,Resolved,2026-03-03,Record remediation
X0003451,2026-03-16,E0010037,S000288,EX07,Incomplete Enrolment,Completeness,Medium,Resolved,2026-03-26,Record remediation
X0003452,2026-04-13,E0010041,S003372,EX06,Fee/Product Validation,Validity,High,Open,,Pending investigation
X0003453,2026-04-27,E0010041,S003372,EX06,Fee/Product Validation,Validity,High,Resolved,2026-05-03,System correction
X0003454,2026-04-27,E0010050,S000619,EX07,Incomplete Enrolment,Completeness,Medium,Open,,Pending investigation
X0003455,2026-04-13,E0010051,S002896,EX04,Withdrawal / Remediation Overlap,Consistency,Medium,Open,,Pending investigation
X0003456,2026-03-16,E0010052,S002915,EX06,Fee/Product Validation,Validity,High,Resolved,2026-04-03,System correction
X0003457,2026-03-16,E0010052,S002915,EX03,Potential Duplicate Enrolment,Uniqueness,High,Open,,Pending investigation
X0003458,2026-03-16,E0010054,S002938,EX07,Incomplete Enrolment,Completeness,Medium,Resolved,2026-03-29,Record remediation
X0003459,2026-03-02,E0010056,S003683,EX06,Fee/Product Validation,Validity,High,Resolved,2026-03-14,System correction
X0003460,2026-04-13,E0010062,S003797,EX05,Legacy Migration Mismatch,Consistency,High,Resolved,2026-04-27,System correction
X0003461,2026-03-02,E0010066,S004073,EX05,Legacy Migration Mismatch,Consistency,High,Open,,Pending investigation
X0003462,2026-03-16,E0010066,S004073,EX05,Legacy Migration Mismatch,Consistency,High,Resolved,2026-03-24,System correction
X0003463,2026-03-02,E0010070,S000076,EX06,Fee/Product Validation,Validity,High,Open,,Pending investigation
X0003464,2026-03-16,E0010070,S000076,EX06,Fee/Product Validation,Validity,High,Resolved,2026-03-19,System correction
X0003465,2026-05-11,E0008069,S001372,EX01,Incomplete Contact Details,Completeness,Medium,Resolved,2026-05-17,Record remediation
X0003466,2026-03-02,E0003435,S000840,EX04,Withdrawal / Remediation Overlap,Consistency,Medium,Resolved,2026-03-13,Record remediation
X0003467,2026-04-27,E0002672,S003491,EX07,Incomplete Enrolment,Completeness,Medium,Resolved,2026-05-10,Record remediation
X0003468,2026-04-27,E0005946,S002279,EX07,Incomplete Enrolment,Completeness,Medium,Resolved,2026-04-29,Record remediation
X0003469,2026-03-30,E0004161,S003750,EX07,Incomplete Enrolment,Completeness,Medium,Resolved,2026-04-13,Record remediation
X0003470,2026-04-27,E0000237,S003549,EX03,Potential Duplicate Enrolment,Uniqueness,High,Resolved,2026-04-28,Record remediation
X0003471,2026-03-16,E0007717,S001148,EX04,Withdrawal / Remediation Overlap,Consistency,Medium,Resolved,2026-03-29,Record remediation
X0003472,2026-03-16,E0001897,S004036,EX05,Legacy Migration Mismatch,Consistency,High,Resolved,2026-03-24,Record remediation
X0003473,2026-03-30,E0009209,S001803,EX05,Legacy Migration Mismatch,Consistency,High,Resolved,2026-04-10,Record remediation
X0003474,2026-03-16,E0005882,S003087,EX02,Missing LMS Unit Link,Completeness,High,Resolved,2026-03-17,Record remediation
X0003475,2026-04-13,E0007024,S000039,EX04,Withdrawal / Remediation Overlap,Consistency,Medium,Resolved,2026-04-27,Record remediation
X0003476,2026-03-30,E0001425,S001562,EX06,Fee/Product Validation,Validity,High,Resolved,2026-04-02,Record remediation
X0003477,2026-04-13,E0000709,S002099,EX07,Incomplete Enrolment,Completeness,Medium,Open,,Pending investigation
X0003478,2026-04-27,E0009374,S003429,EX07,Incomplete Enrolment,Completeness,Medium,Open,,Pending investigation
X0003479,2026-03-02,E0004737,S000190,EX02,Missing LMS Unit Link,Completeness,High,Resolved,2026-03-05,Record remediation
X0003480,2026-03-30,E0007234,S002555,EX03,Potential Duplicate Enrolment,Uniqueness,High,Resolved,2026-04-05,Record remediation
X0003481,2026-04-13,E0000504,S000076,EX02,Missing LMS Unit Link,Completeness,High,Open,,Pending investigation
X0003482,2026-03-16,E0008827,S000259,EX02,Missing LMS Unit Link,Completeness,High,Open,,Pending investigation
X0003483,2026-03-30,E0007827,S001047,EX01,Incomplete Contact Details,Completeness,Medium,Open,,Pending investigation
X0003484,2026-03-30,E0003311,S001712,EX07,Incomplete Enrolment,Completeness,Medium,Resolved,2026-04-16,Record remediation
X0003485,2026-03-16,E0005601,S003956,EX04,Withdrawal / Remediation Overlap,Consistency,Medium,Resolved,2026-04-04,Record remediation
X0003486,2026-03-16,E0007550,S004167,EX05,Legacy Migration Mismatch,Consistency,High,Resolved,2026-03-18,Record remediation
X0003487,2026-03-30,E0003674,S002987,EX02,Missing LMS Unit Link,Completeness,High,Resolved,2026-04-15,Record remediation
X0003488,2026-04-27,E0003791,S001970,EX02,Missing LMS Unit Link,Completeness,High,Resolved,2026-05-08,Record remediation
X0003489,2026-03-16,E0005072,S001473,EX01,Incomplete Contact Details,Completeness,Medium,Resolved,2026-04-03,Record remediation
X0003490,2026-03-16,E0001693,S001992,EX02,Missing LMS Unit Link,Completeness,High,Open,,Pending investigation
X0003491,2026-04-27,E0005583,S003112,EX05,Legacy Migration Mismatch,Consistency,High,Resolved,2026-05-14,Record remediation
X0003492,2026-03-16,E0006695,S002373,EX07,Incomplete Enrolment,Completeness,Medium,Resolved,2026-03-20,Record remediation
X0003493,2026-03-02,E0004878,S003051,EX05,Legacy Migration Mismatch,Consistency,High,Resolved,2026-03-10,Record remediation
X0003494,2026-04-13,E0000763,S001802,EX01,Incomplete Contact Details,Completeness,Medium,Resolved,2026-04-19,Record remediation
X0003495,2026-04-27,E0003072,S000427,EX03,Potential Duplicate Enrolment,Uniqueness,High,Resolved,2026-05-07,Record remediation
X0003496,2026-03-16,E0007561,S003788,EX02,Missing LMS Unit Link,Completeness,High,Resolved,2026-03-17,Record remediation
X0003497,2026-03-16,E0000540,S002736,EX06,Fee/Product Validation,Validity,High,Open,,Pending investigation
X0003498,2026-03-16,E0002431,S000156,EX05,Legacy Migration Mismatch,Consistency,High,Open,,Pending investigation
X0003499,2026-05-11,E0002668,S000959,EX07,Incomplete Enrolment,Completeness,Medium,Resolved,2026-05-29,Record remediation
X0003500,2026-04-13,E0009976,S001240,EX02,Missing LMS Unit Link,Completeness,High,Resolved,2026-04-26,Record remediation
X0003501,2026-03-02,E0006793,S003473,EX01,Incomplete Contact Details,Completeness,Medium,Open,,Pending investigation
X0003502,2026-05-11,E0000917,S002576,EX01,Incomplete Contact Details,Completeness,Medium,Resolved,2026-05-17,Record remediation
X0003503,2026-05-11,E0005951,S003827,EX05,Legacy Migration Mismatch,Consistency,High,Resolved,2026-05-19,Record remediation
X0003504,2026-03-30,E0005295,S002030,EX06,Fee/Product Validation,Validity,High,Open,,Pending investigation
X0003505,2026-03-30,E0002501,S001920,EX07,Incomplete Enrolment,Completeness,Medium,Resolved,2026-04-03,Record remediation
X0003506,2026-04-13,E0000365,S003842,EX06,Fee/Product Validation,Validity,High,Resolved,2026-04-16,Record remediation
X0003507,2026-05-11,E0005284,S000065,EX05,Legacy Migration Mismatch,Consistency,High,Resolved,2026-05-16,Record remediation
X0003508,2026-04-13,E0001859,S001079,EX06,Fee/Product Validation,Validity,High,Resolved,2026-05-01,Record remediation
X0003509,2026-03-02,E0008253,S001525,EX06,Fee/Product Validation,Validity,High,Open,,Pending investigation
X0003510,2026-04-27,E0005958,S000130,EX05,Legacy Migration Mismatch,Consistency,High,Open,,Pending investigation
X0003511,2026-05-11,E0006219,S002598,EX07,Incomplete Enrolment,Completeness,Medium,Open,,Pending investigation
X0003512,2026-04-27,E0002133,S003321,EX01,Incomplete Contact Details,Completeness,Medium,Resolved,2026-05-15,Record remediation
X0003513,2026-04-13,E0007104,S001679,EX05,Legacy Migration Mismatch,Consistency,High,Resolved,2026-05-02,Record remediation
X0003514,2026-04-27,E0005866,S001022,EX05,Legacy Migration Mismatch,Consistency,High,Resolved,2026-05-08,Record remediation
X0003515,2026-04-27,E0000938,S003445,EX05,Legacy Migration Mismatch,Consistency,High,Resolved,2026-04-28,Record remediation
X0003516,2026-03-30,E0005930,S002951,EX01,Incomplete Contact Details,Completeness,Medium,Resolved,2026-04-03,Record remediation
X0003517,2026-04-13,E0003109,S002348,EX06,Fee/Product Validation,Validity,High,Resolved,2026-04-24,Record remediation
X0003518,2026-03-02,E0002171,S001619,EX02,Missing LMS Unit Link,Completeness,High,Resolved,2026-03-11,Record remediation
X0003519,2026-03-30,E0006426,S004101,EX01,Incomplete Contact Details,Completeness,Medium,Resolved,2026-04-19,Record remediation
X0003520,2026-04-27,E0009611,S000407,EX04,Withdrawal / Remediation Overlap,Consistency,Medium,Open,,Pending investigation
X0003521,2026-03-30,E0009607,S003944,EX06,Fee/Product Validation,Validity,High,Open,,Pending investigation
X0003522,2026-03-02,E0005328,S001074,EX05,Legacy Migration Mismatch,Consistency,High,Resolved,2026-03-22,Record remediation
X0003523,2026-04-27,E0000542,S003304,EX04,Withdrawal / Remediation Overlap,Consistency,Medium,Resolved,2026-05-13,Record remediation
X0003524,2026-03-16,E0001790,S003908,EX06,Fee/Product Validation,Validity,High,Open,,Pending investigation
X0003525,2026-03-02,E0007061,S003951,EX01,Incomplete Contact Details,Completeness,Medium,Resolved,2026-03-15,Record remediation
X0003526,2026-04-13,E0009856,S001670,EX02,Missing LMS Unit Link,Completeness,High,Open,,Pending investigation
X0003527,2026-04-13,E0000414,S000754,EX02,Missing LMS Unit Link,Completeness,High,Open,,Pending investigation
X0003528,2026-04-27,E0009955,S003336,EX04,Withdrawal / Remediation Overlap,Consistency,Medium,Resolved,2026-05-16,Record remediation
X0003529,2026-04-13,E0003006,S001261,EX07,Incomplete Enrolment,Completeness,Medium,Resolved,2026-04-14,Record remediation
X0003530,2026-03-02,E0009838,S002473,EX01,Incomplete Contact Details,Completeness,Medium,Resolved,2026-03-17,Record remediation
X0003531,2026-03-30,E0001780,S003574,EX01,Incomplete Contact Details,Completeness,Medium,Open,,Pending investigation
X0003532,2026-05-11,E0001038,S003700,EX05,Legacy Migration Mismatch,Consistency,High,Resolved,2026-05-16,Record remediation
X0003533,2026-03-02,E0004078,S001648,EX05,Legacy Migration Mismatch,Consistency,High,Resolved,2026-03-09,Record remediation
X0003534,2026-04-27,E0005388,S002540,EX04,Withdrawal / Remediation Overlap,Consistency,Medium,Resolved,2026-05-07,Record remediation
X0003535,2026-04-27,E0005168,S002438,EX06,Fee/Product Validation,Validity,High,Open,,Pending investigation
X0003536,2026-04-27,E0009530,S003372,EX07,Incomplete Enrolment,Completeness,Medium,Resolved,2026-05-10,Record remediation
X0003537,2026-04-13,E0000298,S001239,EX04,Withdrawal / Remediation Overlap,Consistency,Medium,Open,,Pending investigation
X0003538,2026-05-11,E0002314,S003650,EX02,Missing LMS Unit Link,Completeness,High,Open,,Pending investigation
X0003539,2026-05-11,E0007560,S002311,EX05,Legacy Migration Mismatch,Consistency,High,Resolved,2026-05-31,Record remediation
X0003540,2026-03-30,E0005280,S002421,EX02,Missing LMS Unit Link,Completeness,High,Resolved,2026-04-14,Record remediation
X0003541,2026-05-11,E0006103,S001084,EX02,Missing LMS Unit Link,Completeness,High,Resolved,2026-05-17,Record remediation
X0003542,2026-03-30,E0009327,S000992,EX07,Incomplete Enrolment,Completeness,Medium,Resolved,2026-04-05,Record remediation
X0003543,2026-04-13,E0008146,S003856,EX02,Missing LMS Unit Link,Completeness,High,Resolved,2026-04-24,Record remediation
X0003544,2026-03-16,E0006529,S000748,EX06,Fee/Product Validation,Validity,High,Open,,Pending investigation
X0003545,2026-03-02,E0004423,S002149,EX05,Legacy Migration Mismatch,Consistency,High,Open,,Pending investigation
X0003546,2026-05-11,E0001530,S000135,EX01,Incomplete Contact Details,Completeness,Medium,Open,,Pending investigation
X0003547,2026-05-11,E0004513,S004160,EX05,Legacy Migration Mismatch,Consistency,High,Resolved,2026-05-15,Record remediation
X0003548,2026-03-16,E0006149,S000893,EX02,Missing LMS Unit Link,Completeness,High,Open,,Pending investigation
X0003549,2026-03-02,E0006185,S000404,EX07,Incomplete Enrolment,Completeness,Medium,Resolved,2026-03-10,Record remediation
X0003550,2026-05-11,E0007577,S003992,EX03,Potential Duplicate Enrolment,Uniqueness,High,Resolved,2026-05-19,Record remediation
X0003551,2026-03-02,E0005566,S000215,EX06,Fee/Product Validation,Validity,High,Resolved,2026-03-07,Record remediation
X0003552,2026-04-27,E0003909,S003162,EX02,Missing LMS Unit Link,Completeness,High,Resolved,2026-05-13,Record remediation
X0003553,2026-03-02,E0007035,S002240,EX07,Incomplete Enrolment,Completeness,Medium,Open,,Pending investigation
X0003554,2026-03-30,E0002706,S001621,EX03,Potential Duplicate Enrolment,Uniqueness,High,Resolved,2026-04-16,Record remediation
X0003555,2026-03-16,E0006318,S000143,EX04,Withdrawal / Remediation Overlap,Consistency,Medium,Resolved,2026-04-01,Record remediation
X0003556,2026-03-16,E0007680,S002242,EX01,Incomplete Contact Details,Completeness,Medium,Resolved,2026-03-17,Record remediation
X0003557,2026-03-16,E0006639,S001350,EX01,Incomplete Contact Details,Completeness,Medium,Open,,Pending investigation
X0003558,2026-03-02,E0002155,S000984,EX06,Fee/Product Validation,Validity,High,Resolved,2026-03-22,Record remediation
X0003559,2026-05-11,E0006272,S001382,EX02,Missing LMS Unit Link,Completeness,High,Resolved,2026-05-22,Record remediation
X0003560,2026-05-11,E0006681,S003641,EX05,Legacy Migration Mismatch,Consistency,High,Resolved,2026-05-17,Record remediation
X0003561,2026-05-11,E0009031,S001218,EX07,Incomplete Enrolment,Completeness,Medium,Resolved,2026-05-15,Record remediation
X0003562,2026-04-13,E0007471,S003283,EX03,Potential Duplicate Enrolment,Uniqueness,High,Open,,Pending investigation
X0003563,2026-05-11,E0003703,S001436,EX07,Incomplete Enrolment,Completeness,Medium,Resolved,2026-05-19,Record remediation
X0003564,2026-04-13,E0003440,S001692,EX04,Withdrawal / Remediation Overlap,Consistency,Medium,Open,,Pending investigation
X0003565,2026-04-13,E0009459,S000329,EX02,Missing LMS Unit Link,Completeness,High,Resolved,2026-04-22,Record remediation
X0003566,2026-04-13,E0000654,S002663,EX01,Incomplete Contact Details,Completeness,Medium,Resolved,2026-04-29,Record remediation
X0003567,2026-04-13,E0004845,S003997,EX07,Incomplete Enrolment,Completeness,Medium,Open,,Pending investigation
X0003568,2026-03-16,E0000125,S002378,EX02,Missing LMS Unit Link,Completeness,High,Resolved,2026-03-23,Record remediation
X0003569,2026-03-16,E0005046,S000191,EX07,Incomplete Enrolment,Completeness,Medium,Open,,Pending investigation
X0003570,2026-05-11,E0007880,S000310,EX07,Incomplete Enrolment,Completeness,Medium,Resolved,2026-05-13,Record remediation
X0003571,2026-03-02,E0003273,S000699,EX01,Incomplete Contact Details,Completeness,Medium,Open,,Pending investigation
X0003572,2026-03-16,E0008514,S001571,EX07,Incomplete Enrolment,Completeness,Medium,Resolved,2026-03-31,Record remediation
X0003573,2026-04-13,E0004810,S002522,EX02,Missing LMS Unit Link,Completeness,High,Resolved,2026-04-28,Record remediation
X0003574,2026-03-02,E0004084,S001187,EX05,Legacy Migration Mismatch,Consistency,High,Resolved,2026-03-18,Record remediation
X0003575,2026-04-13,E0003280,S002521,EX07,Incomplete Enrolment,Completeness,Medium,Resolved,2026-04-28,Record remediation
X0003576,2026-03-02,E0009963,S002266,EX07,Incomplete Enrolment,Completeness,Medium,Resolved,2026-03-12,Record remediation
X0003577,2026-05-11,E0008047,S000856,EX03,Potential Duplicate Enrolment,Uniqueness,High,Open,,Pending investigation
X0003578,2026-05-11,E0000002,S000199,EX07,Incomplete Enrolment,Completeness,Medium,Open,,Pending investigation
X0003579,2026-04-13,E0007765,S001106,EX02,Missing LMS Unit Link,Completeness,High,Open,,Pending investigation
X0003580,2026-05-11,E0003049,S003177,EX07,Incomplete Enrolment,Completeness,Medium,Resolved,2026-05-25,Record remediation
X0003581,2026-04-13,E0002533,S003947,EX05,Legacy Migration Mismatch,Consistency,High,Open,,Pending investigation
X0003582,2026-03-30,E0004725,S001862,EX01,Incomplete Contact Details,Completeness,Medium,Open,,Pending investigation
X0003583,2026-04-27,E0000300,S001837,EX01,Incomplete Contact Details,Completeness,Medium,Open,,Pending investigation
X0003584,2026-03-30,E0009069,S001972,EX07,Incomplete Enrolment,Completeness,Medium,Resolved,2026-03-31,Record remediation
X0003585,2026-03-02,E0003308,S002316,EX04,Withdrawal / Remediation Overlap,Consistency,Medium,Open,,Pending investigation
X0003586,2026-03-16,E0000391,S000514,EX02,Missing LMS Unit Link,Completeness,High,Resolved,2026-04-04,Record remediation
X0003587,2026-03-30,E0000990,S003445,EX07,Incomplete Enrolment,Completeness,Medium,Open,,Pending investigation
X0003588,2026-04-27,E0003558,S000435,EX01,Incomplete Contact Details,Completeness,Medium,Resolved,2026-05-02,Record remediation
X0003589,2026-03-02,E0002025,S000093,EX03,Potential Duplicate Enrolment,Uniqueness,High,Resolved,2026-03-09,Record remediation
X0003590,2026-03-16,E0000975,S000223,EX07,Incomplete Enrolment,Completeness,Medium,Open,,Pending investigation
X0003591,2026-03-30,E0004777,S000224,EX01,Incomplete Contact Details,Completeness,Medium,Resolved,2026-04-19,Record remediation
X0003592,2026-04-13,E0003488,S002162,EX02,Missing LMS Unit Link,Completeness,High,Resolved,2026-05-03,Record remediation
X0003593,2026-04-27,E0005321,S004052,EX07,Incomplete Enrolment,Completeness,Medium,Open,,Pending investigation
X0003594,2026-03-16,E0009850,S002978,EX07,Incomplete Enrolment,Completeness,Medium,Resolved,2026-03-19,Record remediation
X0003595,2026-03-02,E0001132,S002554,EX05,Legacy Migration Mismatch,Consistency,High,Open,,Pending investigation
X0003596,2026-04-13,E0007060,S003572,EX03,Potential Duplicate Enrolment,Uniqueness,High,Resolved,2026-04-19,Record remediation
X0003597,2026-03-16,E0001551,S001117,EX07,Incomplete Enrolment,Completeness,Medium,Open,,Pending investigation
X0003598,2026-05-11,E0005934,S003103,EX06,Fee/Product Validation,Validity,High,Open,,Pending investigation
X0003599,2026-04-13,E0005586,S003485,EX02,Missing LMS Unit Link,Completeness,High,Resolved,2026-04-22,Record remediation
X0003600,2026-04-13,E0005215,S000977,EX06,Fee/Product Validation,Validity,High,Open,,Pending investigation
X0003601,2026-03-30,E0001795,S000998,EX05,Legacy Migration Mismatch,Consistency,High,Resolved,2026-04-14,Record remediation
X0003602,2026-05-11,E0004170,S002404,EX07,Incomplete Enrolment,Completeness,Medium,Open,,Pending investigation
X0003603,2026-03-02,E0005814,S003192,EX06,Fee/Product Validation,Validity,High,Resolved,2026-03-09,Record remediation
X0003604,2026-03-02,E0000778,S000094,EX01,Incomplete Contact Details,Completeness,Medium,Open,,Pending investigation
X0003605,2026-03-02,E0006223,S003753,EX07,Incomplete Enrolment,Completeness,Medium,Resolved,2026-03-08,Record remediation
X0003606,2026-05-11,E0006604,S002502,EX05,Legacy Migration Mismatch,Consistency,High,Resolved,2026-05-28,Record remediation
X0003607,2026-04-13,E0000768,S000641,EX07,Incomplete Enrolment,Completeness,Medium,Open,,Pending investigation
X0003608,2026-04-27,E0001841,S002922,EX05,Legacy Migration Mismatch,Consistency,High,Open,,Pending investigation
X0003609,2026-04-13,E0004064,S002111,EX01,Incomplete Contact Details,Completeness,Medium,Resolved,2026-04-29,Record remediation
X0003610,2026-03-02,E0006197,S001894,EX04,Withdrawal / Remediation Overlap,Consistency,Medium,Resolved,2026-03-13,Record remediation
X0003611,2026-04-27,E0000398,S000587,EX01,Incomplete Contact Details,Completeness,Medium,Open,,Pending investigation
X0003612,2026-05-11,E0000096,S003443,EX05,Legacy Migration Mismatch,Consistency,High,Open,,Pending investigation
X0003613,2026-04-13,E0009221,S001410,EX06,Fee/Product Validation,Validity,High,Open,,Pending investigation
X0003614,2026-05-11,E0007700,S001063,EX02,Missing LMS Unit Link,Completeness,High,Resolved,2026-05-16,Record remediation
X0003615,2026-05-11,E0006787,S001490,EX06,Fee/Product Validation,Validity,High,Resolved,2026-05-26,Record remediation
X0003616,2026-05-11,E0000387,S003207,EX01,Incomplete Contact Details,Completeness,Medium,Open,,Pending investigation
X0003617,2026-05-11,E0005553,S003139,EX07,Incomplete Enrolment,Completeness,Medium,Resolved,2026-05-12,Record remediation
X0003618,2026-03-30,E0007738,S003173,EX02,Missing LMS Unit Link,Completeness,High,Open,,Pending investigation
X0003619,2026-03-16,E0000058,S002720,EX02,Missing LMS Unit Link,Completeness,High,Resolved,2026-03-24,Record remediation
X0003620,2026-05-11,E0001779,S001419,EX06,Fee/Product Validation,Validity,High,Resolved,2026-05-28,Record remediation
X0003621,2026-04-27,E0005864,S002448,EX02,Missing LMS Unit Link,Completeness,High,Open,,Pending investigation
X0003622,2026-03-02,E0006219,S002598,EX04,Withdrawal / Remediation Overlap,Consistency,Medium,Open,,Pending investigation
X0003623,2026-03-02,E0000321,S002844,EX01,Incomplete Contact Details,Completeness,Medium,Resolved,2026-03-08,Record remediation
X0003624,2026-03-02,E0005731,S000792,EX01,Incomplete Contact Details,Completeness,Medium,Resolved,2026-03-10,Record remediation
X0003625,2026-05-11,E0008307,S003007,EX03,Potential Duplicate Enrolment,Uniqueness,High,Open,,Pending investigation
X0003626,2026-03-02,E0003655,S002873,EX02,Missing LMS Unit Link,Completeness,High,Resolved,2026-03-05,Record remediation
X0003627,2026-03-30,E0000080,S000568,EX06,Fee/Product Validation,Validity,High,Open,,Pending investigation
X0003628,2026-03-02,E0009760,S003769,EX07,Incomplete Enrolment,Completeness,Medium,Open,,Pending investigation
X0003629,2026-05-11,E0002463,S000083,EX07,Incomplete Enrolment,Completeness,Medium,Resolved,2026-05-14,Record remediation
X0003630,2026-04-27,E0000388,S002507,EX04,Withdrawal / Remediation Overlap,Consistency,Medium,Resolved,2026-04-28,Record remediation
X0003631,2026-04-27,E0001310,S001508,EX03,Potential Duplicate Enrolment,Uniqueness,High,Open,,Pending investigation
X0003632,2026-03-16,E0003194,S001788,EX07,Incomplete Enrolment,Completeness,Medium,Open,,Pending investigation
X0003633,2026-04-27,E0006306,S000343,EX01,Incomplete Contact Details,Completeness,Medium,Resolved,2026-05-10,Record remediation
X0003634,2026-03-16,E0003614,S003594,EX04,Withdrawal / Remediation Overlap,Consistency,Medium,Resolved,2026-03-30,Record remediation
X0003635,2026-03-30,E0009929,S003962,EX07,Incomplete Enrolment,Completeness,Medium,Resolved,2026-04-04,Record remediation
X0003636,2026-04-13,E0009175,S000339,EX07,Incomplete Enrolment,Completeness,Medium,Resolved,2026-05-01,Record remediation
X0003637,2026-03-02,E0001472,S003307,EX05,Legacy Migration Mismatch,Consistency,High,Resolved,2026-03-04,Record remediation
X0003638,2026-04-27,E0006531,S001778,EX06,Fee/Product Validation,Validity,High,Resolved,2026-05-08,Record remediation
X0003639,2026-03-30,E0005017,S001142,EX01,Incomplete Contact Details,Completeness,Medium,Open,,Pending investigation
X0003640,2026-03-30,E0004526,S000813,EX02,Missing LMS Unit Link,Completeness,High,Open,,Pending investigation
X0003641,2026-04-27,E0004503,S001678,EX02,Missing LMS Unit Link,Completeness,High,Resolved,2026-05-15,Record remediation
X0003642,2026-04-27,E0006410,S001049,EX02,Missing LMS Unit Link,Completeness,High,Resolved,2026-05-12,Record remediation
X0003643,2026-03-02,E0002268,S000388,EX06,Fee/Product Validation,Validity,High,Resolved,2026-03-22,Record remediation
X0003644,2026-03-30,E0008523,S000125,EX07,Incomplete Enrolment,Completeness,Medium,Open,,Pending investigation
X0003645,2026-04-13,E0005267,S003317,EX03,Potential Duplicate Enrolment,Uniqueness,High,Resolved,2026-04-25,Record remediation
X0003646,2026-04-27,E0005949,S004102,EX01,Incomplete Contact Details,Completeness,Medium,Open,,Pending investigation
X0003647,2026-05-11,E0003567,S001755,EX07,Incomplete Enrolment,Completeness,Medium,Open,,Pending investigation
X0003648,2026-03-30,E0003642,S000498,EX02,Missing LMS Unit Link,Completeness,High,Open,,Pending investigation
X0003649,2026-03-30,E0008200,S003673,EX07,Incomplete Enrolment,Completeness,Medium,Resolved,2026-04-07,Record remediation
X0003650,2026-03-30,E0001750,S003926,EX03,Potential Duplicate Enrolment,Uniqueness,High,Resolved,2026-04-12,Record remediation
X0003651,2026-04-27,E0004540,S002025,EX05,Legacy Migration Mismatch,Consistency,High,Resolved,2026-05-02,Record remediation
X0003652,2026-04-27,E0002338,S002289,EX02,Missing LMS Unit Link,Completeness,High,Resolved,2026-05-05,Record remediation
X0003653,2026-04-27,E0000645,S001930,EX07,Incomplete Enrolment,Completeness,Medium,Resolved,2026-05-02,Record remediation
X0003654,2026-03-02,E0000177,S002724,EX05,Legacy Migration Mismatch,Consistency,High,Open,,Pending investigation
X0003655,2026-05-11,E0004580,S003135,EX07,Incomplete Enrolment,Completeness,Medium,Open,,Pending investigation
X0003656,2026-04-13,E0010005,S004021,EX05,Legacy Migration Mismatch,Consistency,High,Open,,Pending investigation
X0003657,2026-03-30,E0005100,S003445,EX04,Withdrawal / Remediation Overlap,Consistency,Medium,Open,,Pending investigation
X0003658,2026-03-02,E0008774,S001287,EX04,Withdrawal / Remediation Overlap,Consistency,Medium,Resolved,2026-03-18,Record remediation
X0003659,2026-05-11,E0006732,S000724,EX06,Fee/Product Validation,Validity,High,Resolved,2026-05-30,Record remediation
X0003660,2026-03-02,E0001828,S001622,EX01,Incomplete Contact Details,Completeness,Medium,Resolved,2026-03-11,Record remediation
X0003661,2026-04-13,E0007645,S001963,EX06,Fee/Product Validation,Validity,High,Open,,Pending investigation
X0003662,2026-03-30,E0004220,S001343,EX01,Incomplete Contact Details,Completeness,Medium,Resolved,2026-04-19,Record remediation
X0003663,2026-05-11,E0003077,S000462,EX02,Missing LMS Unit Link,Completeness,High,Resolved,2026-05-22,Record remediation
X0003664,2026-03-02,E0004780,S000185,EX01,Incomplete Contact Details,Completeness,Medium,Resolved,2026-03-05,Record remediation
X0003665,2026-03-02,E0008732,S000918,EX02,Missing LMS Unit Link,Completeness,High,Open,,Pending investigation
X0003666,2026-04-13,E0002483,S000260,EX07,Incomplete Enrolment,Completeness,Medium,Open,,Pending investigation
X0003667,2026-05-11,E0000922,S004004,EX02,Missing LMS Unit Link,Completeness,High,Resolved,2026-05-15,Record remediation
X0003668,2026-04-13,E0009714,S002883,EX04,Withdrawal / Remediation Overlap,Consistency,Medium,Resolved,2026-04-23,Record remediation
X0003669,2026-03-02,E0003732,S001375,EX01,Incomplete Contact Details,Completeness,Medium,Resolved,2026-03-05,Record remediation
X0003670,2026-03-16,E0002623,S003884,EX07,Incomplete Enrolment,Completeness,Medium,Open,,Pending investigation
X0003671,2026-03-30,E0004290,S001736,EX07,Incomplete Enrolment,Completeness,Medium,Resolved,2026-04-01,Record remediation
X0003672,2026-03-30,E0003853,S001177,EX03,Potential Duplicate Enrolment,Uniqueness,High,Resolved,2026-04-14,Record remediation
X0003673,2026-04-13,E0000489,S003948,EX07,Incomplete Enrolment,Completeness,Medium,Resolved,2026-04-14,Record remediation
X0003674,2026-05-11,E0002387,S003125,EX05,Legacy Migration Mismatch,Consistency,High,Resolved,2026-05-17,Record remediation
X0003675,2026-05-11,E0007146,S002254,EX03,Potential Duplicate Enrolment,Uniqueness,High,Open,,Pending investigation
X0003676,2026-03-30,E0004914,S000079,EX07,Incomplete Enrolment,Completeness,Medium,Resolved,2026-04-05,Record remediation
X0003677,2026-03-02,E0004387,S001817,EX07,Incomplete Enrolment,Completeness,Medium,Open,,Pending investigation
X0003678,2026-03-16,E0007518,S001467,EX02,Missing LMS Unit Link,Completeness,High,Open,,Pending investigation
X0003679,2026-04-27,E0003986,S002576,EX04,Withdrawal / Remediation Overlap,Consistency,Medium,Resolved,2026-05-09,Record remediation
X0003680,2026-05-11,E0002246,S001281,EX01,Incomplete Contact Details,Completeness,Medium,Open,,Pending investigation
X0003681,2026-04-27,E0004993,S001567,EX02,Missing LMS Unit Link,Completeness,High,Resolved,2026-05-17,Record remediation
X0003682,2026-03-30,E0004685,S002951,EX02,Missing LMS Unit Link,Completeness,High,Resolved,2026-04-09,Record remediation
X0003683,2026-03-16,E0006112,S000536,EX02,Missing LMS Unit Link,Completeness,High,Resolved,2026-03-21,Record remediation
X0003684,2026-04-13,E0003726,S003091,EX07,Incomplete Enrolment,Completeness,Medium,Open,,Pending investigation
X0003685,2026-03-30,E0001869,S002379,EX07,Incomplete Enrolment,Completeness,Medium,Resolved,2026-04-17,Record remediation
X0003686,2026-05-11,E0008478,S003434,EX05,Legacy Migration Mismatch,Consistency,High,Resolved,2026-05-21,Record remediation
X0003687,2026-03-02,E0002610,S002169,EX01,Incomplete Contact Details,Completeness,Medium,Resolved,2026-03-22,Record remediation
X0003688,2026-04-13,E0000723,S003637,EX07,Incomplete Enrolment,Completeness,Medium,Open,,Pending investigation
X0003689,2026-04-27,E0007487,S002884,EX07,Incomplete Enrolment,Completeness,Medium,Resolved,2026-05-03,Record remediation
X0003690,2026-03-30,E0009392,S003569,EX07,Incomplete Enrolment,Completeness,Medium,Open,,Pending investigation
X0003691,2026-04-13,E0000989,S000569,EX02,Missing LMS Unit Link,Completeness,High,Resolved,2026-05-01,Record remediation
X0003692,2026-03-02,E0001457,S000797,EX01,Incomplete Contact Details,Completeness,Medium,Resolved,2026-03-10,Record remediation
X0003693,2026-03-16,E0001088,S001494,EX05,Legacy Migration Mismatch,Consistency,High,Resolved,2026-04-04,Record remediation
X0003694,2026-04-13,E0006876,S001075,EX05,Legacy Migration Mismatch,Consistency,High,Resolved,2026-05-03,Record remediation
X0003695,2026-03-16,E0008925,S002393,EX04,Withdrawal / Remediation Overlap,Consistency,Medium,Open,,Pending investigation
X0003696,2026-04-13,E0005130,S002681,EX01,Incomplete Contact Details,Completeness,Medium,Resolved,2026-04-21,Record remediation
X0003697,2026-03-16,E0009923,S000834,EX07,Incomplete Enrolment,Completeness,Medium,Resolved,2026-03-27,Record remediation
X0003698,2026-05-11,E0003442,S002318,EX07,Incomplete Enrolment,Completeness,Medium,Open,,Pending investigation
X0003699,2026-03-02,E0003245,S002950,EX01,Incomplete Contact Details,Completeness,Medium,Resolved,2026-03-07,Record remediation
X0003700,2026-03-16,E0008074,S002779,EX07,Incomplete Enrolment,Completeness,Medium,Open,,Pending investigation
X0003701,2026-03-30,E0003300,S003099,EX02,Missing LMS Unit Link,Completeness,High,Resolved,2026-04-18,Record remediation
X0003702,2026-04-27,E0002297,S003323,EX03,Potential Duplicate Enrolment,Uniqueness,High,Resolved,2026-05-12,Record remediation
X0003703,2026-05-11,E0004533,S003908,EX04,Withdrawal / Remediation Overlap,Consistency,Medium,Resolved,2026-05-20,Record remediation
X0003704,2026-04-13,E0007377,S004173,EX07,Incomplete Enrolment,Completeness,Medium,Resolved,2026-04-20,Record remediation
X0003705,2026-03-02,E0007980,S003743,EX07,Incomplete Enrolment,Completeness,Medium,Resolved,2026-03-18,Record remediation
X0003706,2026-03-16,E0004372,S003046,EX06,Fee/Product Validation,Validity,High,Resolved,2026-03-28,Record remediation
X0003707,2026-03-16,E0009859,S002077,EX04,Withdrawal / Remediation Overlap,Consistency,Medium,Resolved,2026-04-01,Record remediation
X0003708,2026-03-30,E0007220,S002196,EX06,Fee/Product Validation,Validity,High,Resolved,2026-04-15,Record remediation
X0003709,2026-03-16,E0000163,S001479,EX07,Incomplete Enrolment,Completeness,Medium,Resolved,2026-04-05,Record remediation
X0003710,2026-05-11,E0006843,S002895,EX01,Incomplete Contact Details,Completeness,Medium,Open,,Pending investigation
X0003711,2026-03-16,E0001927,S002316,EX05,Legacy Migration Mismatch,Consistency,High,Open,,Pending investigation
X0003712,2026-04-27,E0006941,S003734,EX06,Fee/Product Validation,Validity,High,Resolved,2026-05-11,Record remediation
X0003713,2026-03-16,E0009786,S001329,EX02,Missing LMS Unit Link,Completeness,High,Open,,Pending investigation
X0003714,2026-05-11,E0004409,S002554,EX07,Incomplete Enrolment,Completeness,Medium,Resolved,2026-05-21,Record remediation
X0003715,2026-04-13,E0008147,S000204,EX02,Missing LMS Unit Link,Completeness,High,Resolved,2026-04-23,Record remediation
X0003716,2026-04-13,E0008038,S003756,EX05,Legacy Migration Mismatch,Consistency,High,Resolved,2026-05-03,Record remediation
X0003717,2026-03-30,E0004837,S002393,EX01,Incomplete Contact Details,Completeness,Medium,Open,,Pending investigation
X0003718,2026-03-30,E0009809,S002787,EX01,Incomplete Contact Details,Completeness,Medium,Resolved,2026-04-12,Record remediation
X0003719,2026-04-13,E0006707,S002727,EX06,Fee/Product Validation,Validity,High,Resolved,2026-04-27,Record remediation
X0003720,2026-03-02,E0003664,S000697,EX06,Fee/Product Validation,Validity,High,Open,,Pending investigation
X0003721,2026-03-30,E0009147,S001713,EX02,Missing LMS Unit Link,Completeness,High,Resolved,2026-04-06,Record remediation
X0003722,2026-03-16,E0007930,S001332,EX05,Legacy Migration Mismatch,Consistency,High,Resolved,2026-03-19,Record remediation
X0003723,2026-04-13,E0008312,S001872,EX05,Legacy Migration Mismatch,Consistency,High,Resolved,2026-04-17,Record remediation
X0003724,2026-03-30,E0005835,S002518,EX05,Legacy Migration Mismatch,Consistency,High,Resolved,2026-04-17,Record remediation
X0003725,2026-04-27,E0009975,S000330,EX04,Withdrawal / Remediation Overlap,Consistency,Medium,Resolved,2026-05-08,Record remediation
X0003726,2026-03-02,E0002917,S002431,EX03,Potential Duplicate Enrolment,Uniqueness,High,Open,,Pending investigation
X0003727,2026-04-27,E0008027,S003763,EX05,Legacy Migration Mismatch,Consistency,High,Resolved,2026-05-10,Record remediation
X0003728,2026-03-30,E0003923,S003588,EX04,Withdrawal / Remediation Overlap,Consistency,Medium,Resolved,2026-04-12,Record remediation
X0003729,2026-03-02,E0002846,S000805,EX05,Legacy Migration Mismatch,Consistency,High,Open,,Pending investigation
X0003730,2026-03-02,E0006996,S000714,EX07,Incomplete Enrolment,Completeness,Medium,Resolved,2026-03-20,Record remediation
X0003731,2026-03-02,E0001825,S000891,EX03,Potential Duplicate Enrolment,Uniqueness,High,Resolved,2026-03-12,Record remediation
X0003732,2026-03-02,E0004897,S000785,EX05,Legacy Migration Mismatch,Consistency,High,Resolved,2026-03-08,Record remediation
X0003733,2026-04-27,E0007834,S003512,EX05,Legacy Migration Mismatch,Consistency,High,Resolved,2026-05-16,Record remediation
X0003734,2026-05-11,E0009977,S001945,EX04,Withdrawal / Remediation Overlap,Consistency,Medium,Resolved,2026-05-31,Record remediation
X0003735,2026-03-30,E0004122,S001803,EX01,Incomplete Contact Details,Completeness,Medium,Resolved,2026-04-08,Record remediation
X0003736,2026-04-13,E0002102,S000859,EX05,Legacy Migration Mismatch,Consistency,High,Resolved,2026-04-14,Record remediation
X0003737,2026-04-13,E0000872,S003477,EX01,Incomplete Contact Details,Completeness,Medium,Resolved,2026-04-22,Record remediation
X0003738,2026-04-27,E0008833,S002607,EX04,Withdrawal / Remediation Overlap,Consistency,Medium,Resolved,2026-04-30,Record remediation
X0003739,2026-04-13,E0004079,S001942,EX02,Missing LMS Unit Link,Completeness,High,Resolved,2026-04-27,Record remediation
X0003740,2026-03-02,E0007038,S000476,EX02,Missing LMS Unit Link,Completeness,High,Open,,Pending investigation
X0003741,2026-03-02,E0001789,S002738,EX02,Missing LMS Unit Link,Completeness,High,Open,,Pending investigation
X0003742,2026-03-30,E0006027,S002099,EX01,Incomplete Contact Details,Completeness,Medium,Resolved,2026-04-03,Record remediation
X0003743,2026-03-02,E0009367,S003057,EX05,Legacy Migration Mismatch,Consistency,High,Resolved,2026-03-11,Record remediation
X0003744,2026-05-11,E0008354,S002421,EX05,Legacy Migration Mismatch,Consistency,High,Resolved,2026-05-22,Record remediation
X0003745,2026-04-13,E0000704,S000321,EX05,Legacy Migration Mismatch,Consistency,High,Open,,Pending investigation
X0003746,2026-03-02,E0007678,S001822,EX01,Incomplete Contact Details,Completeness,Medium,Resolved,2026-03-17,Record remediation
X0003747,2026-03-30,E0006163,S002207,EX07,Incomplete Enrolment,Completeness,Medium,Resolved,2026-04-09,Record remediation
X0003748,2026-04-13,E0006132,S002541,EX03,Potential Duplicate Enrolment,Uniqueness,High,Open,,Pending investigation
X0003749,2026-04-13,E0008803,S001813,EX02,Missing LMS Unit Link,Completeness,High,Resolved,2026-04-26,Record remediation
X0003750,2026-04-27,E0002811,S002298,EX06,Fee/Product Validation,Validity,High,Resolved,2026-05-06,Record remediation
X0003751,2026-04-27,E0000592,S004122,EX07,Incomplete Enrolment,Completeness,Medium,Resolved,2026-05-13,Record remediation
X0003752,2026-03-16,E0005273,S001754,EX04,Withdrawal / Remediation Overlap,Consistency,Medium,Resolved,2026-04-03,Record remediation
X0003753,2026-03-16,E0000864,S004092,EX05,Legacy Migration Mismatch,Consistency,High,Resolved,2026-03-22,Record remediation
X0003754,2026-03-02,E0008624,S002205,EX02,Missing LMS Unit Link,Completeness,High,Open,,Pending investigation
X0003755,2026-04-13,E0001870,S003878,EX05,Legacy Migration Mismatch,Consistency,High,Resolved,2026-05-02,Record remediation
X0003756,2026-03-30,E0003504,S002526,EX01,Incomplete Contact Details,Completeness,Medium,Resolved,2026-04-10,Record remediation
X0003757,2026-03-16,E0003877,S002462,EX02,Missing LMS Unit Link,Completeness,High,Resolved,2026-03-29,Record remediation
X0003758,2026-05-11,E0000742,S000392,EX06,Fee/Product Validation,Validity,High,Open,,Pending investigation
X0003759,2026-04-13,E0003091,S001050,EX05,Legacy Migration Mismatch,Consistency,High,Open,,Pending investigation
X0003760,2026-03-16,E0005022,S003676,EX03,Potential Duplicate Enrolment,Uniqueness,High,Resolved,2026-03-23,Record remediation
X0003761,2026-03-16,E0007108,S001433,EX01,Incomplete Contact Details,Completeness,Medium,Resolved,2026-03-25,Record remediation
X0003762,2026-05-11,E0002762,S003622,EX03,Potential Duplicate Enrolment,Uniqueness,High,Resolved,2026-05-17,Record remediation
X0003763,2026-05-11,E0008646,S001902,EX06,Fee/Product Validation,Validity,High,Open,,Pending investigation
X0003764,2026-04-13,E0008809,S003198,EX01,Incomplete Contact Details,Completeness,Medium,Open,,Pending investigation
X0003765,2026-03-30,E0003051,S001946,EX07,Incomplete Enrolment,Completeness,Medium,Resolved,2026-04-13,Record remediation
X0003766,2026-03-16,E0002765,S003110,EX04,Withdrawal / Remediation Overlap,Consistency,Medium,Resolved,2026-03-28,Record remediation
X0003767,2026-03-30,E0002748,S002953,EX02,Missing LMS Unit Link,Completeness,High,Open,,Pending investigation
X0003768,2026-03-30,E0008718,S002292,EX02,Missing LMS Unit Link,Completeness,High,Open,,Pending investigation
X0003769,2026-04-27,E0009734,S000683,EX02,Missing LMS Unit Link,Completeness,High,Resolved,2026-05-07,Record remediation
X0003770,2026-03-30,E0004723,S000389,EX04,Withdrawal / Remediation Overlap,Consistency,Medium,Resolved,2026-04-16,Record remediation
X0003771,2026-05-11,E0003072,S000427,EX07,Incomplete Enrolment,Completeness,Medium,Open,,Pending investigation
X0003772,2026-04-13,E0002634,S000207,EX03,Potential Duplicate Enrolment,Uniqueness,High,Open,,Pending investigation
X0003773,2026-04-13,E0006158,S002859,EX07,Incomplete Enrolment,Completeness,Medium,Resolved,2026-05-01,Record remediation
X0003774,2026-03-30,E0008712,S003659,EX06,Fee/Product Validation,Validity,High,Open,,Pending investigation
X0003775,2026-03-16,E0001896,S003884,EX06,Fee/Product Validation,Validity,High,Resolved,2026-03-30,Record remediation
X0003776,2026-04-27,E0003739,S003433,EX05,Legacy Migration Mismatch,Consistency,High,Open,,Pending investigation
X0003777,2026-04-13,E0009132,S002695,EX05,Legacy Migration Mismatch,Consistency,High,Resolved,2026-04-20,Record remediation
X0003778,2026-04-27,E0003288,S001475,EX06,Fee/Product Validation,Validity,High,Open,,Pending investigation
X0003779,2026-04-27,E0008445,S002585,EX02,Missing LMS Unit Link,Completeness,High,Resolved,2026-05-17,Record remediation
X0003780,2026-04-27,E0004094,S003150,EX06,Fee/Product Validation,Validity,High,Resolved,2026-05-16,Record remediation
X0003781,2026-03-02,E0009608,S001557,EX01,Incomplete Contact Details,Completeness,Medium,Open,,Pending investigation
X0003782,2026-03-16,E0007588,S002577,EX06,Fee/Product Validation,Validity,High,Open,,Pending investigation
X0003783,2026-05-11,E0009347,S000423,EX06,Fee/Product Validation,Validity,High,Resolved,2026-05-13,Record remediation
X0003784,2026-04-13,E0001286,S003826,EX06,Fee/Product Validation,Validity,High,Resolved,2026-05-03,Record remediation
X0003785,2026-03-30,E0009656,S002853,EX06,Fee/Product Validation,Validity,High,Resolved,2026-04-19,Record remediation
X0003786,2026-03-16,E0001527,S001433,EX07,Incomplete Enrolment,Completeness,Medium,Resolved,2026-04-05,Record remediation
X0003787,2026-03-02,E0006453,S003114,EX02,Missing LMS Unit Link,Completeness,High,Open,,Pending investigation
X0003788,2026-03-16,E0004032,S000499,EX05,Legacy Migration Mismatch,Consistency,High,Resolved,2026-03-23,Record remediation
X0003789,2026-03-16,E0006851,S001524,EX05,Legacy Migration Mismatch,Consistency,High,Resolved,2026-03-27,Record remediation
X0003790,2026-03-02,E0007300,S001672,EX06,Fee/Product Validation,Validity,High,Open,,Pending investigation
X0003791,2026-03-02,E0006671,S001207,EX05,Legacy Migration Mismatch,Consistency,High,Open,,Pending investigation
X0003792,2026-03-16,E0006140,S001087,EX06,Fee/Product Validation,Validity,High,Open,,Pending investigation
X0003793,2026-03-02,E0000274,S002862,EX07,Incomplete Enrolment,Completeness,Medium,Resolved,2026-03-16,Record remediation
X0003794,2026-05-11,E0009743,S002829,EX03,Potential Duplicate Enrolment,Uniqueness,High,Open,,Pending investigation
X0003795,2026-03-30,E0009263,S001467,EX05,Legacy Migration Mismatch,Consistency,High,Open,,Pending investigation
X0003796,2026-03-16,E0009093,S001245,EX04,Withdrawal / Remediation Overlap,Consistency,Medium,Open,,Pending investigation
X0003797,2026-04-27,E0007997,S002249,EX02,Missing LMS Unit Link,Completeness,High,Resolved,2026-05-12,Record remediation
X0003798,2026-05-11,E0001727,S000564,EX05,Legacy Migration Mismatch,Consistency,High,Resolved,2026-05-18,Record remediation
X0003799,2026-05-11,E0007886,S003000,EX04,Withdrawal / Remediation Overlap,Consistency,Medium,Open,,Pending investigation
X0003800,2026-04-13,E0005574,S003455,EX02,Missing LMS Unit Link,Completeness,High,Resolved,2026-04-24,Record remediation
