StudentID,DateOfBirth,HomeRegion,Residency
S000001,1960-07-30,Western,Domestic
S000002,1989-05-27,Northern,Domestic
S000003,1994-12-03,Coastal,Domestic
S000004,1975-03-31,Central,International
S000005,1974-09-06,Coastal,Domestic
S000006,1973-09-01,Coastal,Domestic
S000007,1984-11-14,Coastal,Domestic
S000008,1990-11-22,Central,International
S000009,1978-06-07,Central,International
S000010,1965-03-22,Coastal,Domestic
S000011,2001-02-07,Northern,Domestic
S000012,1978-03-14,Coastal,International
S000013,1982-02-25,Central,Domestic
S000014,2005-08-23,Northern,International
S000015,2004-07-06,Western,Domestic
S000016,2003-10-29,Northern,Domestic
S000017,1976-12-16,Coastal,Domestic
S000018,1964-12-17,Central,Domestic
S000019,1985-07-10,Coastal,International
S000020,1995-01-01,Northern,International
S000021,1960-11-02,Northern,Domestic
S000022,1971-12-08,Central,Domestic
S000023,1971-01-06,Northern,Domestic
S000024,1992-07-01,Western,Domestic
S000025,1961-04-13,Western,Domestic
S000026,1982-07-10,Western,Domestic
S000027,1981-05-06,Coastal,International
S000028,1997-04-01,Western,Domestic
S000029,1973-08-20,Central,Domestic
S000030,1960-07-11,Coastal,International
S000031,2006-06-16,Central,Domestic
S000032,1991-10-28,Central,Domestic
S000033,1977-04-29,Central,Domestic
S000034,1997-03-25,Coastal,Domestic
S000035,1994-11-05,Northern,Domestic
S000036,1976-03-29,Central,Domestic
S000037,2003-09-18,Central,Domestic
S000038,1997-09-23,Central,Domestic
S000039,1972-04-03,Central,International
S000040,1996-03-21,Central,International
S000041,1981-06-29,Northern,Domestic
S000042,1965-05-01,Western,Domestic
S000043,1967-02-06,Central,Domestic
S000044,1972-03-20,Central,International
S000045,1985-02-07,Western,International
S000046,1971-12-31,Central,Domestic
S000047,1980-02-01,Central,International
S000048,2002-06-17,Northern,Domestic
S000049,1962-07-13,Central,Domestic
S000050,1986-09-22,Central,Domestic
S000051,1984-06-26,Western,Domestic
S000052,1994-07-22,Coastal,Domestic
S000053,1986-01-08,Northern,Domestic
S000054,1972-06-23,Western,Domestic
S000055,1986-10-27,Northern,Domestic
S000056,1983-05-02,Western,Domestic
S000057,1983-07-20,Western,International
S000058,1964-06-18,Western,Domestic
S000059,1992-10-26,Western,Domestic
S000060,1974-01-04,Northern,Domestic
S000061,1962-09-26,Coastal,International
S000062,2003-05-22,Northern,Domestic
S000063,2005-01-27,Western,Domestic
S000064,1999-04-10,Coastal,Domestic
S000065,1963-06-21,Northern,International
S000066,1960-02-10,Central,Domestic
S000067,2006-07-08,Northern,International
S000068,1962-10-03,Coastal,International
S000069,1997-05-05,Central,Domestic
S000070,2004-09-10,Western,Domestic
S000071,1962-05-01,Central,International
S000072,1976-07-05,Central,Domestic
S000073,1999-04-02,Western,Domestic
S000074,2005-09-30,Coastal,Domestic
S000075,2004-11-22,Central,Domestic
S000076,1964-10-24,Coastal,Domestic
S000077,1987-03-26,Northern,Domestic
S000078,1980-01-01,Western,Domestic
S000079,1990-12-11,Coastal,Domestic
S000080,1967-06-03,Northern,Domestic
S000081,2005-05-17,Coastal,Domestic
S000082,1993-01-29,Western,Domestic
S000083,1980-02-13,Central,Domestic
S000084,1980-04-23,Central,Domestic
S000085,1985-02-11,Central,Domestic
S000086,2004-12-13,Central,Domestic
S000087,1978-04-17,Central,Domestic
S000088,1991-08-02,Coastal,International
S000089,1972-11-22,Central,International
S000090,1996-08-08,Western,International
S000091,1966-06-29,Coastal,Domestic
S000092,1967-02-15,Central,Domestic
S000093,1968-09-24,Western,Domestic
S000094,1998-11-14,Western,Domestic
S000095,1977-10-24,Western,Domestic
S000096,1982-06-11,Western,International
S000097,1992-03-07,Northern,Domestic
S000098,1972-09-04,Coastal,Domestic
S000099,1982-09-06,Northern,Domestic
S000100,1976-05-29,Coastal,International
S000101,2002-12-02,Northern,Domestic
S000102,1986-12-22,Northern,Domestic
S000103,1966-01-05,Northern,Domestic
S000104,1989-08-19,Central,Domestic
S000105,2003-01-19,Western,International
S000106,1981-06-30,Coastal,Domestic
S000107,1966-02-22,Central,Domestic
S000108,1981-07-07,Coastal,International
S000109,1995-08-11,Northern,International
S000110,1969-07-11,Northern,International
S000111,2002-07-14,Central,Domestic
S000112,1997-09-22,Central,Domestic
S000113,2002-09-11,Central,International
S000114,2002-06-19,Western,Domestic
S000115,2000-07-13,Northern,Domestic
S000116,1963-07-15,Coastal,International
S000117,1963-07-20,Central,Domestic
S000118,1970-11-11,Central,Domestic
S000119,1977-01-10,Central,Domestic
S000120,1963-09-29,Northern,Domestic
S000121,1978-01-05,Central,International
S000122,1970-10-22,Coastal,Domestic
S000123,1990-12-04,Northern,International
S000124,1998-08-14,Northern,Domestic
S000125,1966-02-25,Western,Domestic
S000126,1962-08-23,Western,Domestic
S000127,2004-09-14,Central,International
S000128,1968-11-13,Coastal,International
S000129,1993-11-05,Coastal,Domestic
S000130,1960-10-14,Coastal,Domestic
S000131,1986-04-22,Coastal,Domestic
S000132,1968-06-26,Northern,International
S000133,1972-06-10,Coastal,Domestic
S000134,1965-03-09,Western,International
S000135,2000-08-30,Western,International
S000136,1965-08-30,Northern,Domestic
S000137,1981-07-18,Western,Domestic
S000138,2002-05-21,Central,International
S000139,1998-11-06,Northern,Domestic
S000140,1960-01-17,Western,International
S000141,1968-06-20,Central,Domestic
S000142,1962-05-01,Central,Domestic
S000143,1983-12-12,Northern,Domestic
S000144,1995-06-11,Coastal,Domestic
S000145,2002-08-09,Coastal,Domestic
S000146,2005-04-02,Western,Domestic
S000147,1979-07-18,Coastal,Domestic
S000148,1978-06-06,Coastal,Domestic
S000149,1974-06-22,Coastal,International
S000150,1979-09-23,Western,Domestic
S000151,2001-08-03,Central,Domestic
S000152,1978-01-22,Coastal,Domestic
S000153,1999-11-23,Central,International
S000154,1981-11-29,Northern,Domestic
S000155,1996-12-16,Coastal,Domestic
S000156,1961-06-11,Northern,International
S000157,1995-05-19,Coastal,Domestic
S000158,1962-09-26,Coastal,Domestic
S000159,1962-07-27,Western,Domestic
S000160,1989-08-12,Central,Domestic
S000161,2003-12-30,Coastal,International
S000162,1994-03-15,Western,Domestic
S000163,1967-01-06,Northern,Domestic
S000164,1988-10-20,Western,Domestic
S000165,2004-02-05,Northern,Domestic
S000166,1991-05-29,Coastal,Domestic
S000167,1963-05-08,Western,Domestic
S000168,1964-01-26,Northern,International
S000169,1980-05-05,Northern,Domestic
S000170,1975-08-19,Western,Domestic
S000171,2005-12-18,Central,Domestic
S000172,1987-11-30,Central,International
S000173,1963-12-17,Western,International
S000174,1965-12-17,Northern,Domestic
S000175,1970-10-03,Coastal,Domestic
S000176,1970-07-23,Coastal,Domestic
S000177,1968-04-03,Central,International
S000178,1998-04-05,Central,International
S000179,2003-05-17,Northern,Domestic
S000180,1970-09-24,Western,Domestic
S000181,1985-01-29,Western,Domestic
S000182,1978-02-27,Northern,Domestic
S000183,2002-06-13,Western,International
S000184,1986-06-28,Central,Domestic
S000185,1992-07-15,Coastal,Domestic
S000186,1960-11-27,Western,Domestic
S000187,1979-03-19,Western,Domestic
S000188,2002-02-02,Coastal,International
S000189,1978-08-15,Northern,Domestic
S000190,1962-02-10,Western,International
S000191,1996-09-13,Central,Domestic
S000192,1962-03-07,Coastal,Domestic
S000193,1982-08-23,Western,Domestic
S000194,1962-04-02,Western,Domestic
S000195,1981-03-09,Northern,Domestic
S000196,1975-05-29,Central,Domestic
S000197,1976-04-14,Coastal,Domestic
S000198,1978-03-04,Western,Domestic
S000199,1983-11-11,Western,Domestic
S000200,2000-06-09,Coastal,Domestic
S000201,1988-09-09,Coastal,Domestic
S000202,1987-05-14,Coastal,International
S000203,1973-06-18,Coastal,Domestic
S000204,1978-02-06,Coastal,Domestic
S000205,1974-07-13,Western,Domestic
S000206,1995-01-03,Coastal,Domestic
S000207,1967-07-12,Central,Domestic
S000208,1968-06-20,Coastal,Domestic
S000209,1982-01-01,Coastal,Domestic
S000210,1987-05-26,Central,Domestic
S000211,1977-07-15,Central,International
S000212,1996-10-16,Northern,Domestic
S000213,1964-01-10,Coastal,Domestic
S000214,1960-03-12,Western,Domestic
S000215,1994-06-26,Northern,Domestic
S000216,1983-01-22,Western,Domestic
S000217,1994-01-13,Northern,Domestic
S000218,1970-02-16,Coastal,Domestic
S000219,1993-12-25,Western,Domestic
S000220,1966-02-13,Central,International
S000221,2000-12-09,Northern,Domestic
S000222,1966-01-18,Northern,International
S000223,1992-10-25,Coastal,Domestic
S000224,1990-09-13,Central,Domestic
S000225,1979-08-16,Northern,Domestic
S000226,1962-11-30,Central,Domestic
S000227,2004-07-12,Western,Domestic
S000228,1982-11-19,Central,International
S000229,2002-08-27,Central,Domestic
S000230,1996-08-20,Western,Domestic
S000231,1975-10-08,Western,International
S000232,2000-06-01,Northern,Domestic
S000233,1975-08-14,Central,Domestic
S000234,1975-03-15,Western,Domestic
S000235,1968-12-31,Central,International
S000236,1985-01-05,Central,International
S000237,1992-04-16,Coastal,Domestic
S000238,1995-12-26,Central,Domestic
S000239,1985-06-23,Central,Domestic
S000240,2001-04-25,Western,Domestic
S000241,1968-01-31,Western,Domestic
S000242,1986-08-25,Northern,Domestic
S000243,1968-10-23,Northern,Domestic
S000244,1984-04-11,Western,Domestic
S000245,1971-07-17,Central,Domestic
S000246,1969-05-11,Coastal,International
S000247,1964-05-23,Western,Domestic
S000248,1973-08-05,Coastal,International
S000249,1972-07-13,Western,Domestic
S000250,1975-01-08,Western,Domestic
S000251,1968-04-09,Western,International
S000252,2000-05-14,Northern,Domestic
S000253,1985-08-12,Western,Domestic
S000254,2005-08-02,Northern,Domestic
S000255,1964-06-10,Central,Domestic
S000256,2003-07-01,Western,Domestic
S000257,1976-08-04,Coastal,Domestic
S000258,2003-11-29,Coastal,Domestic
S000259,1968-12-25,Central,Domestic
S000260,1989-01-26,Central,Domestic
S000261,1995-07-17,Western,International
S000262,1968-12-31,Coastal,Domestic
S000263,1966-05-20,Northern,Domestic
S000264,2002-10-26,Northern,Domestic
S000265,1986-09-16,Coastal,Domestic
S000266,1991-11-30,Coastal,International
S000267,1960-03-04,Central,Domestic
S000268,1995-09-29,Coastal,Domestic
S000269,1965-11-02,Western,International
S000270,1999-11-06,Coastal,Domestic
S000271,1969-03-13,Coastal,Domestic
S000272,1994-06-28,Northern,Domestic
S000273,1978-08-04,Coastal,Domestic
S000274,1963-10-09,Northern,Domestic
S000275,1968-03-23,Northern,Domestic
S000276,1988-05-10,Northern,Domestic
S000277,1990-06-02,Central,Domestic
S000278,1996-09-20,Coastal,Domestic
S000279,1980-12-15,Northern,Domestic
S000280,1994-03-06,Western,International
S000281,1964-10-29,Western,Domestic
S000282,1990-08-31,Coastal,Domestic
S000283,1995-10-03,Western,Domestic
S000284,1978-07-19,Central,Domestic
S000285,1982-06-07,Northern,Domestic
S000286,1985-08-11,Central,International
S000287,1993-11-22,Coastal,Domestic
S000288,1980-06-14,Central,International
S000289,2001-02-02,Western,Domestic
S000290,1978-12-03,Western,Domestic
S000291,1992-11-21,Coastal,International
S000292,2006-02-08,Western,International
S000293,1998-06-13,Coastal,Domestic
S000294,1966-12-17,Western,Domestic
S000295,1966-08-27,Central,International
S000296,2001-10-08,Central,Domestic
S000297,1971-12-22,Coastal,Domestic
S000298,1995-06-22,Northern,Domestic
S000299,1983-02-21,Western,Domestic
S000300,1974-01-17,Coastal,Domestic
S000301,1969-02-22,Northern,Domestic
S000302,1986-03-03,Western,Domestic
S000303,1990-06-20,Western,Domestic
S000304,1999-11-24,Central,Domestic
S000305,1972-11-10,Central,International
S000306,1976-07-26,Coastal,Domestic
S000307,1961-06-22,Coastal,Domestic
S000308,1998-11-26,Northern,Domestic
S000309,1989-10-29,Northern,International
S000310,1999-04-04,Coastal,Domestic
S000311,1994-08-01,Central,International
S000312,1970-10-14,Northern,Domestic
S000313,1994-03-12,Central,Domestic
S000314,2006-05-17,Central,Domestic
S000315,2005-04-23,Northern,Domestic
S000316,1984-07-25,Northern,Domestic
S000317,1986-04-07,Northern,Domestic
S000318,1972-03-24,Western,Domestic
S000319,1979-12-28,Central,Domestic
S000320,2006-05-15,Coastal,Domestic
S000321,1979-06-27,Northern,Domestic
S000322,1994-07-05,Coastal,Domestic
S000323,1967-05-24,Western,Domestic
S000324,2004-07-07,Coastal,Domestic
S000325,1990-11-27,Central,Domestic
S000326,1994-05-15,Central,Domestic
S000327,1967-10-06,Central,International
S000328,2004-07-17,Northern,Domestic
S000329,2001-11-10,Coastal,Domestic
S000330,1998-01-17,Western,Domestic
S000331,1964-04-22,Western,Domestic
S000332,1962-06-28,Western,Domestic
S000333,1994-05-04,Central,Domestic
S000334,1975-09-30,Central,Domestic
S000335,2001-02-11,Western,International
S000336,1967-08-05,Northern,Domestic
S000337,1983-08-18,Coastal,Domestic
S000338,1962-10-31,Coastal,Domestic
S000339,1989-01-14,Northern,Domestic
S000340,1964-04-14,Coastal,International
S000341,1974-10-23,Central,Domestic
S000342,1986-11-20,Northern,Domestic
S000343,1972-01-02,Coastal,Domestic
S000344,2005-06-26,Western,Domestic
S000345,1985-01-27,Northern,Domestic
S000346,1975-09-26,Northern,Domestic
S000347,1988-04-27,Central,Domestic
S000348,1981-01-22,Central,Domestic
S000349,1987-12-18,Western,International
S000350,1999-10-26,Northern,Domestic
S000351,1971-11-26,Western,International
S000352,1978-05-13,Northern,Domestic
S000353,1977-03-03,Coastal,Domestic
S000354,1961-02-28,Central,Domestic
S000355,1973-07-14,Central,Domestic
S000356,1998-01-22,Central,International
S000357,1968-01-04,Coastal,Domestic
S000358,1971-02-11,Northern,International
S000359,1991-10-26,Northern,International
S000360,2004-12-27,Western,Domestic
S000361,1966-10-28,Central,International
S000362,1964-05-24,Northern,Domestic
S000363,2006-06-19,Northern,International
S000364,1992-06-20,Northern,Domestic
S000365,1999-10-29,Central,Domestic
S000366,1982-07-05,Coastal,International
S000367,1995-03-19,Central,Domestic
S000368,2000-11-05,Central,International
S000369,1972-10-31,Central,Domestic
S000370,1994-05-22,Coastal,International
S000371,1965-07-31,Coastal,International
S000372,2000-05-30,Western,Domestic
S000373,1965-10-31,Central,Domestic
S000374,1981-02-02,Coastal,Domestic
S000375,1982-11-26,Coastal,Domestic
S000376,1976-04-23,Central,International
S000377,1960-10-26,Central,Domestic
S000378,1960-07-23,Coastal,Domestic
S000379,1963-02-07,Coastal,Domestic
S000380,1968-10-09,Coastal,Domestic
S000381,1963-04-13,Northern,Domestic
S000382,1981-02-13,Coastal,International
S000383,1963-04-15,Northern,Domestic
S000384,1991-02-14,Western,Domestic
S000385,1981-03-19,Western,Domestic
S000386,2002-10-24,Western,Domestic
S000387,2006-04-10,Coastal,International
S000388,1972-10-20,Central,Domestic
S000389,1997-11-02,Northern,Domestic
S000390,2000-06-10,Western,Domestic
S000391,1978-02-12,Western,Domestic
S000392,1970-09-20,Western,International
S000393,2004-09-03,Northern,International
S000394,2003-05-17,Northern,Domestic
S000395,1999-09-27,Western,Domestic
S000396,1969-05-19,Western,Domestic
S000397,1973-01-18,Western,International
S000398,1983-10-19,Western,Domestic
S000399,1991-12-30,Coastal,Domestic
S000400,2004-12-05,Northern,Domestic
S000401,1965-01-28,Western,Domestic
S000402,2001-06-04,Coastal,Domestic
S000403,1998-06-03,Coastal,Domestic
S000404,1993-06-09,Northern,Domestic
S000405,1999-10-06,Northern,Domestic
S000406,2000-07-22,Western,Domestic
S000407,1995-06-24,Central,Domestic
S000408,1994-02-16,Northern,Domestic
S000409,1971-05-10,Central,International
S000410,1976-01-02,Central,Domestic
S000411,1990-01-14,Northern,Domestic
S000412,1965-03-04,Coastal,Domestic
S000413,1992-02-05,Coastal,Domestic
S000414,1995-03-02,Central,Domestic
S000415,1981-01-14,Western,Domestic
S000416,1973-01-01,Western,Domestic
S000417,1997-12-31,Central,International
S000418,1971-09-24,Western,Domestic
S000419,1978-04-24,Central,Domestic
S000420,1974-04-15,Western,International
S000421,1974-12-13,Western,International
S000422,2006-03-04,Coastal,Domestic
S000423,2000-12-27,Northern,Domestic
S000424,1986-04-06,Western,International
S000425,1988-03-03,Coastal,Domestic
S000426,1972-12-19,Northern,International
S000427,1973-08-28,Northern,International
S000428,1982-10-29,Northern,Domestic
S000429,1961-11-08,Coastal,Domestic
S000430,2000-09-19,Northern,Domestic
S000431,1973-09-15,Central,Domestic
S000432,1963-02-10,Coastal,Domestic
S000433,1968-02-16,Western,Domestic
S000434,1960-08-10,Northern,International
S000435,1971-07-15,Central,Domestic
S000436,1986-09-28,Western,International
S000437,1987-02-01,Central,Domestic
S000438,1963-05-24,Western,Domestic
S000439,1973-03-12,Western,Domestic
S000440,1976-10-24,Northern,Domestic
S000441,2001-11-08,Coastal,Domestic
S000442,1980-02-04,Western,International
S000443,1973-05-15,Northern,International
S000444,1998-05-04,Western,Domestic
S000445,1999-09-17,Western,International
S000446,1967-02-20,Central,Domestic
S000447,1969-03-23,Northern,Domestic
S000448,1975-06-17,Central,Domestic
S000449,1972-11-30,Coastal,Domestic
S000450,1971-06-08,Northern,International
S000451,1974-09-29,Central,Domestic
S000452,1986-07-17,Northern,Domestic
S000453,2002-05-13,Coastal,Domestic
S000454,1964-10-14,Western,Domestic
S000455,1998-05-25,Northern,Domestic
S000456,1982-07-07,Northern,International
S000457,2002-08-01,Western,Domestic
S000458,2000-01-09,Central,International
S000459,1981-05-23,Northern,International
S000460,1968-11-28,Western,Domestic
S000461,2004-10-15,Northern,International
S000462,1972-04-02,Central,International
S000463,1968-02-17,Northern,International
S000464,2000-12-06,Central,Domestic
S000465,2004-11-28,Western,Domestic
S000466,1996-05-11,Central,Domestic
S000467,1989-07-07,Western,Domestic
S000468,1978-08-03,Central,Domestic
S000469,2000-09-22,Coastal,International
S000470,2000-09-14,Northern,International
S000471,1989-08-26,Western,Domestic
S000472,1997-11-16,Northern,Domestic
S000473,1990-12-28,Coastal,International
S000474,1965-06-29,Western,International
S000475,1981-09-27,Western,Domestic
S000476,1975-04-11,Coastal,Domestic
S000477,1968-06-12,Coastal,International
S000478,1971-02-08,Western,International
S000479,1989-02-16,Central,Domestic
S000480,1981-08-17,Central,International
S000481,1969-09-08,Central,Domestic
S000482,1986-03-29,Coastal,Domestic
S000483,2005-08-23,Coastal,Domestic
S000484,1979-11-24,Western,International
S000485,1988-11-19,Central,International
S000486,1990-04-08,Coastal,International
S000487,1979-12-19,Northern,Domestic
S000488,1986-05-28,Western,Domestic
S000489,2000-02-14,Central,International
S000490,1991-06-21,Central,Domestic
S000491,1970-05-26,Central,Domestic
S000492,1965-05-12,Coastal,Domestic
S000493,1968-02-26,Central,Domestic
S000494,1971-04-05,Coastal,International
S000495,1979-07-31,Coastal,Domestic
S000496,1996-10-07,Western,International
S000497,1990-05-04,Coastal,Domestic
S000498,2000-01-24,Western,Domestic
S000499,2001-01-24,Western,Domestic
S000500,1976-07-24,Coastal,International
S000501,1988-01-31,Western,Domestic
S000502,1986-04-06,Western,Domestic
S000503,1987-05-17,Western,Domestic
S000504,1985-06-20,Coastal,Domestic
S000505,2002-09-20,Northern,Domestic
S000506,2004-08-26,Central,Domestic
S000507,1969-10-08,Central,Domestic
S000508,1998-06-17,Northern,Domestic
S000509,1979-02-08,Western,Domestic
S000510,1967-02-01,Northern,International
S000511,1969-07-01,Central,Domestic
S000512,1996-10-16,Northern,Domestic
S000513,1974-09-17,Central,Domestic
S000514,1970-04-06,Central,Domestic
S000515,2005-11-30,Central,International
S000516,1992-06-16,Central,Domestic
S000517,1986-08-18,Central,Domestic
S000518,1975-05-05,Coastal,Domestic
S000519,2003-03-24,Northern,International
S000520,1998-12-22,Central,Domestic
S000521,1982-10-18,Coastal,Domestic
S000522,1974-07-17,Western,Domestic
S000523,1983-06-28,Northern,Domestic
S000524,1977-11-14,Central,Domestic
S000525,1968-03-24,Coastal,Domestic
S000526,1993-07-06,Coastal,Domestic
S000527,2006-03-16,Northern,International
S000528,1965-09-21,Central,Domestic
S000529,1998-11-14,Coastal,Domestic
S000530,1984-11-19,Coastal,Domestic
S000531,1979-08-13,Coastal,International
S000532,1968-06-05,Central,Domestic
S000533,1970-01-24,Coastal,Domestic
S000534,2001-06-02,Western,International
S000535,1960-09-28,Central,Domestic
S000536,1962-12-15,Central,Domestic
S000537,1962-12-11,Coastal,Domestic
S000538,2000-02-12,Coastal,Domestic
S000539,1961-10-30,Northern,Domestic
S000540,1973-10-20,Coastal,Domestic
S000541,1981-05-03,Central,Domestic
S000542,1971-11-02,Western,International
S000543,1990-02-24,Northern,International
S000544,1999-09-18,Northern,Domestic
S000545,1972-06-20,Western,Domestic
S000546,1989-08-10,Coastal,Domestic
S000547,1997-04-06,Western,Domestic
S000548,1970-12-16,Central,Domestic
S000549,1962-07-27,Coastal,International
S000550,1997-03-18,Northern,International
S000551,1970-11-29,Northern,Domestic
S000552,1966-10-21,Coastal,Domestic
S000553,1961-09-25,Northern,International
S000554,1976-11-30,Central,Domestic
S000555,1990-10-28,Northern,Domestic
S000556,1960-04-12,Central,Domestic
S000557,1983-12-23,Northern,International
S000558,1976-12-03,Northern,International
S000559,1992-01-28,Central,Domestic
S000560,1978-01-23,Central,Domestic
S000561,2000-12-13,Northern,Domestic
S000562,1997-09-20,Western,Domestic
S000563,1972-02-01,Northern,Domestic
S000564,1985-03-03,Central,Domestic
S000565,1966-07-08,Coastal,Domestic
S000566,2002-07-24,Central,Domestic
S000567,1962-08-29,Northern,Domestic
S000568,1973-03-31,Western,Domestic
S000569,1982-12-23,Coastal,Domestic
S000570,1995-11-13,Coastal,Domestic
S000571,1981-04-01,Coastal,Domestic
S000572,1968-05-18,Northern,International
S000573,1990-01-04,Western,Domestic
S000574,1961-03-01,Northern,Domestic
S000575,1989-10-29,Western,Domestic
S000576,1962-07-07,Northern,Domestic
S000577,1989-10-15,Coastal,Domestic
S000578,2001-11-13,Central,Domestic
S000579,1983-11-13,Central,Domestic
S000580,2001-04-30,Central,Domestic
S000581,1963-06-18,Central,Domestic
S000582,1987-11-07,Northern,Domestic
S000583,1995-09-16,Coastal,Domestic
S000584,1998-04-13,Western,International
S000585,2006-03-04,Western,Domestic
S000586,1993-01-23,Western,Domestic
S000587,1976-12-16,Central,Domestic
S000588,1997-01-08,Central,Domestic
S000589,1985-08-31,Northern,Domestic
S000590,1994-07-23,Western,Domestic
S000591,1998-01-11,Central,Domestic
S000592,1963-03-28,Central,Domestic
S000593,1965-12-24,Central,Domestic
S000594,1999-06-20,Northern,Domestic
S000595,1982-04-06,Coastal,Domestic
S000596,1980-03-08,Coastal,Domestic
S000597,1964-08-05,Western,Domestic
S000598,1989-01-18,Central,International
S000599,1960-02-14,Coastal,Domestic
S000600,1960-01-24,Coastal,Domestic
S000601,1972-06-05,Central,Domestic
S000602,1971-05-28,Central,Domestic
S000603,1976-11-16,Coastal,Domestic
S000604,1972-07-22,Western,Domestic
S000605,1967-02-28,Coastal,Domestic
S000606,1977-02-08,Central,International
S000607,1982-12-24,Western,Domestic
S000608,1969-04-14,Northern,International
S000609,1992-09-28,Western,Domestic
S000610,1970-06-07,Northern,Domestic
S000611,1994-04-11,Central,Domestic
S000612,1966-08-04,Western,Domestic
S000613,1962-09-04,Western,Domestic
S000614,1993-06-29,Central,Domestic
S000615,2000-10-02,Northern,Domestic
S000616,1961-06-11,Central,Domestic
S000617,2004-12-26,Northern,International
S000618,1998-12-20,Northern,Domestic
S000619,2006-05-11,Coastal,Domestic
S000620,1965-11-29,Central,Domestic
S000621,1981-06-20,Coastal,International
S000622,1984-01-09,Central,Domestic
S000623,1996-09-14,Northern,International
S000624,2004-09-22,Western,Domestic
S000625,1964-03-03,Northern,Domestic
S000626,1983-06-10,Central,Domestic
S000627,1989-10-06,Northern,Domestic
S000628,1987-03-25,Northern,Domestic
S000629,2003-04-27,Central,International
S000630,1961-01-06,Central,International
S000631,1985-11-23,Northern,Domestic
S000632,1964-03-02,Central,Domestic
S000633,2003-03-28,Western,Domestic
S000634,1978-03-19,Northern,Domestic
S000635,1978-05-04,Northern,International
S000636,1961-11-12,Western,International
S000637,1984-02-21,Northern,Domestic
S000638,1962-04-29,Western,Domestic
S000639,1962-03-22,Central,Domestic
S000640,1965-12-27,Central,Domestic
S000641,1995-12-02,Central,International
S000642,1968-01-14,Northern,Domestic
S000643,1981-01-30,Central,International
S000644,1988-04-14,Central,International
S000645,1978-09-04,Central,Domestic
S000646,1992-09-02,Western,Domestic
S000647,1991-04-04,Coastal,Domestic
S000648,1977-05-27,Northern,International
S000649,1987-01-27,Northern,Domestic
S000650,2002-03-18,Central,International
S000651,1969-01-28,Central,Domestic
S000652,1987-06-06,Western,Domestic
S000653,1962-11-21,Central,Domestic
S000654,1965-09-18,Coastal,Domestic
S000655,1963-03-18,Central,Domestic
S000656,2000-07-05,Western,International
S000657,1998-01-03,Northern,Domestic
S000658,1978-07-29,Western,Domestic
S000659,1978-07-21,Western,International
S000660,1963-10-16,Western,Domestic
S000661,2003-04-16,Western,Domestic
S000662,2004-03-10,Western,Domestic
S000663,1977-01-20,Coastal,Domestic
S000664,1990-09-08,Western,International
S000665,2000-12-17,Western,Domestic
S000666,1991-03-19,Coastal,Domestic
S000667,1981-11-09,Coastal,Domestic
S000668,1993-03-09,Coastal,Domestic
S000669,1998-02-18,Coastal,Domestic
S000670,1967-09-19,Northern,International
S000671,1966-05-23,Coastal,Domestic
S000672,1966-05-08,Central,Domestic
S000673,1978-12-23,Northern,Domestic
S000674,1976-02-04,Coastal,Domestic
S000675,1964-07-08,Northern,International
S000676,2002-02-10,Western,International
S000677,1978-07-19,Central,International
S000678,1982-05-13,Coastal,International
S000679,1973-01-25,Northern,Domestic
S000680,1976-04-29,Northern,Domestic
S000681,1960-07-24,Western,International
S000682,1984-03-04,Northern,Domestic
S000683,1966-05-05,Northern,Domestic
S000684,1972-06-06,Coastal,Domestic
S000685,1966-04-25,Northern,International
S000686,1969-12-19,Western,International
S000687,1975-07-26,Northern,Domestic
S000688,1987-05-13,Central,Domestic
S000689,1967-09-29,Central,Domestic
S000690,1998-01-18,Northern,Domestic
S000691,1995-05-20,Central,Domestic
S000692,1962-11-08,Coastal,Domestic
S000693,1966-02-21,Central,Domestic
S000694,1976-10-06,Central,Domestic
S000695,1993-05-26,Central,Domestic
S000696,1990-10-19,Central,Domestic
S000697,1984-07-22,Northern,Domestic
S000698,1964-11-25,Northern,Domestic
S000699,1971-02-06,Central,Domestic
S000700,1975-06-20,Central,Domestic
S000701,1970-09-19,Central,Domestic
S000702,1972-06-04,Central,International
S000703,2004-04-04,Northern,Domestic
S000704,1988-05-09,Coastal,Domestic
S000705,1998-12-04,Central,Domestic
S000706,1999-06-24,Central,International
S000707,2003-12-29,Western,Domestic
S000708,2006-06-25,Western,Domestic
S000709,1976-01-07,Central,Domestic
S000710,1996-12-13,Coastal,Domestic
S000711,1962-01-26,Coastal,Domestic
S000712,1979-01-06,Northern,Domestic
S000713,1962-12-16,Coastal,International
S000714,1996-04-28,Western,Domestic
S000715,1997-06-10,Coastal,Domestic
S000716,1989-01-07,Western,Domestic
S000717,1974-04-12,Coastal,Domestic
S000718,1989-05-21,Central,International
S000719,1998-09-19,Northern,International
S000720,2001-08-15,Coastal,Domestic
S000721,1978-02-19,Coastal,Domestic
S000722,1976-07-20,Central,Domestic
S000723,2006-05-15,Coastal,International
S000724,1981-05-21,Central,Domestic
S000725,1962-03-18,Coastal,International
S000726,1992-09-15,Western,Domestic
S000727,1984-01-11,Coastal,Domestic
S000728,2001-07-21,Northern,Domestic
S000729,1983-08-12,Central,International
S000730,2005-02-16,Western,International
S000731,1999-04-07,Western,Domestic
S000732,1972-06-03,Western,Domestic
S000733,1971-11-14,Western,Domestic
S000734,1977-03-08,Western,International
S000735,1999-10-03,Western,Domestic
S000736,1998-04-11,Northern,Domestic
S000737,1991-03-02,Western,Domestic
S000738,1982-09-16,Coastal,Domestic
S000739,1971-03-09,Western,International
S000740,1982-10-26,Northern,Domestic
S000741,2004-06-03,Coastal,Domestic
S000742,1961-01-12,Western,Domestic
S000743,2005-02-05,Western,Domestic
S000744,1995-01-30,Central,International
S000745,1961-08-08,Northern,International
S000746,2000-04-21,Coastal,Domestic
S000747,2002-05-13,Western,International
S000748,1997-06-18,Northern,Domestic
S000749,1991-08-03,Coastal,Domestic
S000750,1993-05-24,Northern,Domestic
S000751,1994-10-09,Coastal,Domestic
S000752,1991-03-23,Central,Domestic
S000753,1972-03-16,Northern,Domestic
S000754,1996-12-12,Coastal,Domestic
S000755,1972-06-23,Central,Domestic
S000756,1971-05-30,Western,International
S000757,1995-09-04,Coastal,Domestic
S000758,1973-04-24,Coastal,Domestic
S000759,1965-02-23,Central,Domestic
S000760,1968-04-02,Coastal,Domestic
S000761,1979-01-24,Central,Domestic
S000762,1970-03-16,Coastal,Domestic
S000763,2001-07-01,Western,Domestic
S000764,2006-01-14,Central,Domestic
S000765,1991-04-29,Central,Domestic
S000766,2002-07-28,Northern,International
S000767,1985-02-06,Central,Domestic
S000768,1999-01-02,Northern,Domestic
S000769,1965-03-30,Coastal,Domestic
S000770,1975-04-28,Northern,Domestic
S000771,1989-07-30,Western,Domestic
S000772,1996-08-03,Central,International
S000773,1985-09-15,Central,Domestic
S000774,1966-08-05,Western,Domestic
S000775,1976-07-01,Coastal,Domestic
S000776,1966-01-23,Central,International
S000777,1995-10-11,Coastal,International
S000778,1991-02-15,Central,Domestic
S000779,1987-10-23,Western,Domestic
S000780,1993-02-13,Northern,Domestic
S000781,1983-12-31,Northern,Domestic
S000782,2004-12-30,Western,International
S000783,1994-02-03,Northern,Domestic
S000784,2005-09-20,Western,Domestic
S000785,1961-07-11,Central,International
S000786,2003-12-27,Western,International
S000787,1989-12-28,Northern,Domestic
S000788,1967-04-17,Central,International
S000789,2000-03-30,Coastal,International
S000790,1968-12-12,Central,Domestic
S000791,1977-12-29,Western,Domestic
S000792,1963-01-20,Northern,Domestic
S000793,1980-01-06,Northern,Domestic
S000794,1980-12-28,Coastal,Domestic
S000795,2002-03-07,Central,Domestic
S000796,1977-06-29,Central,International
S000797,1984-12-12,Western,International
S000798,1987-03-22,Coastal,Domestic
S000799,1977-06-05,Coastal,Domestic
S000800,1994-09-10,Northern,Domestic
S000801,1981-06-25,Coastal,Domestic
S000802,1978-09-12,Northern,Domestic
S000803,2005-05-04,Central,Domestic
S000804,1994-01-24,Northern,Domestic
S000805,1962-09-30,Northern,Domestic
S000806,1996-03-07,Coastal,International
S000807,1987-03-07,Northern,International
S000808,1978-04-09,Northern,Domestic
S000809,1966-10-05,Central,Domestic
S000810,1967-11-05,Central,Domestic
S000811,1997-09-17,Western,Domestic
S000812,1985-04-22,Coastal,International
S000813,1966-10-18,Coastal,Domestic
S000814,1978-10-07,Coastal,International
S000815,1987-08-05,Central,Domestic
S000816,1994-02-24,Northern,International
S000817,2001-11-09,Central,International
S000818,1980-08-23,Northern,Domestic
S000819,1963-08-02,Central,Domestic
S000820,1974-03-21,Northern,International
S000821,1976-07-04,Central,Domestic
S000822,1995-09-28,Central,Domestic
S000823,1989-07-16,Central,International
S000824,1966-03-30,Northern,Domestic
S000825,1960-01-19,Western,International
S000826,1988-11-18,Central,International
S000827,1980-11-01,Coastal,International
S000828,1993-07-24,Western,Domestic
S000829,1973-05-22,Central,Domestic
S000830,1966-11-05,Western,Domestic
S000831,1977-07-23,Northern,International
S000832,1990-12-08,Northern,Domestic
S000833,1994-11-25,Central,Domestic
S000834,1977-07-07,Northern,Domestic
S000835,1979-10-28,Central,Domestic
S000836,1962-10-02,Central,Domestic
S000837,1972-05-24,Coastal,Domestic
S000838,1983-02-28,Northern,Domestic
S000839,2001-02-04,Northern,Domestic
S000840,1987-09-08,Coastal,Domestic
S000841,1961-04-12,Central,International
S000842,1966-05-31,Coastal,Domestic
S000843,1963-07-10,Northern,Domestic
S000844,1989-12-25,Central,Domestic
S000845,1988-06-13,Central,Domestic
S000846,1960-05-31,Central,Domestic
S000847,1992-03-23,Central,Domestic
S000848,1996-12-23,Central,International
S000849,1962-07-13,Central,Domestic
S000850,2002-09-23,Central,Domestic
S000851,1972-04-13,Coastal,Domestic
S000852,2001-10-06,Coastal,Domestic
S000853,1992-05-14,Central,Domestic
S000854,1972-10-05,Northern,Domestic
S000855,2001-11-27,Coastal,Domestic
S000856,1985-08-16,Western,Domestic
S000857,2006-02-16,Western,International
S000858,1993-05-09,Coastal,International
S000859,1995-08-28,Northern,Domestic
S000860,1982-06-25,Central,Domestic
S000861,1974-02-01,Northern,Domestic
S000862,1970-01-27,Coastal,International
S000863,1972-01-25,Northern,Domestic
S000864,1971-02-07,Coastal,Domestic
S000865,1986-08-16,Western,Domestic
S000866,1960-12-22,Central,Domestic
S000867,1970-08-31,Northern,Domestic
S000868,2001-03-07,Coastal,Domestic
S000869,1961-10-22,Coastal,Domestic
S000870,2005-05-13,Coastal,Domestic
S000871,1999-11-27,Coastal,Domestic
S000872,1981-09-17,Coastal,Domestic
S000873,1998-06-23,Coastal,International
S000874,2001-06-13,Western,Domestic
S000875,1982-01-15,Northern,International
S000876,2000-01-12,Central,Domestic
S000877,1985-05-13,Coastal,Domestic
S000878,1973-01-15,Northern,International
S000879,1973-07-22,Central,International
S000880,1988-03-07,Central,Domestic
S000881,1988-08-25,Coastal,International
S000882,1981-09-16,Coastal,Domestic
S000883,1999-05-18,Western,Domestic
S000884,1973-03-29,Central,International
S000885,1997-04-14,Central,Domestic
S000886,2001-05-08,Western,Domestic
S000887,1991-08-23,Coastal,Domestic
S000888,1987-04-24,Western,International
S000889,1976-12-07,Northern,International
S000890,1976-09-12,Western,International
S000891,1999-06-26,Coastal,International
S000892,1998-07-04,Coastal,Domestic
S000893,1965-05-19,Coastal,Domestic
S000894,1980-03-18,Central,Domestic
S000895,1979-08-24,Central,Domestic
S000896,1997-04-04,Western,Domestic
S000897,2000-09-26,Western,Domestic
S000898,1988-04-09,Northern,Domestic
S000899,1962-05-09,Northern,Domestic
S000900,1973-07-15,Coastal,Domestic
S000901,1999-10-11,Coastal,Domestic
S000902,1966-07-01,Central,Domestic
S000903,1967-10-30,Western,International
S000904,1978-08-01,Western,Domestic
S000905,1996-05-01,Coastal,Domestic
S000906,1963-07-17,Western,Domestic
S000907,1983-02-16,Western,Domestic
S000908,1988-10-07,Coastal,Domestic
S000909,1976-12-25,Northern,International
S000910,1982-05-10,Western,Domestic
S000911,1970-05-15,Coastal,Domestic
S000912,1978-01-14,Northern,Domestic
S000913,1974-10-11,Northern,Domestic
S000914,1993-10-12,Coastal,Domestic
S000915,1999-01-21,Western,Domestic
S000916,1974-08-06,Western,Domestic
S000917,1990-12-14,Central,International
S000918,1964-09-22,Coastal,International
S000919,1970-08-30,Western,Domestic
S000920,1976-10-02,Central,Domestic
S000921,2003-08-30,Central,International
S000922,1977-09-15,Western,Domestic
S000923,1984-05-01,Northern,International
S000924,1966-08-27,Coastal,International
S000925,1999-01-21,Central,Domestic
S000926,1976-11-21,Coastal,International
S000927,1960-10-03,Central,Domestic
S000928,2002-10-26,Coastal,Domestic
S000929,1994-11-28,Central,Domestic
S000930,1994-01-28,Central,Domestic
S000931,1979-07-09,Western,Domestic
S000932,1981-06-20,Western,Domestic
S000933,1986-01-02,Western,International
S000934,1991-01-29,Central,Domestic
S000935,1968-03-18,Central,Domestic
S000936,1982-10-15,Central,International
S000937,1998-03-24,Central,Domestic
S000938,1997-02-20,Northern,International
S000939,1972-01-08,Northern,Domestic
S000940,1989-04-29,Central,Domestic
S000941,2005-01-16,Central,Domestic
S000942,2003-11-02,Northern,Domestic
S000943,1985-09-01,Coastal,International
S000944,1988-06-22,Coastal,Domestic
S000945,1975-10-01,Central,Domestic
S000946,1970-10-28,Coastal,Domestic
S000947,1977-10-08,Northern,Domestic
S000948,1988-04-19,Northern,Domestic
S000949,1968-05-18,Northern,International
S000950,2002-04-06,Northern,Domestic
S000951,1982-02-20,Coastal,International
S000952,1988-06-15,Coastal,Domestic
S000953,1990-06-12,Northern,Domestic
S000954,1973-04-24,Coastal,International
S000955,1989-07-29,Coastal,Domestic
S000956,1978-01-08,Central,Domestic
S000957,1995-08-31,Central,Domestic
S000958,2006-06-21,Coastal,Domestic
S000959,1994-12-08,Western,Domestic
S000960,1974-06-28,Central,Domestic
S000961,1976-01-31,Northern,Domestic
S000962,1960-08-01,Northern,Domestic
S000963,1970-11-23,Coastal,International
S000964,1961-04-15,Central,International
S000965,1984-11-26,Western,Domestic
S000966,1983-02-08,Western,International
S000967,1976-05-21,Central,Domestic
S000968,2005-04-13,Coastal,International
S000969,1981-07-09,Central,Domestic
S000970,1969-11-16,Coastal,Domestic
S000971,1976-01-10,Northern,Domestic
S000972,1974-03-12,Western,Domestic
S000973,1978-11-06,Western,International
S000974,1967-10-19,Western,Domestic
S000975,1987-05-09,Central,International
S000976,2005-04-25,Western,Domestic
S000977,1986-08-21,Central,Domestic
S000978,1985-04-19,Western,Domestic
S000979,2002-06-02,Western,International
S000980,1983-09-13,Central,International
S000981,1995-12-02,Coastal,International
S000982,1999-05-28,Western,International
S000983,1962-12-02,Coastal,International
S000984,1960-01-31,Northern,Domestic
S000985,1971-03-06,Central,Domestic
S000986,1991-06-15,Western,Domestic
S000987,1983-07-09,Central,Domestic
S000988,1974-02-06,Western,Domestic
S000989,1967-01-08,Western,Domestic
S000990,1982-04-12,Central,International
S000991,1971-05-29,Central,Domestic
S000992,1960-06-28,Western,Domestic
S000993,1968-06-05,Western,Domestic
S000994,1989-11-15,Western,Domestic
S000995,1984-12-19,Coastal,Domestic
S000996,2004-04-27,Central,Domestic
S000997,2005-12-08,Central,Domestic
S000998,1973-03-22,Western,Domestic
S000999,1974-09-14,Coastal,Domestic
S001000,1973-01-09,Central,International
S001001,1982-08-16,Northern,Domestic
S001002,1971-11-08,Northern,International
S001003,1985-06-02,Coastal,Domestic
S001004,1985-08-16,Coastal,Domestic
S001005,2006-07-09,Central,Domestic
S001006,2005-01-30,Western,Domestic
S001007,1984-06-08,Coastal,International
S001008,1993-03-05,Central,Domestic
S001009,1975-09-25,Western,Domestic
S001010,1991-08-03,Central,Domestic
S001011,1976-04-10,Coastal,Domestic
S001012,1977-05-30,Western,International
S001013,1984-11-12,Northern,International
S001014,1973-01-13,Central,Domestic
S001015,1964-08-15,Northern,Domestic
S001016,1975-06-22,Coastal,Domestic
S001017,1999-01-25,Central,International
S001018,1992-10-05,Northern,International
S001019,1969-02-20,Northern,Domestic
S001020,1990-07-17,Northern,Domestic
S001021,1976-03-21,Northern,Domestic
S001022,2003-07-16,Northern,Domestic
S001023,2001-02-08,Western,Domestic
S001024,1977-12-11,Coastal,Domestic
S001025,1998-09-23,Coastal,International
S001026,1996-04-01,Northern,International
S001027,1989-09-20,Coastal,Domestic
S001028,1971-07-28,Coastal,International
S001029,1965-12-08,Western,Domestic
S001030,1975-05-28,Western,Domestic
S001031,2006-07-15,Central,Domestic
S001032,1989-10-12,Coastal,Domestic
S001033,1979-10-13,Central,Domestic
S001034,1969-06-15,Western,Domestic
S001035,1980-02-15,Coastal,Domestic
S001036,2003-01-05,Western,International
S001037,1975-05-01,Western,Domestic
S001038,1976-10-18,Northern,International
S001039,1973-10-16,Coastal,Domestic
S001040,1998-01-23,Northern,Domestic
S001041,1963-01-17,Central,International
S001042,1976-11-16,Coastal,Domestic
S001043,1979-01-30,Northern,Domestic
S001044,1972-03-25,Central,Domestic
S001045,1963-07-03,Central,Domestic
S001046,2003-07-30,Coastal,International
S001047,1961-03-13,Western,Domestic
S001048,1984-09-10,Western,Domestic
S001049,1970-11-11,Coastal,Domestic
S001050,2001-04-19,Central,Domestic
S001051,1960-09-15,Western,Domestic
S001052,1968-11-18,Western,Domestic
S001053,1997-05-12,Western,Domestic
S001054,1998-09-03,Coastal,Domestic
S001055,1978-03-20,Northern,Domestic
S001056,2004-05-16,Central,Domestic
S001057,1991-02-28,Western,International
S001058,1988-11-27,Western,Domestic
S001059,1976-01-26,Central,Domestic
S001060,1963-11-05,Western,Domestic
S001061,1999-07-22,Central,Domestic
S001062,1996-05-02,Coastal,Domestic
S001063,2000-08-31,Northern,Domestic
S001064,1969-10-30,Northern,International
S001065,1989-01-07,Coastal,Domestic
S001066,1993-05-02,Northern,Domestic
S001067,1974-02-16,Western,Domestic
S001068,1977-07-13,Coastal,Domestic
S001069,1994-12-09,Western,Domestic
S001070,2002-12-19,Western,Domestic
S001071,1968-09-08,Coastal,Domestic
S001072,1982-08-12,Northern,International
S001073,1969-07-14,Central,International
S001074,2004-12-14,Coastal,Domestic
S001075,1994-07-16,Central,Domestic
S001076,1993-12-20,Central,Domestic
S001077,1986-12-17,Central,International
S001078,1969-06-20,Western,Domestic
S001079,1984-01-04,Northern,Domestic
S001080,1993-03-25,Western,International
S001081,1962-11-08,Northern,Domestic
S001082,1972-09-20,Western,Domestic
S001083,1974-12-29,Western,Domestic
S001084,1965-01-03,Coastal,International
S001085,1985-10-27,Northern,International
S001086,1968-07-25,Coastal,Domestic
S001087,1993-09-16,Northern,International
S001088,1970-08-03,Northern,Domestic
S001089,1989-11-12,Coastal,Domestic
S001090,1994-01-16,Northern,Domestic
S001091,2001-08-10,Northern,Domestic
S001092,1974-08-29,Northern,Domestic
S001093,1991-12-21,Western,Domestic
S001094,2004-03-22,Coastal,Domestic
S001095,1971-07-23,Northern,Domestic
S001096,1988-03-06,Western,Domestic
S001097,1995-03-12,Northern,International
S001098,2002-01-08,Central,Domestic
S001099,1962-11-07,Northern,Domestic
S001100,1983-07-14,Coastal,Domestic
S001101,1975-03-01,Western,Domestic
S001102,1984-12-09,Western,Domestic
S001103,1985-07-09,Coastal,Domestic
S001104,1975-10-20,Western,Domestic
S001105,1968-07-23,Western,International
S001106,1970-08-11,Central,Domestic
S001107,1985-10-10,Western,Domestic
S001108,1988-10-21,Northern,Domestic
S001109,1985-07-11,Coastal,Domestic
S001110,1980-09-16,Central,Domestic
S001111,1985-08-15,Central,Domestic
S001112,1992-12-16,Coastal,Domestic
S001113,2005-09-21,Coastal,International
S001114,2005-10-04,Western,International
S001115,1975-07-23,Central,Domestic
S001116,1971-04-07,Northern,International
S001117,1970-06-18,Central,Domestic
S001118,1978-06-22,Northern,Domestic
S001119,1974-08-17,Central,International
S001120,1977-09-02,Central,Domestic
S001121,2002-06-24,Northern,Domestic
S001122,2000-04-24,Coastal,Domestic
S001123,1984-05-29,Coastal,Domestic
S001124,2002-08-13,Central,Domestic
S001125,1965-07-20,Western,Domestic
S001126,1965-01-18,Coastal,Domestic
S001127,1978-01-15,Central,International
S001128,1984-12-01,Coastal,Domestic
S001129,1981-10-20,Coastal,International
S001130,1995-07-14,Coastal,Domestic
S001131,2004-08-25,Northern,International
S001132,1990-11-02,Western,Domestic
S001133,1997-01-27,Coastal,Domestic
S001134,1989-01-13,Western,International
S001135,1976-08-16,Coastal,Domestic
S001136,1960-05-06,Western,Domestic
S001137,1970-03-11,Western,Domestic
S001138,1963-07-03,Coastal,International
S001139,1964-07-05,Western,Domestic
S001140,1985-04-23,Coastal,International
S001141,1989-01-01,Coastal,Domestic
S001142,1984-10-08,Northern,Domestic
S001143,1972-09-13,Central,Domestic
S001144,1981-10-20,Central,Domestic
S001145,2004-09-04,Coastal,Domestic
S001146,1994-06-26,Coastal,Domestic
S001147,1984-02-14,Coastal,Domestic
S001148,2003-04-03,Coastal,Domestic
S001149,2000-09-11,Central,International
S001150,2003-03-09,Coastal,Domestic
S001151,1988-10-08,Central,International
S001152,2001-09-16,Western,Domestic
S001153,1993-05-02,Coastal,Domestic
S001154,1973-01-25,Northern,International
S001155,1991-12-01,Northern,Domestic
S001156,1986-09-19,Northern,Domestic
S001157,2000-02-23,Western,Domestic
S001158,1999-05-31,Central,Domestic
S001159,1965-03-14,Central,Domestic
S001160,1966-03-02,Central,Domestic
S001161,1966-11-25,Northern,Domestic
S001162,1961-07-09,Central,Domestic
S001163,1984-06-15,Western,Domestic
S001164,1966-01-25,Central,Domestic
S001165,1962-11-12,Northern,Domestic
S001166,2002-09-01,Western,Domestic
S001167,1976-07-23,Western,International
S001168,1991-03-10,Coastal,Domestic
S001169,1972-06-02,Coastal,International
S001170,1977-06-29,Central,Domestic
S001171,2004-07-24,Central,Domestic
S001172,1992-06-05,Western,Domestic
S001173,1988-11-11,Coastal,Domestic
S001174,2002-11-20,Central,International
S001175,1989-03-26,Central,Domestic
S001176,1963-07-04,Northern,International
S001177,1998-06-08,Western,Domestic
S001178,1988-01-08,Western,Domestic
S001179,2000-08-25,Central,International
S001180,1991-11-14,Coastal,Domestic
S001181,1963-10-19,Northern,Domestic
S001182,1962-03-13,Coastal,Domestic
S001183,1969-01-01,Coastal,Domestic
S001184,1992-08-16,Northern,Domestic
S001185,1962-10-01,Northern,International
S001186,1990-08-27,Central,Domestic
S001187,1985-01-10,Western,International
S001188,1965-07-22,Northern,International
S001189,1989-05-08,Northern,Domestic
S001190,1988-05-18,Coastal,Domestic
S001191,2001-10-16,Northern,International
S001192,1968-02-10,Western,International
S001193,2001-07-21,Western,International
S001194,1979-08-29,Western,Domestic
S001195,1990-01-11,Central,Domestic
S001196,1990-02-03,Northern,Domestic
S001197,1990-06-17,Northern,International
S001198,1983-02-02,Coastal,International
S001199,1993-05-19,Central,Domestic
S001200,1984-07-05,Central,International
S001201,1970-07-05,Coastal,Domestic
S001202,2002-07-24,Western,Domestic
S001203,2004-06-25,Western,Domestic
S001204,1967-01-11,Northern,Domestic
S001205,2001-09-14,Central,Domestic
S001206,2005-10-17,Western,Domestic
S001207,1977-06-12,Central,Domestic
S001208,2002-12-10,Central,Domestic
S001209,1990-05-27,Western,International
S001210,1979-01-03,Western,Domestic
S001211,1967-03-19,Northern,Domestic
S001212,1979-10-12,Coastal,Domestic
S001213,1966-10-30,Coastal,Domestic
S001214,1962-02-03,Northern,Domestic
S001215,1981-07-03,Western,Domestic
S001216,1981-09-05,Coastal,Domestic
S001217,1990-10-15,Northern,Domestic
S001218,1990-04-13,Central,Domestic
S001219,1967-11-15,Northern,Domestic
S001220,1999-06-21,Western,Domestic
S001221,1961-01-06,Northern,Domestic
S001222,1991-01-11,Northern,Domestic
S001223,1973-07-10,Northern,International
S001224,1964-01-22,Northern,Domestic
S001225,2003-11-17,Central,Domestic
S001226,1983-03-27,Central,Domestic
S001227,1967-12-13,Central,Domestic
S001228,2001-05-21,Coastal,Domestic
S001229,1961-02-07,Coastal,International
S001230,1975-11-05,Central,Domestic
S001231,1960-01-03,Coastal,Domestic
S001232,1983-05-12,Western,Domestic
S001233,1982-04-16,Northern,Domestic
S001234,1963-11-17,Western,Domestic
S001235,2002-09-17,Coastal,Domestic
S001236,1962-09-23,Western,Domestic
S001237,1962-07-03,Coastal,Domestic
S001238,2003-09-15,Western,Domestic
S001239,1984-03-20,Central,Domestic
S001240,1992-08-19,Northern,Domestic
S001241,2001-10-11,Coastal,Domestic
S001242,1994-10-16,Western,Domestic
S001243,1988-06-08,Coastal,Domestic
S001244,1998-12-07,Western,Domestic
S001245,2001-01-16,Northern,Domestic
S001246,1993-08-11,Western,Domestic
S001247,1980-07-25,Western,Domestic
S001248,1967-12-15,Coastal,Domestic
S001249,1971-08-12,Northern,International
S001250,1965-05-30,Central,International
S001251,1972-04-28,Western,Domestic
S001252,1988-07-02,Coastal,Domestic
S001253,1983-01-08,Northern,International
S001254,1962-03-13,Coastal,Domestic
S001255,1987-04-09,Coastal,Domestic
S001256,1978-10-10,Coastal,Domestic
S001257,1977-02-22,Coastal,Domestic
S001258,1972-08-07,Western,Domestic
S001259,2000-05-20,Western,International
S001260,1985-09-20,Northern,International
S001261,1979-12-07,Central,Domestic
S001262,1982-11-16,Coastal,Domestic
S001263,1975-06-01,Coastal,Domestic
S001264,1977-09-06,Northern,Domestic
S001265,1971-02-17,Coastal,Domestic
S001266,1967-04-25,Northern,International
S001267,1983-06-26,Coastal,Domestic
S001268,2005-12-11,Western,Domestic
S001269,1989-02-26,Central,International
S001270,1977-01-28,Western,International
S001271,1976-10-27,Western,Domestic
S001272,1985-12-13,Coastal,Domestic
S001273,1972-08-03,Central,International
S001274,1998-12-02,Coastal,Domestic
S001275,1983-01-23,Western,Domestic
S001276,1977-03-19,Coastal,Domestic
S001277,1988-05-20,Northern,Domestic
S001278,1968-11-08,Central,International
S001279,1971-11-22,Coastal,International
S001280,1983-12-18,Northern,International
S001281,1966-08-21,Western,Domestic
S001282,2002-09-17,Central,Domestic
S001283,1968-12-10,Western,Domestic
S001284,1960-07-09,Northern,Domestic
S001285,1999-10-10,Coastal,Domestic
S001286,1981-09-24,Northern,International
S001287,1979-10-28,Central,Domestic
S001288,1997-04-11,Coastal,Domestic
S001289,2002-08-31,Northern,Domestic
S001290,1972-03-26,Central,Domestic
S001291,1999-07-01,Central,Domestic
S001292,1960-05-27,Northern,Domestic
S001293,1994-03-18,Western,Domestic
S001294,2002-01-24,Western,Domestic
S001295,1999-12-14,Northern,Domestic
S001296,1973-09-09,Northern,International
S001297,1996-12-18,Coastal,International
S001298,1968-03-03,Northern,Domestic
S001299,1970-05-04,Western,International
S001300,1968-12-04,Northern,Domestic
S001301,1968-04-15,Western,Domestic
S001302,1972-12-05,Coastal,International
S001303,1976-03-23,Western,Domestic
S001304,1987-03-30,Coastal,International
S001305,1962-09-14,Western,International
S001306,2004-10-14,Coastal,Domestic
S001307,1984-02-17,Western,Domestic
S001308,1985-05-05,Northern,International
S001309,1963-01-12,Central,Domestic
S001310,1997-03-28,Central,Domestic
S001311,1985-09-21,Coastal,Domestic
S001312,2000-03-16,Central,Domestic
S001313,1979-03-16,Coastal,Domestic
S001314,1986-08-28,Northern,Domestic
S001315,1983-02-20,Coastal,Domestic
S001316,1986-05-09,Coastal,Domestic
S001317,2001-05-18,Coastal,Domestic
S001318,1964-08-10,Central,International
S001319,1981-12-17,Central,Domestic
S001320,1986-01-02,Western,International
S001321,1995-09-03,Western,International
S001322,2005-02-19,Coastal,International
S001323,1997-03-09,Central,Domestic
S001324,1995-08-29,Central,Domestic
S001325,2000-10-17,Central,International
S001326,1965-05-18,Northern,Domestic
S001327,1976-09-01,Northern,Domestic
S001328,2005-02-15,Northern,International
S001329,1998-01-14,Northern,International
S001330,1965-06-18,Central,Domestic
S001331,1998-07-26,Western,International
S001332,1984-09-07,Western,Domestic
S001333,1969-09-22,Western,Domestic
S001334,1970-07-22,Western,Domestic
S001335,1960-11-13,Central,Domestic
S001336,1988-06-15,Coastal,Domestic
S001337,1987-06-01,Western,Domestic
S001338,1975-09-20,Coastal,Domestic
S001339,1999-08-25,Northern,Domestic
S001340,2001-01-25,Central,Domestic
S001341,1998-10-14,Western,Domestic
S001342,1992-01-28,Northern,Domestic
S001343,1983-02-27,Coastal,International
S001344,1972-07-18,Central,Domestic
S001345,1966-06-10,Western,International
S001346,1962-07-03,Central,International
S001347,1964-01-05,Northern,Domestic
S001348,1961-08-03,Northern,International
S001349,2003-03-25,Western,Domestic
S001350,1984-08-17,Central,Domestic
S001351,1969-05-08,Western,Domestic
S001352,1982-10-19,Coastal,Domestic
S001353,2002-03-26,Western,International
S001354,1978-12-15,Coastal,Domestic
S001355,2004-03-26,Western,Domestic
S001356,1989-12-13,Central,Domestic
S001357,1973-12-08,Western,Domestic
S001358,1990-08-10,Western,Domestic
S001359,1996-03-04,Coastal,International
S001360,1961-03-14,Northern,Domestic
S001361,1966-11-08,Coastal,Domestic
S001362,1968-04-27,Western,Domestic
S001363,1968-02-09,Western,Domestic
S001364,1971-09-14,Western,International
S001365,1991-01-16,Coastal,International
S001366,1998-02-19,Northern,International
S001367,1961-12-05,Central,Domestic
S001368,1972-04-13,Coastal,Domestic
S001369,1988-02-06,Coastal,Domestic
S001370,1968-03-09,Northern,Domestic
S001371,1977-12-24,Western,International
S001372,1992-11-11,Western,Domestic
S001373,1990-08-01,Northern,Domestic
S001374,2001-07-08,Central,International
S001375,1968-06-30,Northern,Domestic
S001376,1997-06-11,Northern,Domestic
S001377,1987-04-05,Northern,Domestic
S001378,1978-11-05,Western,Domestic
S001379,1960-12-05,Western,Domestic
S001380,1983-11-26,Western,Domestic
S001381,1981-03-28,Coastal,Domestic
S001382,2006-04-13,Northern,International
S001383,1987-05-24,Northern,Domestic
S001384,1998-03-07,Central,Domestic
S001385,1961-03-13,Coastal,Domestic
S001386,2000-07-06,Western,Domestic
S001387,1982-03-31,Central,Domestic
S001388,1989-02-07,Northern,Domestic
S001389,1993-11-21,Coastal,Domestic
S001390,1996-12-24,Coastal,Domestic
S001391,2002-05-23,Coastal,Domestic
S001392,1998-01-30,Western,International
S001393,1967-10-06,Coastal,Domestic
S001394,1999-11-21,Western,Domestic
S001395,1983-02-18,Western,Domestic
S001396,1996-10-17,Western,International
S001397,1996-10-07,Central,International
S001398,1975-08-05,Central,Domestic
S001399,1967-05-02,Western,Domestic
S001400,1974-09-09,Northern,International
S001401,1975-04-29,Central,Domestic
S001402,1986-02-28,Central,International
S001403,1968-01-04,Coastal,International
S001404,2001-07-20,Northern,Domestic
S001405,2000-01-13,Central,Domestic
S001406,1990-12-01,Central,International
S001407,1964-06-27,Central,Domestic
S001408,1977-06-09,Coastal,International
S001409,1980-12-04,Central,International
S001410,1997-06-03,Central,Domestic
S001411,1969-01-22,Central,International
S001412,2004-01-08,Northern,Domestic
S001413,1982-09-12,Central,Domestic
S001414,2004-05-04,Coastal,Domestic
S001415,1995-02-20,Coastal,Domestic
S001416,1996-02-19,Coastal,Domestic
S001417,1964-05-23,Coastal,Domestic
S001418,2004-10-22,Northern,Domestic
S001419,1975-08-31,Northern,Domestic
S001420,1968-04-29,Northern,Domestic
S001421,1981-08-06,Northern,Domestic
S001422,2004-11-05,Northern,Domestic
S001423,2002-05-12,Northern,Domestic
S001424,1960-09-01,Coastal,Domestic
S001425,1960-03-09,Northern,International
S001426,1966-10-26,Western,Domestic
S001427,1995-06-16,Coastal,Domestic
S001428,1962-08-22,Western,Domestic
S001429,1990-03-22,Northern,Domestic
S001430,1976-09-10,Coastal,International
S001431,1986-03-18,Western,Domestic
S001432,1964-08-18,Central,Domestic
S001433,1976-07-24,Northern,International
S001434,1990-12-23,Northern,Domestic
S001435,1997-12-15,Western,Domestic
S001436,2001-08-16,Coastal,Domestic
S001437,1999-08-30,Northern,Domestic
S001438,1991-08-20,Central,Domestic
S001439,1979-11-05,Northern,Domestic
S001440,1995-08-04,Coastal,Domestic
S001441,1974-04-13,Central,Domestic
S001442,1983-07-22,Northern,Domestic
S001443,1981-11-25,Coastal,Domestic
S001444,1973-01-14,Coastal,International
S001445,1967-09-05,Western,Domestic
S001446,1981-07-25,Northern,Domestic
S001447,1987-10-28,Western,Domestic
S001448,1965-09-19,Coastal,Domestic
S001449,1976-01-28,Coastal,Domestic
S001450,1997-02-24,Coastal,Domestic
S001451,1970-07-17,Northern,International
S001452,1976-11-20,Northern,International
S001453,1960-11-14,Northern,International
S001454,1975-10-16,Northern,International
S001455,1979-03-03,Western,Domestic
S001456,1977-02-04,Coastal,Domestic
S001457,1960-02-04,Western,Domestic
S001458,2004-11-05,Coastal,Domestic
S001459,1998-09-30,Coastal,Domestic
S001460,1962-04-05,Coastal,International
S001461,1981-03-09,Central,Domestic
S001462,1960-11-03,Northern,Domestic
S001463,1968-04-16,Coastal,International
S001464,1960-05-18,Coastal,Domestic
S001465,1988-10-19,Northern,Domestic
S001466,1960-12-11,Central,Domestic
S001467,1961-12-08,Western,International
S001468,2002-06-15,Western,Domestic
S001469,1991-02-03,Western,International
S001470,1986-06-25,Coastal,Domestic
S001471,1984-08-29,Western,International
S001472,1962-03-24,Central,International
S001473,1985-03-15,Central,International
S001474,1987-11-30,Western,Domestic
S001475,1962-07-24,Northern,Domestic
S001476,1987-07-10,Northern,Domestic
S001477,1970-10-25,Central,Domestic
S001478,1998-06-04,Coastal,International
S001479,1984-02-09,Central,International
S001480,1961-11-09,Northern,Domestic
S001481,2000-07-21,Northern,Domestic
S001482,1977-12-19,Northern,Domestic
S001483,1988-08-24,Western,Domestic
S001484,1968-09-14,Northern,Domestic
S001485,1998-03-09,Central,International
S001486,1970-08-04,Coastal,International
S001487,1971-12-14,Central,Domestic
S001488,2006-03-18,Central,Domestic
S001489,2001-05-09,Coastal,International
S001490,1995-09-21,Central,International
S001491,1973-09-07,Central,Domestic
S001492,1979-10-31,Coastal,Domestic
S001493,1961-05-18,Central,International
S001494,1967-10-23,Coastal,Domestic
S001495,2001-04-13,Central,Domestic
S001496,1969-05-15,Coastal,Domestic
S001497,1981-04-30,Northern,Domestic
S001498,1988-03-02,Western,Domestic
S001499,2004-11-12,Central,International
S001500,1998-03-29,Central,Domestic
S001501,1995-04-08,Coastal,Domestic
S001502,1989-04-27,Coastal,International
S001503,1991-10-03,Northern,Domestic
S001504,2006-05-05,Central,Domestic
S001505,1999-01-25,Central,International
S001506,1977-09-25,Central,Domestic
S001507,2000-04-03,Western,Domestic
S001508,1983-06-17,Coastal,Domestic
S001509,1987-12-19,Northern,Domestic
S001510,1966-07-21,Coastal,International
S001511,1988-10-11,Western,International
S001512,1974-04-27,Western,Domestic
S001513,2001-09-01,Northern,Domestic
S001514,1981-11-18,Northern,International
S001515,1988-01-02,Northern,International
S001516,1987-11-06,Western,International
S001517,1965-03-22,Western,Domestic
S001518,1990-04-04,Central,Domestic
S001519,1994-11-22,Central,Domestic
S001520,1988-02-26,Western,Domestic
S001521,1987-08-14,Coastal,Domestic
S001522,1994-03-13,Western,International
S001523,1982-10-04,Western,Domestic
S001524,1986-09-15,Central,International
S001525,1961-07-20,Northern,International
S001526,1980-07-19,Western,Domestic
S001527,2005-01-14,Western,International
S001528,1964-05-29,Western,International
S001529,1995-10-17,Western,Domestic
S001530,1989-07-30,Northern,Domestic
S001531,1987-06-14,Western,International
S001532,1993-07-21,Coastal,International
S001533,1988-11-19,Coastal,Domestic
S001534,1977-06-20,Central,International
S001535,1991-08-14,Central,Domestic
S001536,1975-10-27,Coastal,Domestic
S001537,2004-11-14,Central,Domestic
S001538,1969-04-12,Western,Domestic
S001539,1981-07-17,Coastal,International
S001540,1985-05-11,Central,Domestic
S001541,1982-11-20,Northern,Domestic
S001542,1987-04-16,Northern,Domestic
S001543,1974-09-15,Central,International
S001544,1982-12-07,Central,Domestic
S001545,1967-04-22,Northern,Domestic
S001546,1986-05-12,Western,Domestic
S001547,1994-10-17,Coastal,Domestic
S001548,1992-01-14,Coastal,Domestic
S001549,2005-01-06,Central,Domestic
S001550,1995-06-25,Coastal,Domestic
S001551,2006-03-06,Coastal,Domestic
S001552,2005-07-20,Central,Domestic
S001553,1990-03-11,Coastal,Domestic
S001554,1970-07-04,Coastal,Domestic
S001555,2003-02-27,Central,Domestic
S001556,2005-05-24,Central,Domestic
S001557,1961-04-02,Central,International
S001558,1977-07-20,Western,Domestic
S001559,1978-12-16,Coastal,International
S001560,1977-03-07,Central,Domestic
S001561,1994-08-31,Northern,International
S001562,1976-11-26,Western,Domestic
S001563,1969-09-28,Central,Domestic
S001564,1962-05-16,Western,Domestic
S001565,1971-07-24,Coastal,Domestic
S001566,1985-01-06,Western,Domestic
S001567,1995-07-17,Coastal,Domestic
S001568,1963-07-08,Northern,Domestic
S001569,2005-12-17,Central,Domestic
S001570,1981-07-21,Western,Domestic
S001571,2001-01-25,Coastal,Domestic
S001572,2005-08-21,Coastal,International
S001573,1973-05-02,Coastal,Domestic
S001574,1990-03-26,Central,Domestic
S001575,1968-09-14,Western,Domestic
S001576,1974-08-18,Central,Domestic
S001577,2005-05-27,Coastal,International
S001578,1966-03-16,Central,Domestic
S001579,1969-09-22,Northern,Domestic
S001580,1996-01-03,Coastal,International
S001581,1963-02-09,Central,Domestic
S001582,1965-07-10,Western,Domestic
S001583,2005-01-30,Northern,Domestic
S001584,1972-05-20,Northern,International
S001585,1990-01-07,Northern,International
S001586,1970-03-27,Central,Domestic
S001587,1973-11-03,Western,Domestic
S001588,2000-01-16,Coastal,Domestic
S001589,1992-01-30,Coastal,Domestic
S001590,1993-09-16,Coastal,Domestic
S001591,1981-11-26,Northern,International
S001592,1986-04-11,Coastal,International
S001593,1970-03-22,Western,Domestic
S001594,1979-03-07,Central,Domestic
S001595,1993-03-11,Coastal,Domestic
S001596,1969-08-04,Central,Domestic
S001597,1965-06-13,Northern,Domestic
S001598,1982-01-15,Western,Domestic
S001599,1975-07-12,Northern,Domestic
S001600,1985-02-21,Coastal,Domestic
S001601,2000-11-29,Western,Domestic
S001602,1964-05-04,Northern,Domestic
S001603,1977-02-13,Coastal,Domestic
S001604,1960-06-17,Coastal,Domestic
S001605,1986-05-16,Western,International
S001606,1979-03-24,Central,Domestic
S001607,1994-04-02,Central,International
S001608,1993-04-28,Central,International
S001609,1965-05-07,Western,Domestic
S001610,2003-10-23,Central,Domestic
S001611,1975-09-27,Coastal,Domestic
S001612,1968-03-20,Central,Domestic
S001613,1994-07-08,Central,Domestic
S001614,1988-03-28,Western,Domestic
S001615,1964-10-29,Coastal,Domestic
S001616,1986-03-18,Western,Domestic
S001617,1981-10-20,Central,Domestic
S001618,1980-02-03,Western,Domestic
S001619,1968-07-25,Northern,International
S001620,1966-06-11,Central,Domestic
S001621,1984-10-13,Northern,International
S001622,2000-07-10,Coastal,Domestic
S001623,1990-11-19,Western,Domestic
S001624,1978-11-27,Northern,Domestic
S001625,1966-12-11,Northern,Domestic
S001626,1964-08-01,Coastal,International
S001627,2001-02-16,Central,Domestic
S001628,1992-10-23,Western,Domestic
S001629,1974-11-23,Western,International
S001630,1964-05-14,Northern,International
S001631,2001-03-13,Coastal,Domestic
S001632,1977-09-03,Western,Domestic
S001633,1968-11-08,Northern,Domestic
S001634,1965-10-26,Coastal,Domestic
S001635,2006-05-30,Western,Domestic
S001636,2004-08-01,Western,Domestic
S001637,1968-05-09,Central,International
S001638,1998-03-15,Coastal,Domestic
S001639,1989-02-12,Western,Domestic
S001640,1980-11-03,Central,Domestic
S001641,1998-02-05,Coastal,Domestic
S001642,1960-08-27,Northern,International
S001643,2001-03-29,Northern,International
S001644,1978-05-28,Western,Domestic
S001645,1982-01-03,Northern,Domestic
S001646,2006-03-26,Coastal,Domestic
S001647,1976-11-21,Northern,Domestic
S001648,1988-01-29,Central,Domestic
S001649,1993-11-21,Northern,Domestic
S001650,1985-08-01,Western,Domestic
S001651,2003-02-23,Northern,International
S001652,1988-07-03,Northern,Domestic
S001653,1979-03-11,Western,Domestic
S001654,1998-12-11,Central,Domestic
S001655,1985-06-24,Western,Domestic
S001656,1969-11-21,Northern,Domestic
S001657,1972-09-27,Coastal,International
S001658,1996-11-19,Central,Domestic
S001659,1978-10-21,Coastal,Domestic
S001660,1973-05-21,Western,Domestic
S001661,1995-09-03,Western,International
S001662,1980-12-07,Northern,Domestic
S001663,1966-11-27,Coastal,International
S001664,1981-01-14,Western,Domestic
S001665,1994-02-26,Western,Domestic
S001666,1973-10-24,Coastal,Domestic
S001667,1975-11-28,Northern,Domestic
S001668,1963-04-02,Western,Domestic
S001669,1997-12-25,Coastal,Domestic
S001670,1990-03-15,Northern,Domestic
S001671,1976-02-17,Western,International
S001672,1975-11-17,Northern,Domestic
S001673,1986-10-17,Central,International
S001674,1996-09-23,Northern,Domestic
S001675,2002-09-29,Coastal,Domestic
S001676,1972-09-02,Central,Domestic
S001677,1986-07-07,Western,Domestic
S001678,1998-08-14,Western,Domestic
S001679,1962-02-21,Central,Domestic
S001680,2004-01-23,Northern,International
S001681,1963-06-17,Coastal,Domestic
S001682,2000-03-10,Western,Domestic
S001683,1981-02-07,Central,Domestic
S001684,2003-01-21,Coastal,Domestic
S001685,1987-10-12,Northern,Domestic
S001686,1971-03-07,Western,Domestic
S001687,2003-01-15,Western,Domestic
S001688,2006-02-23,Coastal,Domestic
S001689,1965-03-15,Coastal,Domestic
S001690,1980-10-24,Western,Domestic
S001691,1964-02-25,Northern,Domestic
S001692,1960-06-02,Northern,International
S001693,1966-05-15,Coastal,Domestic
S001694,1996-03-24,Northern,Domestic
S001695,1987-12-21,Northern,Domestic
S001696,1979-10-11,Western,International
S001697,1967-07-18,Northern,Domestic
S001698,1979-09-21,Western,Domestic
S001699,1978-03-06,Western,Domestic
S001700,1968-01-31,Central,International
S001701,1977-03-08,Western,International
S001702,1993-06-25,Northern,Domestic
S001703,1999-06-10,Coastal,Domestic
S001704,2003-06-22,Northern,Domestic
S001705,1991-10-25,Western,Domestic
S001706,1974-04-21,Coastal,Domestic
S001707,1970-02-24,Western,Domestic
S001708,1961-03-10,Central,Domestic
S001709,1972-01-24,Central,International
S001710,1988-05-13,Northern,Domestic
S001711,1999-12-12,Northern,Domestic
S001712,1980-03-03,Western,Domestic
S001713,2005-07-13,Central,Domestic
S001714,1986-03-02,Western,Domestic
S001715,1985-04-14,Coastal,Domestic
S001716,1983-09-17,Western,Domestic
S001717,2000-02-07,Western,Domestic
S001718,1980-12-08,Coastal,Domestic
S001719,1970-06-27,Central,Domestic
S001720,1995-04-18,Central,Domestic
S001721,1970-06-25,Western,International
S001722,1971-06-14,Western,Domestic
S001723,1998-01-11,Coastal,International
S001724,2006-03-11,Northern,Domestic
S001725,1967-01-15,Coastal,Domestic
S001726,1972-08-11,Central,Domestic
S001727,1976-09-10,Central,International
S001728,1995-11-05,Western,Domestic
S001729,1979-02-28,Western,Domestic
S001730,1977-04-12,Coastal,Domestic
S001731,1976-08-01,Coastal,Domestic
S001732,1964-05-31,Northern,Domestic
S001733,1980-09-14,Western,Domestic
S001734,1981-06-28,Northern,International
S001735,1960-06-30,Central,Domestic
S001736,1995-02-25,Coastal,International
S001737,1999-03-06,Northern,Domestic
S001738,1977-12-11,Central,Domestic
S001739,2004-12-27,Central,Domestic
S001740,1998-03-27,Central,Domestic
S001741,1969-12-20,Central,Domestic
S001742,1967-06-12,Central,Domestic
S001743,1976-12-31,Northern,Domestic
S001744,1963-11-16,Northern,International
S001745,1975-09-06,Northern,Domestic
S001746,2006-01-12,Western,Domestic
S001747,1991-06-11,Northern,Domestic
S001748,1975-05-18,Central,International
S001749,1964-07-07,Coastal,Domestic
S001750,1999-12-16,Northern,Domestic
S001751,2005-01-19,Western,Domestic
S001752,1976-12-22,Central,International
S001753,1991-02-26,Western,Domestic
S001754,1968-02-18,Northern,Domestic
S001755,1979-08-13,Coastal,Domestic
S001756,1976-04-14,Western,Domestic
S001757,1981-06-24,Coastal,International
S001758,1965-06-13,Central,Domestic
S001759,1991-06-27,Central,Domestic
S001760,1981-11-16,Western,Domestic
S001761,1971-07-10,Central,Domestic
S001762,1963-07-14,Central,Domestic
S001763,1966-07-15,Central,Domestic
S001764,1975-12-04,Northern,International
S001765,1992-05-18,Coastal,Domestic
S001766,1970-04-18,Coastal,International
S001767,1987-08-11,Central,Domestic
S001768,2000-09-28,Coastal,Domestic
S001769,1990-05-02,Western,Domestic
S001770,1998-01-16,Coastal,Domestic
S001771,1975-05-26,Western,International
S001772,1967-08-16,Western,International
S001773,1974-07-27,Western,International
S001774,1967-06-09,Western,International
S001775,1966-12-17,Northern,Domestic
S001776,1982-08-21,Northern,Domestic
S001777,1980-02-20,Northern,Domestic
S001778,1965-07-30,Northern,Domestic
S001779,1979-11-27,Coastal,Domestic
S001780,1971-01-07,Coastal,Domestic
S001781,1975-05-18,Western,International
S001782,1964-09-03,Central,Domestic
S001783,1965-04-22,Western,International
S001784,2003-09-24,Coastal,Domestic
S001785,1972-05-08,Western,Domestic
S001786,1995-03-02,Western,International
S001787,1993-06-30,Central,International
S001788,1975-05-27,Western,Domestic
S001789,1975-03-07,Coastal,Domestic
S001790,1965-06-14,Central,Domestic
S001791,1980-12-05,Central,Domestic
S001792,2005-09-24,Northern,Domestic
S001793,1983-05-04,Central,Domestic
S001794,2001-11-13,Western,Domestic
S001795,1974-08-10,Coastal,Domestic
S001796,2000-03-23,Western,Domestic
S001797,2002-10-18,Western,International
S001798,1964-11-29,Northern,Domestic
S001799,1961-10-19,Coastal,International
S001800,2001-01-02,Northern,Domestic
S001801,1961-10-06,Western,Domestic
S001802,1992-09-05,Western,Domestic
S001803,1963-02-28,Central,Domestic
S001804,1973-04-06,Northern,Domestic
S001805,1988-01-17,Coastal,International
S001806,2002-11-21,Northern,Domestic
S001807,1988-05-30,Northern,International
S001808,1982-04-15,Northern,International
S001809,1973-03-10,Central,International
S001810,1987-12-30,Northern,Domestic
S001811,1975-09-14,Central,Domestic
S001812,1962-09-10,Northern,International
S001813,1963-01-23,Coastal,International
S001814,1977-06-19,Northern,International
S001815,1985-06-04,Northern,International
S001816,1999-06-16,Northern,Domestic
S001817,1988-07-28,Western,Domestic
S001818,1980-02-13,Central,International
S001819,1998-10-11,Coastal,Domestic
S001820,1965-10-09,Western,International
S001821,1970-04-27,Western,Domestic
S001822,1981-08-28,Coastal,Domestic
S001823,1960-05-07,Northern,Domestic
S001824,1968-10-24,Western,Domestic
S001825,1963-11-21,Western,International
S001826,1993-07-23,Central,International
S001827,2003-02-08,Central,Domestic
S001828,1971-04-12,Northern,Domestic
S001829,1972-08-04,Northern,Domestic
S001830,1960-04-26,Northern,Domestic
S001831,1969-09-15,Central,Domestic
S001832,2000-12-24,Coastal,Domestic
S001833,1981-05-12,Coastal,International
S001834,1997-09-25,Western,Domestic
S001835,2002-11-22,Western,Domestic
S001836,1996-10-13,Central,Domestic
S001837,1995-10-07,Coastal,Domestic
S001838,1962-11-21,Central,Domestic
S001839,1999-10-17,Western,Domestic
S001840,2005-03-08,Central,International
S001841,2001-01-15,Western,International
S001842,1976-10-25,Central,International
S001843,1976-05-28,Coastal,Domestic
S001844,1981-07-18,Central,Domestic
S001845,2003-09-04,Coastal,Domestic
S001846,1960-10-14,Coastal,Domestic
S001847,1977-08-13,Western,International
S001848,1975-07-27,Coastal,International
S001849,1976-05-15,Western,International
S001850,1961-04-09,Western,International
S001851,1991-11-07,Central,Domestic
S001852,1960-08-16,Central,Domestic
S001853,1985-11-19,Coastal,International
S001854,1973-02-23,Western,Domestic
S001855,1973-10-22,Western,Domestic
S001856,1975-02-14,Coastal,Domestic
S001857,1987-04-24,Central,Domestic
S001858,1983-09-07,Western,International
S001859,1994-05-12,Central,Domestic
S001860,1970-09-10,Northern,Domestic
S001861,1987-02-07,Northern,Domestic
S001862,2000-09-02,Northern,Domestic
S001863,2003-08-05,Western,Domestic
S001864,2004-10-13,Northern,Domestic
S001865,1986-03-20,Central,Domestic
S001866,1969-06-30,Central,Domestic
S001867,1991-11-15,Western,Domestic
S001868,1973-03-23,Central,Domestic
S001869,1960-04-10,Northern,Domestic
S001870,1988-08-22,Central,International
S001871,1992-10-07,Northern,International
S001872,1994-09-24,Western,Domestic
S001873,1965-07-14,Northern,Domestic
S001874,1996-09-30,Central,Domestic
S001875,1960-06-19,Western,International
S001876,1975-05-16,Northern,Domestic
S001877,1961-09-15,Coastal,Domestic
S001878,1974-09-08,Western,International
S001879,1969-01-05,Coastal,Domestic
S001880,1999-09-24,Central,International
S001881,1966-07-15,Western,Domestic
S001882,2004-05-01,Northern,Domestic
S001883,1972-08-25,Central,Domestic
S001884,1981-09-29,Central,Domestic
S001885,2004-04-01,Western,International
S001886,2000-07-17,Northern,Domestic
S001887,1995-09-22,Central,Domestic
S001888,1978-12-04,Central,Domestic
S001889,1990-05-30,Northern,Domestic
S001890,1977-06-03,Central,Domestic
S001891,1984-02-19,Coastal,Domestic
S001892,1981-07-14,Western,Domestic
S001893,1973-10-02,Western,Domestic
S001894,1990-07-20,Coastal,International
S001895,1996-01-23,Coastal,Domestic
S001896,1995-09-02,Central,Domestic
S001897,2004-04-28,Coastal,Domestic
S001898,1965-09-19,Western,International
S001899,1991-01-30,Coastal,Domestic
S001900,1962-05-14,Central,Domestic
S001901,2005-08-20,Northern,Domestic
S001902,1992-10-25,Western,International
S001903,1999-09-29,Coastal,International
S001904,1984-09-19,Western,International
S001905,1999-08-17,Western,International
S001906,1976-05-18,Coastal,Domestic
S001907,1971-11-19,Western,International
S001908,1968-11-15,Western,Domestic
S001909,1970-05-28,Central,Domestic
S001910,1998-01-14,Northern,Domestic
S001911,1987-01-18,Western,Domestic
S001912,1981-07-21,Western,International
S001913,1992-03-16,Northern,Domestic
S001914,1994-07-19,Central,Domestic
S001915,1986-07-05,Coastal,Domestic
S001916,1961-04-27,Western,International
S001917,1992-08-31,Coastal,Domestic
S001918,1972-09-12,Western,International
S001919,1965-11-28,Northern,International
S001920,1963-02-08,Central,Domestic
S001921,1963-12-16,Western,International
S001922,1986-02-13,Western,Domestic
S001923,1987-03-23,Coastal,Domestic
S001924,1982-10-14,Western,Domestic
S001925,1983-08-12,Western,Domestic
S001926,1976-02-17,Western,Domestic
S001927,1980-02-10,Northern,Domestic
S001928,1986-07-04,Coastal,Domestic
S001929,1985-07-13,Western,Domestic
S001930,1982-04-12,Western,Domestic
S001931,1997-10-17,Coastal,Domestic
S001932,1980-04-25,Northern,Domestic
S001933,1991-05-03,Western,Domestic
S001934,1981-12-25,Northern,Domestic
S001935,2005-03-29,Northern,Domestic
S001936,1992-08-27,Northern,Domestic
S001937,2004-03-22,Central,Domestic
S001938,1972-04-08,Coastal,Domestic
S001939,1987-08-23,Central,International
S001940,1973-03-05,Central,Domestic
S001941,1965-08-14,Northern,Domestic
S001942,1992-05-05,Coastal,Domestic
S001943,2001-07-08,Coastal,International
S001944,1996-08-29,Coastal,Domestic
S001945,1998-08-07,Western,Domestic
S001946,1973-07-30,Central,International
S001947,1961-11-12,Central,Domestic
S001948,2003-11-07,Western,International
S001949,1978-06-21,Western,Domestic
S001950,1986-03-21,Central,International
S001951,1988-03-29,Coastal,Domestic
S001952,1997-02-04,Western,Domestic
S001953,1970-05-30,Central,International
S001954,2000-08-26,Central,Domestic
S001955,1993-07-20,Central,Domestic
S001956,1993-08-09,Northern,Domestic
S001957,1963-03-23,Central,Domestic
S001958,1997-02-07,Northern,International
S001959,2001-05-20,Northern,Domestic
S001960,1997-11-18,Central,Domestic
S001961,1998-06-14,Central,Domestic
S001962,1966-01-02,Western,International
S001963,1978-01-25,Western,Domestic
S001964,1976-12-18,Northern,Domestic
S001965,1997-04-12,Central,Domestic
S001966,1998-06-28,Coastal,Domestic
S001967,1986-03-25,Western,Domestic
S001968,1991-09-21,Western,Domestic
S001969,1965-11-14,Coastal,Domestic
S001970,1995-05-09,Central,Domestic
S001971,1988-11-24,Coastal,Domestic
S001972,1985-03-29,Northern,Domestic
S001973,1962-08-12,Coastal,International
S001974,1982-08-23,Central,Domestic
S001975,1978-11-22,Western,International
S001976,1992-02-18,Western,Domestic
S001977,1990-11-07,Western,Domestic
S001978,1972-03-03,Central,Domestic
S001979,1961-10-21,Coastal,International
S001980,1987-07-06,Northern,Domestic
S001981,2006-01-08,Central,Domestic
S001982,1965-02-28,Northern,Domestic
S001983,1973-02-21,Western,International
S001984,2004-08-11,Central,International
S001985,1975-11-28,Western,Domestic
S001986,1989-07-26,Central,International
S001987,1993-06-13,Western,International
S001988,1970-10-26,Western,Domestic
S001989,1961-12-19,Western,International
S001990,1973-12-20,Coastal,International
S001991,1986-09-18,Northern,Domestic
S001992,1975-01-15,Central,Domestic
S001993,1962-09-27,Western,Domestic
S001994,1979-11-06,Central,Domestic
S001995,2000-09-01,Coastal,Domestic
S001996,1968-06-03,Coastal,International
S001997,1998-08-30,Coastal,Domestic
S001998,1991-10-29,Coastal,Domestic
S001999,1972-10-20,Western,Domestic
S002000,1988-04-17,Northern,International
S002001,1963-08-05,Central,Domestic
S002002,1983-04-16,Coastal,International
S002003,1960-02-24,Northern,Domestic
S002004,1984-11-22,Northern,Domestic
S002005,1992-06-21,Western,Domestic
S002006,1969-07-18,Northern,Domestic
S002007,1972-09-23,Coastal,Domestic
S002008,1981-12-28,Northern,International
S002009,1996-02-04,Western,Domestic
S002010,1978-03-17,Northern,Domestic
S002011,1974-08-31,Coastal,Domestic
S002012,1960-06-14,Coastal,Domestic
S002013,2006-04-13,Coastal,International
S002014,1962-05-09,Western,Domestic
S002015,1964-07-04,Central,Domestic
S002016,1989-10-29,Western,Domestic
S002017,1971-07-26,Central,International
S002018,2000-08-11,Western,International
S002019,1963-12-15,Coastal,Domestic
S002020,1978-10-11,Northern,Domestic
S002021,2004-02-11,Central,Domestic
S002022,1960-07-14,Western,Domestic
S002023,1970-09-12,Central,Domestic
S002024,2005-10-22,Western,Domestic
S002025,2003-02-08,Central,International
S002026,1972-06-19,Western,Domestic
S002027,1995-05-18,Central,Domestic
S002028,1965-08-15,Central,Domestic
S002029,1999-04-08,Central,International
S002030,1975-09-20,Central,Domestic
S002031,2005-03-01,Central,Domestic
S002032,1982-05-17,Western,Domestic
S002033,1978-03-13,Northern,Domestic
S002034,1996-05-02,Western,International
S002035,1998-03-14,Northern,Domestic
S002036,1997-10-16,Central,Domestic
S002037,1993-04-11,Central,Domestic
S002038,1999-04-27,Northern,Domestic
S002039,2004-02-16,Western,Domestic
S002040,1969-12-26,Central,International
S002041,1985-03-15,Coastal,Domestic
S002042,1977-06-21,Northern,Domestic
S002043,1982-06-13,Northern,Domestic
S002044,1981-05-02,Western,International
S002045,1986-07-15,Central,International
S002046,1994-07-23,Northern,Domestic
S002047,1972-11-06,Northern,Domestic
S002048,1989-12-27,Central,Domestic
S002049,1999-08-14,Northern,Domestic
S002050,1983-02-18,Western,Domestic
S002051,1962-10-13,Coastal,Domestic
S002052,1963-01-22,Western,Domestic
S002053,1980-10-03,Western,Domestic
S002054,1994-07-16,Western,Domestic
S002055,1989-08-18,Central,International
S002056,1967-01-12,Central,Domestic
S002057,1966-11-23,Central,Domestic
S002058,1985-08-10,Northern,Domestic
S002059,2001-08-16,Western,Domestic
S002060,1969-02-18,Coastal,International
S002061,1969-07-01,Coastal,International
S002062,1969-06-06,Coastal,International
S002063,1966-12-31,Coastal,Domestic
S002064,1975-11-20,Coastal,Domestic
S002065,1969-10-19,Northern,Domestic
S002066,1960-12-06,Central,Domestic
S002067,1966-03-06,Central,Domestic
S002068,2001-05-18,Northern,International
S002069,1985-03-05,Coastal,International
S002070,1969-01-21,Central,Domestic
S002071,1960-01-24,Coastal,Domestic
S002072,1986-03-01,Coastal,Domestic
S002073,1982-06-18,Central,International
S002074,1986-05-19,Coastal,Domestic
S002075,1980-02-13,Northern,International
S002076,1996-03-29,Northern,Domestic
S002077,1973-07-23,Central,Domestic
S002078,2001-08-30,Western,Domestic
S002079,1986-04-22,Western,Domestic
S002080,2004-09-09,Coastal,Domestic
S002081,1998-03-12,Western,Domestic
S002082,1993-04-16,Central,Domestic
S002083,2005-12-13,Western,Domestic
S002084,1971-07-27,Northern,International
S002085,1982-03-04,Western,Domestic
S002086,1989-10-31,Coastal,International
S002087,1964-03-03,Northern,Domestic
S002088,1970-11-13,Northern,International
S002089,1979-04-18,Northern,Domestic
S002090,1960-07-06,Central,International
S002091,1969-04-13,Western,International
S002092,1965-05-23,Central,International
S002093,2000-10-05,Coastal,Domestic
S002094,1990-03-15,Central,International
S002095,1969-02-09,Western,Domestic
S002096,1989-03-28,Western,Domestic
S002097,1991-10-03,Coastal,International
S002098,1966-01-23,Western,Domestic
S002099,1987-02-18,Northern,International
S002100,1985-11-15,Western,Domestic
S002101,1999-01-11,Central,International
S002102,1982-11-29,Coastal,International
S002103,1981-08-05,Coastal,Domestic
S002104,1980-06-23,Northern,Domestic
S002105,1966-05-31,Western,International
S002106,1967-09-18,Coastal,International
S002107,1973-01-18,Western,Domestic
S002108,1988-08-09,Central,Domestic
S002109,1991-01-31,Western,Domestic
S002110,1962-04-26,Western,Domestic
S002111,1966-12-24,Coastal,Domestic
S002112,1998-09-02,Central,International
S002113,1965-07-06,Central,Domestic
S002114,1974-07-16,Western,Domestic
S002115,1995-04-06,Central,Domestic
S002116,2004-11-19,Northern,Domestic
S002117,1996-09-08,Central,Domestic
S002118,1980-07-17,Western,Domestic
S002119,1984-11-20,Central,International
S002120,1966-04-02,Northern,Domestic
S002121,1996-01-19,Western,Domestic
S002122,1983-07-03,Coastal,Domestic
S002123,1977-07-08,Western,Domestic
S002124,1972-07-04,Coastal,Domestic
S002125,1999-11-12,Northern,Domestic
S002126,1998-04-26,Central,Domestic
S002127,1985-10-22,Central,Domestic
S002128,1986-12-05,Northern,Domestic
S002129,1960-01-07,Coastal,International
S002130,2001-02-28,Northern,Domestic
S002131,2001-08-11,Western,International
S002132,1961-05-06,Western,Domestic
S002133,1965-07-25,Coastal,Domestic
S002134,1981-09-27,Central,International
S002135,2005-04-28,Western,Domestic
S002136,1995-07-27,Central,International
S002137,1988-04-04,Western,Domestic
S002138,1965-02-24,Western,Domestic
S002139,1994-12-25,Central,International
S002140,1992-06-18,Northern,Domestic
S002141,2005-04-26,Western,Domestic
S002142,1984-02-02,Central,Domestic
S002143,2004-01-13,Coastal,Domestic
S002144,1998-01-18,Central,Domestic
S002145,1996-02-23,Central,Domestic
S002146,1976-06-06,Western,Domestic
S002147,1990-02-11,Coastal,Domestic
S002148,1987-01-07,Western,Domestic
S002149,1965-03-16,Central,Domestic
S002150,1963-04-17,Central,International
S002151,1983-02-12,Central,International
S002152,1960-12-10,Western,Domestic
S002153,1978-10-13,Central,International
S002154,2003-09-13,Western,Domestic
S002155,1968-08-08,Coastal,Domestic
S002156,1963-07-02,Coastal,Domestic
S002157,1997-11-25,Northern,International
S002158,1968-08-17,Western,Domestic
S002159,1987-12-17,Coastal,Domestic
S002160,1992-03-09,Northern,Domestic
S002161,1986-07-02,Western,Domestic
S002162,1999-12-28,Western,International
S002163,1962-05-08,Coastal,Domestic
S002164,1965-07-28,Central,Domestic
S002165,1994-06-26,Northern,International
S002166,1974-01-03,Coastal,Domestic
S002167,1971-03-31,Western,Domestic
S002168,2005-04-24,Central,Domestic
S002169,1963-09-06,Coastal,Domestic
S002170,1991-05-05,Western,International
S002171,1990-10-24,Coastal,Domestic
S002172,1970-08-22,Northern,Domestic
S002173,1967-12-07,Northern,Domestic
S002174,1960-09-26,Western,Domestic
S002175,2005-02-19,Coastal,Domestic
S002176,2003-02-25,Coastal,Domestic
S002177,2000-09-24,Northern,Domestic
S002178,2005-10-13,Northern,International
S002179,1964-08-31,Northern,Domestic
S002180,1979-07-15,Central,International
S002181,1978-08-24,Northern,International
S002182,1970-01-09,Western,Domestic
S002183,1999-01-30,Coastal,Domestic
S002184,2001-09-22,Northern,Domestic
S002185,1973-10-28,Coastal,Domestic
S002186,1962-12-23,Coastal,Domestic
S002187,1969-08-28,Western,Domestic
S002188,1977-09-08,Coastal,International
S002189,1988-05-21,Coastal,Domestic
S002190,1961-01-24,Central,Domestic
S002191,1985-04-15,Coastal,Domestic
S002192,1964-07-19,Western,Domestic
S002193,1997-04-19,Western,Domestic
S002194,1987-06-07,Coastal,International
S002195,1998-08-06,Central,Domestic
S002196,1966-04-19,Western,Domestic
S002197,1960-05-31,Northern,Domestic
S002198,1963-02-15,Northern,International
S002199,1996-08-25,Northern,Domestic
S002200,1994-04-06,Northern,International
S002201,1969-10-21,Northern,Domestic
S002202,2003-09-29,Central,Domestic
S002203,1999-05-10,Western,International
S002204,1990-01-09,Northern,Domestic
S002205,1971-04-16,Coastal,Domestic
S002206,1964-06-16,Coastal,Domestic
S002207,1989-11-18,Central,Domestic
S002208,1992-01-09,Western,Domestic
S002209,1982-03-03,Northern,Domestic
S002210,1960-11-08,Central,Domestic
S002211,1994-06-21,Northern,International
S002212,1996-06-27,Coastal,Domestic
S002213,1974-03-10,Coastal,Domestic
S002214,1969-08-26,Central,Domestic
S002215,1985-08-31,Coastal,Domestic
S002216,1982-05-04,Central,Domestic
S002217,1970-11-12,Central,Domestic
S002218,1987-10-23,Central,Domestic
S002219,2004-01-15,Coastal,Domestic
S002220,1970-12-22,Northern,Domestic
S002221,1975-03-06,Coastal,Domestic
S002222,1969-07-07,Western,Domestic
S002223,1977-08-08,Central,Domestic
S002224,1986-04-26,Western,Domestic
S002225,1980-09-29,Central,Domestic
S002226,1975-05-08,Central,Domestic
S002227,1997-05-18,Northern,Domestic
S002228,1970-12-11,Coastal,Domestic
S002229,1970-05-16,Northern,Domestic
S002230,2001-11-02,Central,Domestic
S002231,1962-03-07,Coastal,Domestic
S002232,1979-04-20,Northern,International
S002233,1980-10-04,Northern,Domestic
S002234,2006-01-12,Western,International
S002235,1977-12-16,Northern,Domestic
S002236,1995-08-11,Western,Domestic
S002237,2005-04-07,Coastal,Domestic
S002238,1964-11-19,Central,Domestic
S002239,1985-05-24,Western,International
S002240,1963-06-05,Western,International
S002241,1999-01-10,Northern,Domestic
S002242,1988-02-17,Coastal,International
S002243,1994-01-04,Central,Domestic
S002244,1980-10-16,Central,Domestic
S002245,1978-02-21,Coastal,Domestic
S002246,1994-03-01,Coastal,International
S002247,1964-12-09,Coastal,International
S002248,1993-03-28,Coastal,International
S002249,1970-01-11,Central,Domestic
S002250,1966-06-24,Central,Domestic
S002251,1976-07-13,Coastal,Domestic
S002252,1981-05-10,Northern,Domestic
S002253,1991-12-20,Coastal,International
S002254,1973-04-04,Western,Domestic
S002255,1978-04-04,Northern,Domestic
S002256,1990-08-24,Coastal,Domestic
S002257,1964-09-14,Central,International
S002258,1975-01-01,Central,International
S002259,1976-04-24,Northern,Domestic
S002260,1960-03-01,Western,Domestic
S002261,1966-07-10,Western,Domestic
S002262,1966-12-29,Coastal,Domestic
S002263,1994-10-05,Northern,Domestic
S002264,1987-10-24,Coastal,Domestic
S002265,1976-12-06,Western,Domestic
S002266,1967-08-23,Western,Domestic
S002267,1988-03-10,Western,Domestic
S002268,1961-06-20,Coastal,International
S002269,1964-02-05,Western,International
S002270,2004-07-22,Northern,International
S002271,1973-02-12,Central,Domestic
S002272,2000-01-27,Western,Domestic
S002273,1983-05-28,Western,Domestic
S002274,1974-04-25,Coastal,Domestic
S002275,1965-03-09,Coastal,Domestic
S002276,1985-03-21,Western,Domestic
S002277,1964-11-28,Western,Domestic
S002278,1984-05-31,Coastal,Domestic
S002279,1967-05-19,Coastal,Domestic
S002280,1983-07-26,Coastal,International
S002281,2003-04-15,Coastal,Domestic
S002282,1995-02-01,Northern,Domestic
S002283,2005-08-26,Central,International
S002284,1990-07-20,Coastal,Domestic
S002285,1968-06-12,Coastal,Domestic
S002286,1968-07-21,Northern,Domestic
S002287,1993-04-29,Western,International
S002288,1977-11-04,Coastal,International
S002289,1981-08-01,Western,Domestic
S002290,1978-02-09,Coastal,Domestic
S002291,1990-01-09,Central,International
S002292,1993-10-30,Coastal,Domestic
S002293,1976-12-30,Central,Domestic
S002294,1995-09-01,Coastal,International
S002295,1987-03-13,Western,International
S002296,1985-06-13,Northern,Domestic
S002297,2005-08-18,Western,Domestic
S002298,1997-06-20,Coastal,International
S002299,1991-11-08,Northern,Domestic
S002300,1996-08-27,Northern,Domestic
S002301,1997-07-10,Central,International
S002302,1996-11-10,Central,Domestic
S002303,2001-06-02,Northern,International
S002304,1993-04-27,Central,Domestic
S002305,1967-02-17,Central,International
S002306,2001-09-01,Western,Domestic
S002307,1993-07-13,Coastal,Domestic
S002308,2002-05-08,Coastal,Domestic
S002309,1979-11-20,Western,Domestic
S002310,1972-03-03,Western,Domestic
S002311,2000-09-29,Northern,Domestic
S002312,1966-01-01,Northern,Domestic
S002313,1960-01-25,Western,Domestic
S002314,2004-12-19,Northern,Domestic
S002315,1968-08-23,Western,Domestic
S002316,1996-07-07,Coastal,Domestic
S002317,1964-04-10,Coastal,International
S002318,1973-02-10,Northern,Domestic
S002319,1966-07-27,Central,International
S002320,1975-08-28,Western,Domestic
S002321,1979-01-12,Northern,Domestic
S002322,1969-06-04,Western,Domestic
S002323,1980-11-26,Central,Domestic
S002324,2006-04-22,Northern,Domestic
S002325,2006-04-17,Coastal,Domestic
S002326,2001-06-25,Coastal,Domestic
S002327,1962-08-16,Western,Domestic
S002328,1973-01-19,Coastal,Domestic
S002329,1988-03-09,Central,Domestic
S002330,1983-08-15,Northern,Domestic
S002331,1965-12-03,Northern,Domestic
S002332,1971-10-27,Coastal,Domestic
S002333,1989-02-25,Western,International
S002334,1979-08-17,Coastal,Domestic
S002335,1973-01-11,Central,International
S002336,2002-03-09,Coastal,Domestic
S002337,2005-12-06,Northern,Domestic
S002338,2006-06-15,Western,Domestic
S002339,1966-09-22,Central,Domestic
S002340,1985-03-25,Central,Domestic
S002341,1964-02-15,Western,International
S002342,1988-11-04,Coastal,International
S002343,1965-10-17,Western,Domestic
S002344,1960-12-03,Northern,Domestic
S002345,1976-12-11,Coastal,Domestic
S002346,1980-07-13,Northern,Domestic
S002347,1960-06-17,Central,Domestic
S002348,1961-06-24,Coastal,Domestic
S002349,1973-01-30,Northern,Domestic
S002350,1978-06-28,Central,Domestic
S002351,1999-09-30,Coastal,Domestic
S002352,1991-03-29,Coastal,Domestic
S002353,1973-12-24,Northern,Domestic
S002354,1975-05-04,Northern,Domestic
S002355,1986-09-19,Northern,Domestic
S002356,1995-02-25,Central,Domestic
S002357,1987-03-10,Central,Domestic
S002358,1981-08-21,Northern,Domestic
S002359,1972-03-11,Northern,International
S002360,1982-10-26,Northern,Domestic
S002361,1987-06-04,Northern,Domestic
S002362,1963-02-01,Coastal,Domestic
S002363,1973-04-12,Northern,International
S002364,1975-12-07,Western,Domestic
S002365,1967-12-11,Northern,International
S002366,1972-01-25,Northern,Domestic
S002367,1992-01-29,Coastal,Domestic
S002368,1999-04-12,Coastal,Domestic
S002369,1980-11-02,Northern,Domestic
S002370,1965-07-03,Northern,Domestic
S002371,1984-11-06,Coastal,International
S002372,1978-01-22,Coastal,Domestic
S002373,1993-03-25,Western,International
S002374,2003-05-01,Western,Domestic
S002375,1960-05-27,Western,Domestic
S002376,1999-08-15,Northern,Domestic
S002377,2004-04-01,Central,Domestic
S002378,1998-03-21,Central,Domestic
S002379,2000-01-21,Northern,Domestic
S002380,2002-10-11,Western,Domestic
S002381,1994-05-15,Northern,International
S002382,1999-11-05,Central,Domestic
S002383,1978-09-16,Central,Domestic
S002384,1966-10-06,Central,Domestic
S002385,1970-05-15,Northern,International
S002386,1994-10-02,Northern,Domestic
S002387,2005-07-18,Northern,International
S002388,1996-01-15,Western,International
S002389,1971-02-27,Western,Domestic
S002390,1965-08-19,Western,International
S002391,1968-03-22,Western,Domestic
S002392,1977-08-01,Central,International
S002393,1970-01-07,Central,International
S002394,1984-04-26,Western,International
S002395,1964-08-10,Coastal,Domestic
S002396,1971-11-17,Central,Domestic
S002397,1977-08-15,Northern,International
S002398,1977-08-19,Central,International
S002399,1960-12-11,Central,Domestic
S002400,1987-03-15,Central,Domestic
S002401,1976-07-14,Central,Domestic
S002402,1982-04-23,Northern,International
S002403,1967-06-04,Western,Domestic
S002404,1961-05-23,Northern,International
S002405,1999-12-24,Coastal,Domestic
S002406,2003-04-24,Coastal,Domestic
S002407,1999-10-07,Western,Domestic
S002408,1991-05-01,Coastal,Domestic
S002409,2005-02-04,Western,Domestic
S002410,2000-08-24,Central,International
S002411,1977-11-22,Western,Domestic
S002412,1996-10-22,Central,Domestic
S002413,2003-10-25,Northern,Domestic
S002414,2002-07-22,Western,Domestic
S002415,1971-07-21,Northern,Domestic
S002416,1986-07-24,Western,Domestic
S002417,1996-10-16,Coastal,Domestic
S002418,2003-04-13,Central,International
S002419,2000-10-24,Western,International
S002420,1981-08-05,Northern,Domestic
S002421,1988-02-02,Northern,Domestic
S002422,1963-12-03,Northern,Domestic
S002423,1964-03-01,Central,International
S002424,1973-07-31,Western,International
S002425,1961-11-09,Western,International
S002426,1990-02-15,Coastal,International
S002427,1998-12-13,Coastal,Domestic
S002428,2005-07-30,Coastal,Domestic
S002429,1999-06-30,Central,Domestic
S002430,1969-02-04,Northern,International
S002431,1963-11-08,Northern,Domestic
S002432,1997-01-30,Central,Domestic
S002433,1977-07-21,Central,International
S002434,1966-11-17,Central,Domestic
S002435,1976-05-04,Coastal,International
S002436,1987-09-05,Western,International
S002437,2002-05-03,Northern,Domestic
S002438,1971-02-13,Coastal,International
S002439,1975-10-14,Coastal,International
S002440,1987-10-25,Western,International
S002441,1996-02-16,Central,International
S002442,1968-04-04,Western,Domestic
S002443,1987-01-29,Western,Domestic
S002444,1963-09-11,Western,Domestic
S002445,1976-11-13,Coastal,Domestic
S002446,1993-04-29,Northern,International
S002447,1985-06-01,Coastal,Domestic
S002448,1999-11-23,Western,Domestic
S002449,1989-09-22,Central,Domestic
S002450,1992-07-22,Coastal,Domestic
S002451,1975-10-06,Coastal,International
S002452,1979-06-02,Northern,Domestic
S002453,1988-04-01,Coastal,Domestic
S002454,1980-09-02,Northern,International
S002455,1997-01-16,Central,Domestic
S002456,2002-09-14,Coastal,International
S002457,1986-02-19,Coastal,International
S002458,1972-01-09,Northern,International
S002459,1982-02-08,Western,Domestic
S002460,2002-11-17,Northern,Domestic
S002461,1979-10-04,Coastal,Domestic
S002462,1969-12-28,Central,Domestic
S002463,1994-07-07,Central,Domestic
S002464,1998-03-01,Coastal,Domestic
S002465,1989-12-06,Coastal,International
S002466,1974-05-29,Central,Domestic
S002467,2000-06-01,Northern,International
S002468,2003-02-06,Coastal,Domestic
S002469,1967-09-04,Central,Domestic
S002470,1996-09-29,Western,Domestic
S002471,2005-01-31,Northern,Domestic
S002472,2004-06-09,Western,International
S002473,1976-06-11,Coastal,International
S002474,2001-06-07,Coastal,International
S002475,1988-05-28,Western,Domestic
S002476,1993-11-21,Western,Domestic
S002477,2002-06-28,Coastal,Domestic
S002478,1976-09-12,Central,Domestic
S002479,1976-02-21,Western,International
S002480,1992-01-04,Central,Domestic
S002481,1963-02-28,Coastal,Domestic
S002482,1983-09-02,Central,Domestic
S002483,1972-09-26,Western,Domestic
S002484,1967-02-05,Western,Domestic
S002485,1964-04-08,Northern,Domestic
S002486,1981-10-12,Western,Domestic
S002487,1994-07-03,Coastal,International
S002488,1984-07-06,Central,International
S002489,1978-07-07,Northern,Domestic
S002490,1960-10-01,Northern,Domestic
S002491,1972-10-10,Central,Domestic
S002492,1986-02-26,Northern,International
S002493,1973-02-24,Western,Domestic
S002494,1970-12-14,Coastal,Domestic
S002495,1973-06-17,Central,Domestic
S002496,1979-02-26,Central,International
S002497,1987-08-16,Northern,Domestic
S002498,1986-12-30,Central,Domestic
S002499,1962-08-28,Coastal,Domestic
S002500,1996-03-01,Coastal,Domestic
S002501,1988-05-25,Coastal,Domestic
S002502,1984-11-21,Central,Domestic
S002503,1973-01-03,Northern,Domestic
S002504,1979-03-23,Coastal,Domestic
S002505,1981-11-14,Coastal,International
S002506,1984-06-05,Northern,Domestic
S002507,1972-12-17,Coastal,International
S002508,1964-01-02,Central,Domestic
S002509,2001-11-14,Coastal,Domestic
S002510,1962-08-15,Central,Domestic
S002511,1988-08-25,Northern,Domestic
S002512,2005-09-07,Central,International
S002513,1961-10-21,Northern,Domestic
S002514,1966-01-23,Central,International
S002515,1988-06-25,Western,Domestic
S002516,1985-03-27,Western,Domestic
S002517,1979-06-08,Central,Domestic
S002518,1987-09-13,Central,International
S002519,1996-07-18,Western,Domestic
S002520,1982-07-28,Western,Domestic
S002521,1984-07-23,Western,Domestic
S002522,1960-07-22,Northern,Domestic
S002523,1987-06-08,Western,Domestic
S002524,2003-01-04,Western,Domestic
S002525,1982-04-13,Western,Domestic
S002526,1965-11-04,Coastal,Domestic
S002527,2003-05-07,Western,International
S002528,2003-09-24,Western,Domestic
S002529,1969-09-07,Western,Domestic
S002530,1974-01-22,Central,Domestic
S002531,1983-10-04,Central,Domestic
S002532,1972-08-06,Central,International
S002533,1961-05-29,Western,Domestic
S002534,1985-04-29,Central,Domestic
S002535,1976-08-09,Central,Domestic
S002536,1999-12-06,Western,Domestic
S002537,1963-06-22,Northern,Domestic
S002538,1985-04-03,Central,Domestic
S002539,2006-03-14,Northern,Domestic
S002540,2001-01-10,Western,Domestic
S002541,1972-11-24,Central,International
S002542,1976-02-01,Coastal,Domestic
S002543,1999-02-12,Central,Domestic
S002544,1974-03-01,Coastal,Domestic
S002545,2004-09-12,Northern,International
S002546,1967-01-09,Northern,International
S002547,1980-06-13,Western,Domestic
S002548,1966-10-07,Western,Domestic
S002549,1990-11-08,Central,Domestic
S002550,1989-08-04,Northern,Domestic
S002551,1968-04-12,Northern,Domestic
S002552,1967-05-29,Western,Domestic
S002553,1996-11-25,Northern,International
S002554,1962-03-17,Western,Domestic
S002555,1966-05-09,Western,Domestic
S002556,1999-03-18,Western,Domestic
S002557,1981-09-04,Northern,Domestic
S002558,1961-09-20,Western,International
S002559,2000-03-08,Coastal,Domestic
S002560,1982-02-05,Coastal,Domestic
S002561,1985-09-18,Western,Domestic
S002562,1993-01-05,Coastal,International
S002563,2002-02-03,Central,Domestic
S002564,1965-01-31,Western,Domestic
S002565,1990-09-30,Coastal,Domestic
S002566,1975-06-15,Western,International
S002567,1993-05-25,Central,Domestic
S002568,1999-09-05,Coastal,Domestic
S002569,1973-08-09,Central,Domestic
S002570,1985-07-09,Northern,Domestic
S002571,1975-11-20,Central,Domestic
S002572,1971-03-29,Northern,Domestic
S002573,1974-02-23,Central,Domestic
S002574,1976-10-26,Central,Domestic
S002575,1987-04-21,Central,International
S002576,1990-12-05,Coastal,Domestic
S002577,1994-02-14,Western,Domestic
S002578,1983-12-25,Northern,Domestic
S002579,1989-02-22,Northern,Domestic
S002580,1999-12-09,Western,Domestic
S002581,2002-05-03,Coastal,Domestic
S002582,2005-11-19,Western,Domestic
S002583,1997-08-15,Central,International
S002584,1976-12-24,Central,Domestic
S002585,1972-07-13,Northern,Domestic
S002586,1985-09-13,Central,Domestic
S002587,1991-09-24,Northern,International
S002588,1997-12-30,Western,International
S002589,2003-08-09,Northern,Domestic
S002590,1966-04-27,Northern,Domestic
S002591,1995-01-05,Western,Domestic
S002592,1963-10-03,Coastal,Domestic
S002593,1990-05-30,Central,Domestic
S002594,1998-03-11,Western,Domestic
S002595,1981-06-18,Coastal,Domestic
S002596,1998-04-01,Northern,Domestic
S002597,1985-12-06,Northern,Domestic
S002598,1982-12-16,Central,Domestic
S002599,1987-09-22,Western,Domestic
S002600,1968-12-10,Coastal,Domestic
S002601,1992-12-15,Western,Domestic
S002602,1968-11-05,Northern,International
S002603,1992-11-15,Central,Domestic
S002604,1996-03-02,Western,Domestic
S002605,1964-08-07,Coastal,Domestic
S002606,2003-04-09,Northern,Domestic
S002607,1974-08-22,Northern,Domestic
S002608,1975-06-30,Northern,International
S002609,2006-03-17,Western,International
S002610,1980-09-23,Western,Domestic
S002611,1966-12-02,Northern,Domestic
S002612,1980-03-31,Central,Domestic
S002613,1974-06-18,Western,Domestic
S002614,1996-11-26,Central,Domestic
S002615,1965-07-16,Western,International
S002616,2006-01-20,Northern,International
S002617,1961-02-19,Coastal,International
S002618,1999-10-20,Central,International
S002619,1983-04-23,Coastal,Domestic
S002620,1969-04-22,Central,Domestic
S002621,1994-06-27,Coastal,Domestic
S002622,1998-06-25,Northern,International
S002623,1977-05-26,Coastal,Domestic
S002624,1996-05-03,Central,Domestic
S002625,1971-05-21,Coastal,Domestic
S002626,1963-03-26,Northern,Domestic
S002627,1963-04-12,Coastal,Domestic
S002628,1979-05-14,Northern,Domestic
S002629,1961-04-25,Northern,Domestic
S002630,1986-09-07,Central,International
S002631,1960-12-23,Western,Domestic
S002632,1964-02-29,Coastal,Domestic
S002633,1974-09-18,Western,Domestic
S002634,1974-02-21,Western,Domestic
S002635,1995-12-27,Central,Domestic
S002636,1991-07-22,Coastal,Domestic
S002637,1971-09-24,Western,International
S002638,1991-02-16,Northern,Domestic
S002639,1979-08-10,Western,International
S002640,1978-01-27,Northern,Domestic
S002641,2002-05-30,Coastal,Domestic
S002642,1964-07-23,Central,International
S002643,1970-05-14,Central,Domestic
S002644,2000-02-14,Western,Domestic
S002645,1970-07-04,Northern,Domestic
S002646,1964-10-17,Western,Domestic
S002647,1994-07-26,Northern,International
S002648,1977-11-15,Central,Domestic
S002649,2004-02-06,Northern,Domestic
S002650,1981-05-24,Western,Domestic
S002651,1986-08-30,Central,Domestic
S002652,1977-02-21,Northern,Domestic
S002653,1961-09-08,Coastal,Domestic
S002654,1994-02-18,Western,Domestic
S002655,2002-02-13,Western,Domestic
S002656,1995-02-17,Central,Domestic
S002657,1961-07-27,Western,Domestic
S002658,1990-03-31,Coastal,Domestic
S002659,1966-05-01,Central,International
S002660,1990-09-30,Northern,Domestic
S002661,1977-04-14,Central,Domestic
S002662,1983-08-01,Western,International
S002663,1988-09-04,Central,Domestic
S002664,1985-08-28,Northern,Domestic
S002665,1978-06-03,Coastal,Domestic
S002666,1995-06-15,Western,Domestic
S002667,1979-10-23,Western,Domestic
S002668,1976-11-09,Western,Domestic
S002669,1980-02-10,Coastal,International
S002670,1993-01-19,Northern,Domestic
S002671,1985-07-05,Coastal,Domestic
S002672,1963-01-19,Coastal,Domestic
S002673,1966-07-17,Coastal,International
S002674,2003-04-03,Central,Domestic
S002675,2006-06-28,Western,Domestic
S002676,1985-07-11,Coastal,Domestic
S002677,1964-06-22,Central,Domestic
S002678,2000-02-20,Central,Domestic
S002679,2003-12-22,Central,Domestic
S002680,1996-12-17,Northern,Domestic
S002681,1989-09-06,Western,Domestic
S002682,1968-10-09,Central,International
S002683,2006-02-28,Northern,Domestic
S002684,1979-05-12,Central,International
S002685,1985-11-24,Western,Domestic
S002686,1999-04-16,Coastal,Domestic
S002687,1984-08-25,Central,Domestic
S002688,1987-06-01,Northern,Domestic
S002689,1988-03-10,Central,Domestic
S002690,1977-07-13,Coastal,Domestic
S002691,1990-11-07,Western,Domestic
S002692,1984-01-21,Western,International
S002693,1990-01-08,Western,Domestic
S002694,1999-07-30,Central,Domestic
S002695,1992-04-28,Coastal,Domestic
S002696,1995-11-08,Northern,International
S002697,1991-09-27,Coastal,Domestic
S002698,1971-11-25,Central,Domestic
S002699,2005-09-14,Northern,Domestic
S002700,1963-01-04,Western,Domestic
S002701,1964-04-02,Northern,Domestic
S002702,1985-01-31,Coastal,Domestic
S002703,1996-07-21,Northern,Domestic
S002704,2000-04-26,Coastal,Domestic
S002705,1987-01-23,Coastal,Domestic
S002706,1987-09-19,Coastal,Domestic
S002707,2003-12-07,Northern,Domestic
S002708,1990-06-27,Western,Domestic
S002709,1991-07-20,Coastal,International
S002710,1965-06-09,Coastal,Domestic
S002711,1973-03-02,Western,Domestic
S002712,1971-11-17,Northern,Domestic
S002713,1983-12-18,Northern,International
S002714,1973-06-18,Central,International
S002715,1975-02-05,Coastal,Domestic
S002716,1967-10-15,Coastal,Domestic
S002717,1992-12-24,Northern,International
S002718,2001-01-19,Coastal,Domestic
S002719,1961-02-12,Coastal,Domestic
S002720,1960-10-09,Coastal,Domestic
S002721,1984-01-10,Central,Domestic
S002722,1967-06-19,Northern,International
S002723,1993-12-20,Western,Domestic
S002724,2002-05-04,Coastal,Domestic
S002725,1999-08-07,Northern,Domestic
S002726,2002-07-07,Western,International
S002727,1995-10-31,Coastal,International
S002728,1962-11-05,Central,International
S002729,2003-07-09,Coastal,Domestic
S002730,2000-10-26,Central,Domestic
S002731,1965-11-21,Coastal,Domestic
S002732,1978-09-05,Central,Domestic
S002733,1978-12-09,Coastal,Domestic
S002734,1960-01-10,Northern,Domestic
S002735,1999-05-20,Western,International
S002736,1984-02-04,Coastal,International
S002737,1964-01-17,Central,Domestic
S002738,2001-11-27,Western,Domestic
S002739,1980-09-21,Coastal,Domestic
S002740,1971-08-01,Western,Domestic
S002741,1999-01-16,Central,Domestic
S002742,1973-06-25,Northern,Domestic
S002743,1989-12-15,Northern,Domestic
S002744,2006-06-28,Coastal,Domestic
S002745,1996-07-26,Western,Domestic
S002746,1978-05-15,Northern,International
S002747,1994-03-11,Coastal,Domestic
S002748,1977-08-15,Central,International
S002749,1973-07-18,Western,International
S002750,1964-05-21,Western,Domestic
S002751,1986-04-16,Coastal,International
S002752,2003-10-06,Central,International
S002753,1997-05-18,Northern,Domestic
S002754,1982-01-26,Coastal,Domestic
S002755,1971-12-12,Central,Domestic
S002756,1986-04-08,Coastal,Domestic
S002757,1999-04-09,Northern,Domestic
S002758,1967-07-22,Central,Domestic
S002759,1977-10-04,Northern,Domestic
S002760,1988-01-15,Central,Domestic
S002761,1962-12-25,Central,Domestic
S002762,1972-10-22,Western,Domestic
S002763,2006-05-07,Western,International
S002764,1984-07-06,Central,Domestic
S002765,1961-10-01,Central,Domestic
S002766,2002-07-10,Northern,Domestic
S002767,1967-06-10,Western,Domestic
S002768,1970-04-11,Northern,Domestic
S002769,1982-03-30,Central,International
S002770,1962-03-22,Northern,Domestic
S002771,1998-11-23,Coastal,Domestic
S002772,1985-07-28,Northern,Domestic
S002773,1984-08-23,Western,International
S002774,2003-11-21,Central,Domestic
S002775,1966-11-30,Coastal,Domestic
S002776,1984-12-31,Northern,Domestic
S002777,2005-11-19,Coastal,Domestic
S002778,1984-07-30,Northern,Domestic
S002779,1981-09-20,Coastal,Domestic
S002780,2002-06-22,Western,Domestic
S002781,1987-07-06,Coastal,Domestic
S002782,1995-03-28,Central,Domestic
S002783,1978-12-01,Coastal,Domestic
S002784,1961-07-25,Coastal,Domestic
S002785,1962-03-19,Coastal,Domestic
S002786,1975-08-05,Coastal,Domestic
S002787,1968-03-27,Central,International
S002788,1960-07-25,Coastal,Domestic
S002789,1961-07-16,Northern,Domestic
S002790,1999-10-16,Coastal,Domestic
S002791,1964-06-16,Coastal,International
S002792,1996-08-13,Coastal,Domestic
S002793,1974-04-10,Coastal,International
S002794,1960-08-04,Northern,Domestic
S002795,1968-02-23,Northern,Domestic
S002796,2003-04-18,Coastal,Domestic
S002797,1969-05-29,Central,Domestic
S002798,1978-08-26,Western,Domestic
S002799,1970-06-05,Western,Domestic
S002800,1986-09-24,Central,Domestic
S002801,1983-10-01,Coastal,Domestic
S002802,1998-10-12,Central,Domestic
S002803,1994-02-20,Central,International
S002804,2002-02-19,Western,Domestic
S002805,1965-12-10,Central,Domestic
S002806,1994-09-26,Western,Domestic
S002807,1995-11-02,Western,Domestic
S002808,2000-11-19,Coastal,Domestic
S002809,1999-08-21,Coastal,International
S002810,2002-08-19,Western,Domestic
S002811,1980-09-08,Central,Domestic
S002812,1982-07-27,Central,Domestic
S002813,1960-01-11,Western,Domestic
S002814,1969-05-27,Central,International
S002815,1987-06-30,Western,Domestic
S002816,1982-12-23,Northern,International
S002817,1989-03-11,Coastal,Domestic
S002818,1976-02-01,Coastal,Domestic
S002819,1989-08-02,Coastal,Domestic
S002820,1993-09-26,Central,Domestic
S002821,1992-04-25,Central,Domestic
S002822,1976-06-25,Western,Domestic
S002823,1996-10-23,Western,Domestic
S002824,1994-03-13,Western,Domestic
S002825,1969-01-20,Central,Domestic
S002826,1962-10-31,Central,Domestic
S002827,1985-07-05,Coastal,Domestic
S002828,1993-08-11,Coastal,Domestic
S002829,1988-09-10,Northern,International
S002830,1989-04-21,Northern,Domestic
S002831,1991-04-27,Northern,Domestic
S002832,1969-01-29,Northern,Domestic
S002833,1985-05-02,Central,Domestic
S002834,1982-08-18,Northern,Domestic
S002835,1969-01-29,Central,Domestic
S002836,1968-11-29,Central,International
S002837,1968-04-18,Central,Domestic
S002838,1980-07-10,Western,Domestic
S002839,1968-03-31,Central,International
S002840,1984-07-24,Central,International
S002841,1968-11-24,Western,Domestic
S002842,1996-09-12,Coastal,Domestic
S002843,2005-05-24,Coastal,Domestic
S002844,2001-11-09,Northern,Domestic
S002845,1963-07-07,Western,International
S002846,2001-06-05,Northern,Domestic
S002847,1984-12-10,Central,Domestic
S002848,1984-03-16,Central,Domestic
S002849,1971-09-26,Western,International
S002850,1970-03-01,Central,Domestic
S002851,1990-06-28,Central,Domestic
S002852,1962-04-11,Western,International
S002853,1990-03-11,Coastal,Domestic
S002854,1986-11-12,Northern,International
S002855,2005-12-31,Northern,Domestic
S002856,1977-12-22,Western,Domestic
S002857,1979-05-05,Northern,Domestic
S002858,1968-03-08,Coastal,Domestic
S002859,2000-11-11,Western,Domestic
S002860,1974-05-10,Central,International
S002861,1991-07-26,Northern,Domestic
S002862,1984-11-02,Northern,Domestic
S002863,1983-06-24,Coastal,Domestic
S002864,1985-10-27,Central,Domestic
S002865,1974-09-03,Western,Domestic
S002866,1992-07-01,Western,Domestic
S002867,1963-07-03,Coastal,Domestic
S002868,1987-04-24,Western,International
S002869,1994-11-10,Northern,International
S002870,1996-06-10,Central,International
S002871,1984-12-02,Western,International
S002872,1964-09-05,Central,Domestic
S002873,1960-03-23,Central,International
S002874,1990-04-13,Northern,Domestic
S002875,1967-11-25,Coastal,Domestic
S002876,1991-10-08,Northern,Domestic
S002877,1989-03-01,Northern,International
S002878,1996-06-30,Central,Domestic
S002879,1999-08-28,Central,Domestic
S002880,1970-12-02,Central,Domestic
S002881,1960-06-21,Coastal,Domestic
S002882,1992-11-05,Western,Domestic
S002883,1964-08-21,Western,Domestic
S002884,1963-01-03,Coastal,Domestic
S002885,1978-06-17,Northern,Domestic
S002886,1996-11-18,Western,International
S002887,1965-05-23,Central,Domestic
S002888,1998-02-05,Central,Domestic
S002889,2003-06-16,Central,Domestic
S002890,1978-07-23,Western,Domestic
S002891,1994-10-04,Central,Domestic
S002892,1983-10-29,Coastal,Domestic
S002893,1974-11-19,Northern,Domestic
S002894,1975-04-03,Northern,Domestic
S002895,1966-01-01,Western,International
S002896,1963-01-07,Central,Domestic
S002897,1963-07-29,Central,International
S002898,1984-05-15,Western,Domestic
S002899,1978-09-08,Western,Domestic
S002900,2005-12-21,Coastal,Domestic
S002901,1963-11-01,Coastal,International
S002902,1970-01-02,Northern,Domestic
S002903,1993-02-07,Western,Domestic
S002904,1964-12-03,Central,Domestic
S002905,1992-08-06,Central,International
S002906,1962-10-14,Central,Domestic
S002907,1976-03-29,Northern,Domestic
S002908,1993-05-06,Central,Domestic
S002909,1984-03-07,Western,Domestic
S002910,2004-06-29,Northern,Domestic
S002911,1993-04-22,Northern,Domestic
S002912,1965-07-18,Western,Domestic
S002913,1969-02-08,Western,International
S002914,1962-06-18,Western,Domestic
S002915,1996-03-12,Western,Domestic
S002916,1997-09-16,Coastal,Domestic
S002917,1971-02-18,Western,Domestic
S002918,2005-11-03,Western,Domestic
S002919,1983-06-24,Northern,International
S002920,1962-12-10,Coastal,Domestic
S002921,2004-01-04,Western,Domestic
S002922,1996-05-07,Northern,Domestic
S002923,1967-12-16,Coastal,International
S002924,1964-12-03,Northern,Domestic
S002925,1989-10-21,Coastal,Domestic
S002926,1977-06-25,Coastal,Domestic
S002927,2001-01-29,Western,International
S002928,1970-04-09,Central,Domestic
S002929,1963-07-23,Coastal,Domestic
S002930,1990-01-27,Coastal,Domestic
S002931,1980-03-09,Central,International
S002932,1965-03-20,Coastal,Domestic
S002933,1977-08-11,Western,International
S002934,1983-07-22,Central,International
S002935,1970-11-03,Central,International
S002936,1963-06-03,Western,International
S002937,1978-11-29,Coastal,Domestic
S002938,1986-05-19,Western,International
S002939,1964-06-13,Northern,Domestic
S002940,1982-02-10,Coastal,Domestic
S002941,1966-09-26,Coastal,Domestic
S002942,1967-03-29,Northern,Domestic
S002943,1972-02-11,Western,Domestic
S002944,1982-09-26,Northern,Domestic
S002945,1967-02-19,Central,Domestic
S002946,1993-12-08,Central,International
S002947,1972-10-21,Coastal,International
S002948,1998-11-06,Northern,Domestic
S002949,1986-07-12,Coastal,Domestic
S002950,1992-03-06,Northern,International
S002951,1999-05-30,Northern,Domestic
S002952,2005-10-16,Central,Domestic
S002953,1964-12-16,Central,Domestic
S002954,1961-01-17,Coastal,Domestic
S002955,1965-05-23,Northern,Domestic
S002956,1961-07-10,Northern,Domestic
S002957,1983-11-26,Northern,International
S002958,1993-10-11,Coastal,International
S002959,1985-07-10,Central,Domestic
S002960,1988-02-01,Northern,Domestic
S002961,1988-04-03,Western,Domestic
S002962,1965-03-30,Western,Domestic
S002963,1973-01-04,Northern,International
S002964,1987-08-18,Western,International
S002965,1967-05-21,Coastal,Domestic
S002966,1992-05-16,Northern,Domestic
S002967,1976-11-26,Western,Domestic
S002968,1974-09-02,Coastal,Domestic
S002969,1997-07-05,Central,International
S002970,2006-04-14,Central,Domestic
S002971,1996-01-25,Western,Domestic
S002972,1963-06-03,Central,Domestic
S002973,1983-07-30,Central,Domestic
S002974,1980-10-30,Central,Domestic
S002975,1970-09-21,Coastal,International
S002976,1971-07-19,Central,Domestic
S002977,1968-05-30,Coastal,Domestic
S002978,1975-05-23,Coastal,International
S002979,1988-10-10,Northern,Domestic
S002980,1997-01-14,Western,Domestic
S002981,1991-04-05,Central,Domestic
S002982,1986-03-09,Western,Domestic
S002983,1970-04-13,Coastal,International
S002984,1976-05-07,Northern,International
S002985,1994-07-17,Coastal,Domestic
S002986,1990-06-25,Western,Domestic
S002987,1962-04-09,Western,International
S002988,1992-11-24,Western,Domestic
S002989,1989-04-07,Northern,Domestic
S002990,1971-11-08,Northern,Domestic
S002991,1976-06-27,Coastal,Domestic
S002992,1970-05-14,Central,Domestic
S002993,2003-03-29,Western,Domestic
S002994,1973-05-11,Northern,Domestic
S002995,1976-03-25,Northern,Domestic
S002996,1969-01-22,Western,International
S002997,1978-12-24,Central,Domestic
S002998,1987-11-18,Northern,Domestic
S002999,1994-07-17,Western,Domestic
S003000,1961-08-17,Central,Domestic
S003001,1978-01-28,Western,Domestic
S003002,1970-11-12,Northern,International
S003003,1979-06-10,Coastal,International
S003004,1995-10-17,Northern,Domestic
S003005,1991-11-12,Northern,Domestic
S003006,1985-05-05,Northern,Domestic
S003007,1969-12-20,Western,Domestic
S003008,1977-04-03,Western,Domestic
S003009,2002-12-21,Northern,Domestic
S003010,1962-03-22,Coastal,International
S003011,1992-06-25,Coastal,Domestic
S003012,1973-07-31,Western,International
S003013,1995-01-21,Central,Domestic
S003014,1960-06-14,Western,International
S003015,1979-05-29,Northern,Domestic
S003016,1987-02-28,Coastal,Domestic
S003017,1974-09-17,Western,Domestic
S003018,1971-11-24,Central,Domestic
S003019,1995-08-12,Coastal,Domestic
S003020,1989-06-17,Western,Domestic
S003021,1979-04-18,Coastal,Domestic
S003022,2005-12-27,Western,Domestic
S003023,1993-06-03,Western,International
S003024,1989-10-18,Central,International
S003025,1966-03-04,Northern,Domestic
S003026,1973-06-03,Central,Domestic
S003027,1977-01-08,Coastal,Domestic
S003028,1985-11-01,Northern,Domestic
S003029,1988-07-25,Central,Domestic
S003030,2002-02-06,Northern,Domestic
S003031,1985-01-26,Central,Domestic
S003032,1997-01-07,Coastal,Domestic
S003033,1996-05-11,Coastal,Domestic
S003034,1964-03-14,Western,Domestic
S003035,2002-11-22,Coastal,International
S003036,1974-02-04,Central,Domestic
S003037,2002-02-02,Western,Domestic
S003038,1997-11-20,Northern,Domestic
S003039,1962-03-23,Central,Domestic
S003040,1961-08-23,Northern,Domestic
S003041,1987-12-11,Coastal,Domestic
S003042,1967-06-18,Central,Domestic
S003043,1983-05-19,Northern,Domestic
S003044,1980-12-30,Western,Domestic
S003045,1964-11-14,Coastal,Domestic
S003046,1992-01-16,Coastal,Domestic
S003047,2002-09-13,Central,International
S003048,1965-07-11,Central,Domestic
S003049,1975-08-03,Central,Domestic
S003050,1976-07-28,Western,Domestic
S003051,1984-07-29,Central,Domestic
S003052,2002-09-13,Northern,Domestic
S003053,1967-09-12,Western,Domestic
S003054,1985-10-10,Northern,International
S003055,1963-01-25,Northern,International
S003056,1993-05-11,Northern,Domestic
S003057,1994-12-18,Northern,Domestic
S003058,1973-10-17,Northern,Domestic
S003059,1975-11-21,Central,International
S003060,1978-06-06,Coastal,Domestic
S003061,1965-10-31,Western,Domestic
S003062,1976-09-10,Central,International
S003063,1962-10-15,Coastal,Domestic
S003064,1960-02-07,Western,International
S003065,1981-12-11,Western,Domestic
S003066,1979-04-06,Northern,International
S003067,2002-08-16,Western,Domestic
S003068,1984-05-29,Western,Domestic
S003069,2002-09-18,Northern,International
S003070,1979-02-26,Western,Domestic
S003071,1997-01-15,Central,Domestic
S003072,2002-04-10,Northern,Domestic
S003073,1974-03-06,Western,Domestic
S003074,1988-03-23,Coastal,Domestic
S003075,2005-05-17,Central,Domestic
S003076,1975-02-27,Central,Domestic
S003077,1989-08-08,Central,International
S003078,1995-09-24,Northern,International
S003079,2002-10-29,Coastal,International
S003080,1976-05-03,Central,Domestic
S003081,1969-12-03,Central,Domestic
S003082,1963-11-20,Coastal,Domestic
S003083,1985-06-12,Coastal,International
S003084,1985-08-22,Central,Domestic
S003085,1977-02-14,Western,Domestic
S003086,1962-07-10,Western,Domestic
S003087,1986-11-25,Central,Domestic
S003088,1964-01-18,Northern,Domestic
S003089,1969-08-23,Northern,Domestic
S003090,1970-04-25,Coastal,Domestic
S003091,1960-08-28,Coastal,Domestic
S003092,1995-07-10,Central,Domestic
S003093,1989-10-25,Coastal,International
S003094,1994-12-27,Central,Domestic
S003095,1998-05-05,Central,Domestic
S003096,1979-03-18,Northern,Domestic
S003097,1998-03-27,Northern,Domestic
S003098,1988-02-10,Northern,Domestic
S003099,1982-06-15,Central,Domestic
S003100,2001-02-27,Coastal,Domestic
S003101,1993-04-16,Coastal,Domestic
S003102,1993-02-11,Coastal,International
S003103,1984-05-11,Central,International
S003104,1977-07-29,Western,Domestic
S003105,2002-10-10,Northern,Domestic
S003106,1986-11-20,Northern,International
S003107,2002-10-02,Central,Domestic
S003108,1997-01-23,Central,International
S003109,1971-11-21,Northern,Domestic
S003110,1999-09-04,Western,Domestic
S003111,1983-03-04,Western,Domestic
S003112,1966-06-18,Coastal,Domestic
S003113,2005-04-26,Northern,Domestic
S003114,1995-10-03,Western,Domestic
S003115,1987-04-30,Northern,Domestic
S003116,2005-09-08,Coastal,International
S003117,1966-12-02,Central,Domestic
S003118,1992-03-04,Coastal,Domestic
S003119,2002-05-18,Central,International
S003120,2003-10-11,Northern,International
S003121,1981-01-09,Coastal,International
S003122,1999-11-01,Western,Domestic
S003123,1963-01-15,Western,Domestic
S003124,1970-01-28,Western,Domestic
S003125,1993-01-25,Coastal,International
S003126,1961-07-21,Northern,Domestic
S003127,1969-04-28,Northern,Domestic
S003128,1999-03-29,Northern,International
S003129,1960-11-28,Coastal,Domestic
S003130,1978-10-20,Central,Domestic
S003131,1976-12-31,Western,Domestic
S003132,2000-08-02,Central,Domestic
S003133,1984-06-12,Central,Domestic
S003134,1976-05-07,Central,International
S003135,1989-03-04,Western,International
S003136,1989-02-16,Central,Domestic
S003137,1963-10-30,Western,Domestic
S003138,1968-10-29,Western,Domestic
S003139,1964-07-26,Western,Domestic
S003140,1991-07-31,Northern,International
S003141,1994-05-27,Western,Domestic
S003142,2005-07-28,Northern,Domestic
S003143,2004-05-20,Coastal,Domestic
S003144,2006-07-03,Northern,Domestic
S003145,2002-04-15,Central,International
S003146,1975-06-10,Northern,Domestic
S003147,1961-02-17,Coastal,International
S003148,1971-10-15,Central,International
S003149,1988-10-31,Western,Domestic
S003150,1969-07-02,Western,International
S003151,1979-03-10,Western,Domestic
S003152,1992-11-17,Coastal,Domestic
S003153,1981-01-14,Northern,Domestic
S003154,1975-08-20,Central,Domestic
S003155,1998-06-24,Coastal,Domestic
S003156,1988-08-02,Coastal,Domestic
S003157,1997-11-01,Coastal,International
S003158,1972-03-31,Northern,International
S003159,1965-05-31,Coastal,Domestic
S003160,2006-06-16,Northern,Domestic
S003161,1982-11-29,Coastal,International
S003162,1965-04-10,Western,Domestic
S003163,1994-08-31,Central,International
S003164,1987-12-23,Western,International
S003165,1978-05-29,Northern,Domestic
S003166,1965-12-31,Coastal,Domestic
S003167,1975-06-28,Coastal,International
S003168,1999-10-20,Western,International
S003169,1962-10-29,Coastal,Domestic
S003170,1995-12-15,Central,Domestic
S003171,1990-02-19,Northern,Domestic
S003172,1970-07-07,Northern,International
S003173,1963-07-11,Central,Domestic
S003174,1973-10-19,Coastal,Domestic
S003175,1972-10-17,Northern,International
S003176,1996-10-10,Coastal,Domestic
S003177,1991-06-22,Central,Domestic
S003178,1967-06-09,Coastal,Domestic
S003179,1972-11-21,Western,Domestic
S003180,1965-02-02,Western,Domestic
S003181,1961-07-11,Northern,International
S003182,1968-08-20,Western,International
S003183,2000-08-05,Western,Domestic
S003184,1969-03-22,Western,Domestic
S003185,1986-02-19,Coastal,Domestic
S003186,1962-12-31,Western,Domestic
S003187,1997-06-26,Central,Domestic
S003188,1983-06-16,Central,Domestic
S003189,1983-12-08,Northern,Domestic
S003190,1974-05-02,Northern,Domestic
S003191,1989-09-01,Western,Domestic
S003192,1965-12-05,Coastal,Domestic
S003193,1970-10-10,Northern,Domestic
S003194,2004-09-19,Coastal,Domestic
S003195,1999-06-11,Western,Domestic
S003196,2000-01-22,Central,Domestic
S003197,2005-01-19,Western,Domestic
S003198,1979-11-06,Western,International
S003199,1980-10-25,Central,Domestic
S003200,1976-09-11,Coastal,Domestic
S003201,1991-04-16,Central,International
S003202,1969-03-09,Central,Domestic
S003203,1960-12-17,Coastal,Domestic
S003204,1972-03-16,Central,Domestic
S003205,1972-11-08,Western,Domestic
S003206,2005-12-06,Northern,International
S003207,1977-11-01,Western,Domestic
S003208,2004-07-17,Western,International
S003209,1986-04-25,Central,Domestic
S003210,1998-08-25,Western,Domestic
S003211,1977-11-17,Northern,Domestic
S003212,1996-01-02,Western,Domestic
S003213,2003-10-26,Central,Domestic
S003214,1991-10-16,Central,International
S003215,1996-08-08,Northern,Domestic
S003216,1967-10-19,Coastal,Domestic
S003217,1977-06-22,Western,International
S003218,1982-10-03,Coastal,Domestic
S003219,2001-11-26,Northern,Domestic
S003220,2005-07-14,Coastal,Domestic
S003221,1990-10-07,Central,Domestic
S003222,1993-05-26,Western,Domestic
S003223,1963-08-30,Central,International
S003224,1968-06-27,Coastal,Domestic
S003225,1968-05-20,Western,Domestic
S003226,1986-02-26,Northern,Domestic
S003227,2004-01-07,Western,Domestic
S003228,1963-10-02,Central,Domestic
S003229,1967-07-16,Western,International
S003230,1991-03-30,Coastal,Domestic
S003231,1989-02-04,Central,Domestic
S003232,1998-12-02,Central,Domestic
S003233,1999-03-08,Central,International
S003234,1981-10-19,Coastal,Domestic
S003235,1960-07-19,Western,Domestic
S003236,1972-12-02,Northern,Domestic
S003237,2006-01-30,Central,International
S003238,1999-08-05,Western,Domestic
S003239,1991-06-08,Western,Domestic
S003240,1977-06-12,Central,Domestic
S003241,2003-12-13,Western,Domestic
S003242,1971-07-25,Northern,Domestic
S003243,2003-04-21,Western,Domestic
S003244,1994-03-24,Northern,Domestic
S003245,1973-08-29,Central,Domestic
S003246,1961-06-08,Coastal,Domestic
S003247,1980-12-23,Central,Domestic
S003248,1970-04-18,Coastal,Domestic
S003249,1995-11-01,Coastal,Domestic
S003250,1966-09-13,Western,Domestic
S003251,1994-07-28,Coastal,Domestic
S003252,2000-09-21,Central,Domestic
S003253,1966-11-18,Central,Domestic
S003254,1976-09-13,Central,Domestic
S003255,1997-11-15,Central,Domestic
S003256,2006-06-17,Central,Domestic
S003257,1977-02-08,Northern,International
S003258,1964-09-03,Coastal,Domestic
S003259,1994-05-19,Western,Domestic
S003260,1992-11-19,Coastal,Domestic
S003261,1972-08-06,Central,Domestic
S003262,1976-11-23,Central,International
S003263,1999-01-30,Western,Domestic
S003264,1984-07-11,Northern,Domestic
S003265,1980-08-03,Coastal,International
S003266,1962-09-23,Coastal,Domestic
S003267,1997-03-28,Western,Domestic
S003268,1977-10-26,Western,Domestic
S003269,1971-03-16,Central,International
S003270,1983-09-08,Central,International
S003271,1976-03-02,Coastal,Domestic
S003272,1993-07-17,Coastal,Domestic
S003273,1975-05-19,Northern,Domestic
S003274,1967-08-01,Coastal,Domestic
S003275,2005-08-20,Northern,Domestic
S003276,1978-08-30,Northern,Domestic
S003277,1967-06-11,Western,Domestic
S003278,2003-02-18,Coastal,Domestic
S003279,1992-11-18,Western,Domestic
S003280,1966-11-10,Coastal,Domestic
S003281,1980-06-20,Western,Domestic
S003282,1968-12-04,Western,Domestic
S003283,1986-11-03,Northern,Domestic
S003284,1965-12-10,Central,Domestic
S003285,2006-02-12,Northern,Domestic
S003286,1994-03-16,Western,Domestic
S003287,1996-02-26,Central,Domestic
S003288,2001-02-26,Coastal,Domestic
S003289,1995-09-11,Northern,Domestic
S003290,1985-07-28,Western,Domestic
S003291,1994-10-05,Coastal,Domestic
S003292,2001-03-29,Western,Domestic
S003293,1978-12-15,Western,Domestic
S003294,1995-12-01,Coastal,Domestic
S003295,1981-07-27,Central,Domestic
S003296,1986-02-05,Western,Domestic
S003297,1997-11-12,Coastal,Domestic
S003298,1962-06-11,Northern,International
S003299,2003-12-18,Coastal,International
S003300,1966-01-26,Western,International
S003301,1964-08-12,Western,International
S003302,1988-10-31,Central,Domestic
S003303,2003-05-16,Coastal,International
S003304,2005-08-20,Coastal,Domestic
S003305,2002-08-11,Central,International
S003306,2002-08-25,Western,Domestic
S003307,1972-09-10,Northern,International
S003308,2005-10-26,Central,International
S003309,1980-09-28,Western,Domestic
S003310,1969-07-02,Western,Domestic
S003311,1991-11-20,Coastal,Domestic
S003312,2004-03-27,Northern,International
S003313,1977-11-14,Western,Domestic
S003314,1963-12-13,Coastal,Domestic
S003315,1975-11-01,Coastal,Domestic
S003316,1993-02-02,Central,Domestic
S003317,1967-05-19,Central,International
S003318,1978-12-06,Central,Domestic
S003319,1989-12-15,Coastal,Domestic
S003320,2005-08-13,Coastal,International
S003321,1991-04-22,Northern,Domestic
S003322,1985-05-20,Coastal,Domestic
S003323,1994-11-28,Coastal,Domestic
S003324,1999-11-28,Coastal,Domestic
S003325,1988-03-09,Coastal,International
S003326,1982-06-01,Northern,Domestic
S003327,2003-11-21,Northern,International
S003328,1971-02-01,Central,Domestic
S003329,1996-12-09,Western,Domestic
S003330,1971-11-26,Central,Domestic
S003331,2001-07-20,Coastal,International
S003332,1964-02-01,Coastal,Domestic
S003333,1966-09-29,Northern,Domestic
S003334,2004-01-19,Coastal,International
S003335,1992-12-14,Northern,Domestic
S003336,1980-04-25,Central,Domestic
S003337,1965-06-15,Northern,Domestic
S003338,1992-02-03,Central,Domestic
S003339,1984-08-24,Northern,Domestic
S003340,1988-09-02,Northern,Domestic
S003341,2001-07-23,Northern,Domestic
S003342,1966-07-31,Coastal,Domestic
S003343,1979-06-15,Coastal,Domestic
S003344,1988-05-31,Western,Domestic
S003345,1976-10-22,Central,Domestic
S003346,1994-01-17,Western,Domestic
S003347,1963-12-09,Western,International
S003348,1970-03-22,Northern,Domestic
S003349,1989-08-10,Northern,International
S003350,1981-02-21,Central,Domestic
S003351,1968-04-13,Central,Domestic
S003352,1970-08-21,Northern,International
S003353,1973-10-31,Coastal,Domestic
S003354,1992-02-16,Western,Domestic
S003355,1974-01-13,Northern,International
S003356,1986-01-02,Central,Domestic
S003357,1992-03-01,Northern,Domestic
S003358,1992-06-09,Western,International
S003359,2001-04-18,Western,Domestic
S003360,1977-04-29,Central,Domestic
S003361,2004-02-21,Coastal,Domestic
S003362,1982-06-24,Northern,Domestic
S003363,1974-01-06,Coastal,Domestic
S003364,2000-06-15,Northern,Domestic
S003365,1977-11-23,Central,Domestic
S003366,1978-10-07,Coastal,Domestic
S003367,1982-09-26,Western,Domestic
S003368,1988-06-15,Coastal,International
S003369,1979-10-10,Western,Domestic
S003370,1960-02-04,Northern,International
S003371,2006-04-24,Coastal,International
S003372,1975-08-03,Northern,Domestic
S003373,1975-09-06,Western,International
S003374,1970-09-30,Coastal,Domestic
S003375,1977-04-19,Coastal,International
S003376,1966-07-19,Northern,Domestic
S003377,1963-07-04,Coastal,International
S003378,1980-03-06,Western,Domestic
S003379,1962-07-22,Western,Domestic
S003380,1992-08-21,Western,Domestic
S003381,1971-12-07,Coastal,Domestic
S003382,1986-02-26,Northern,Domestic
S003383,1985-07-14,Western,International
S003384,1973-09-23,Northern,Domestic
S003385,1991-03-27,Western,Domestic
S003386,2004-07-11,Coastal,Domestic
S003387,2004-03-26,Western,Domestic
S003388,1981-01-02,Central,Domestic
S003389,1983-03-04,Western,International
S003390,2004-07-11,Northern,Domestic
S003391,1975-07-01,Coastal,Domestic
S003392,1986-10-13,Coastal,Domestic
S003393,1977-10-30,Western,International
S003394,1982-08-11,Coastal,Domestic
S003395,2000-12-29,Northern,Domestic
S003396,1962-03-01,Western,Domestic
S003397,1980-04-23,Coastal,Domestic
S003398,1978-06-22,Northern,International
S003399,1997-05-21,Central,Domestic
S003400,1998-07-08,Central,Domestic
S003401,2003-09-13,Central,Domestic
S003402,1990-12-18,Central,Domestic
S003403,2004-03-10,Northern,International
S003404,1967-07-14,Central,Domestic
S003405,1995-10-02,Central,Domestic
S003406,1983-02-28,Northern,International
S003407,1996-07-25,Central,International
S003408,1964-08-31,Coastal,Domestic
S003409,1971-10-29,Northern,Domestic
S003410,1987-04-05,Central,Domestic
S003411,1966-11-29,Northern,Domestic
S003412,1965-03-15,Western,International
S003413,1974-06-06,Western,Domestic
S003414,2002-05-28,Western,Domestic
S003415,1992-12-26,Coastal,Domestic
S003416,1962-10-09,Northern,Domestic
S003417,1978-08-15,Coastal,Domestic
S003418,1995-07-18,Coastal,Domestic
S003419,1970-12-02,Western,Domestic
S003420,1965-01-24,Northern,Domestic
S003421,1972-04-01,Western,International
S003422,2001-06-20,Western,Domestic
S003423,1962-12-05,Western,Domestic
S003424,1993-11-14,Western,Domestic
S003425,1985-05-31,Western,International
S003426,1987-03-23,Coastal,Domestic
S003427,1972-12-12,Western,Domestic
S003428,1978-03-20,Central,Domestic
S003429,1980-07-01,Northern,Domestic
S003430,2003-01-27,Northern,International
S003431,1970-12-29,Northern,International
S003432,1978-03-08,Northern,Domestic
S003433,1975-01-15,Central,International
S003434,1966-09-26,Coastal,International
S003435,1997-11-02,Northern,Domestic
S003436,1967-06-14,Coastal,Domestic
S003437,1984-02-06,Northern,Domestic
S003438,1972-05-18,Western,International
S003439,1982-10-15,Coastal,Domestic
S003440,1994-11-04,Western,Domestic
S003441,1985-04-25,Coastal,Domestic
S003442,1993-06-18,Western,Domestic
S003443,1983-12-07,Western,International
S003444,1991-07-24,Coastal,Domestic
S003445,1999-06-23,Western,International
S003446,1969-06-05,Western,Domestic
S003447,1977-10-25,Central,International
S003448,1960-11-14,Northern,Domestic
S003449,2004-06-20,Northern,Domestic
S003450,1978-06-04,Northern,Domestic
S003451,1978-01-07,Coastal,Domestic
S003452,1996-10-26,Northern,Domestic
S003453,1995-09-19,Northern,Domestic
S003454,2001-10-10,Coastal,Domestic
S003455,2005-04-06,Western,Domestic
S003456,1979-08-04,Central,International
S003457,1968-12-12,Northern,Domestic
S003458,1990-07-10,Central,International
S003459,1995-08-23,Central,Domestic
S003460,1987-02-01,Western,Domestic
S003461,1981-10-17,Coastal,International
S003462,1965-03-02,Northern,Domestic
S003463,1972-08-08,Northern,Domestic
S003464,1985-01-29,Northern,International
S003465,1981-07-28,Coastal,Domestic
S003466,1983-02-22,Coastal,International
S003467,1988-02-01,Coastal,Domestic
S003468,1979-12-12,Western,Domestic
S003469,1993-09-08,Northern,Domestic
S003470,1978-12-29,Coastal,International
S003471,1992-12-15,Western,Domestic
S003472,1966-08-16,Northern,International
S003473,1967-01-25,Northern,Domestic
S003474,1991-03-01,Western,Domestic
S003475,1964-05-28,Western,Domestic
S003476,2004-04-11,Central,International
S003477,1985-02-02,Western,Domestic
S003478,1973-02-27,Western,Domestic
S003479,2002-09-30,Western,Domestic
S003480,1964-01-07,Central,Domestic
S003481,1977-04-04,Western,Domestic
S003482,1960-12-08,Coastal,Domestic
S003483,1975-11-28,Northern,International
S003484,1964-12-18,Northern,Domestic
S003485,1985-02-17,Western,International
S003486,1981-06-06,Northern,Domestic
S003487,1990-12-10,Western,International
S003488,2001-05-31,Northern,Domestic
S003489,1969-02-12,Northern,Domestic
S003490,1982-11-24,Central,Domestic
S003491,1969-06-15,Coastal,Domestic
S003492,1969-08-10,Central,Domestic
S003493,1963-05-20,Coastal,Domestic
S003494,1972-12-27,Coastal,Domestic
S003495,1965-04-11,Coastal,Domestic
S003496,1995-01-05,Western,Domestic
S003497,1962-05-31,Coastal,Domestic
S003498,1995-08-22,Western,Domestic
S003499,1974-10-13,Central,Domestic
S003500,1994-08-09,Central,Domestic
S003501,1967-05-11,Coastal,Domestic
S003502,1986-03-06,Central,International
S003503,1966-10-13,Northern,International
S003504,1983-07-09,Northern,Domestic
S003505,1968-05-28,Western,Domestic
S003506,1960-01-25,Western,Domestic
S003507,2005-10-15,Western,Domestic
S003508,2003-05-03,Central,Domestic
S003509,1971-04-06,Northern,Domestic
S003510,2003-12-16,Northern,International
S003511,1975-01-11,Northern,Domestic
S003512,1969-03-25,Coastal,Domestic
S003513,1992-09-05,Coastal,Domestic
S003514,2003-06-05,Coastal,Domestic
S003515,1989-07-23,Central,Domestic
S003516,1991-02-01,Northern,International
S003517,1963-07-20,Western,Domestic
S003518,1997-12-19,Central,Domestic
S003519,1993-10-30,Northern,International
S003520,1999-10-12,Central,Domestic
S003521,1973-10-27,Northern,Domestic
S003522,1966-02-08,Central,Domestic
S003523,1975-07-12,Western,Domestic
S003524,1965-10-01,Coastal,Domestic
S003525,1986-12-16,Central,Domestic
S003526,1989-12-10,Northern,Domestic
S003527,2001-04-12,Western,International
S003528,1980-09-03,Northern,Domestic
S003529,1988-07-16,Western,Domestic
S003530,1971-11-19,Northern,Domestic
S003531,2003-02-02,Coastal,Domestic
S003532,1964-07-26,Central,International
S003533,1974-08-09,Coastal,International
S003534,1995-12-28,Central,Domestic
S003535,1994-03-03,Central,International
S003536,1990-03-30,Coastal,Domestic
S003537,1970-01-21,Northern,Domestic
S003538,1990-11-07,Northern,Domestic
S003539,1973-07-04,Northern,Domestic
S003540,1988-09-16,Western,Domestic
S003541,1967-05-26,Coastal,Domestic
S003542,1996-07-18,Coastal,Domestic
S003543,1976-02-13,Western,Domestic
S003544,1982-04-17,Western,Domestic
S003545,1984-05-16,Northern,Domestic
S003546,1965-01-04,Northern,Domestic
S003547,1985-07-27,Coastal,Domestic
S003548,1996-02-20,Western,Domestic
S003549,1980-07-19,Central,Domestic
S003550,1968-02-22,Coastal,Domestic
S003551,1994-10-19,Northern,Domestic
S003552,1981-11-29,Western,Domestic
S003553,1987-12-06,Coastal,International
S003554,1979-06-15,Coastal,Domestic
S003555,1961-03-02,Central,Domestic
S003556,1987-10-01,Coastal,Domestic
S003557,1987-06-01,Northern,Domestic
S003558,1962-04-19,Northern,International
S003559,1967-05-14,Northern,Domestic
S003560,1967-01-19,Western,International
S003561,1992-07-13,Coastal,Domestic
S003562,1987-08-23,Coastal,International
S003563,1985-08-10,Western,International
S003564,1973-02-13,Central,Domestic
S003565,1977-12-13,Central,International
S003566,1971-06-15,Northern,International
S003567,2006-01-22,Coastal,International
S003568,1975-03-14,Coastal,International
S003569,1962-10-24,Western,International
S003570,1992-08-22,Western,International
S003571,1995-02-04,Coastal,Domestic
S003572,1988-04-28,Western,Domestic
S003573,1973-02-18,Western,Domestic
S003574,1984-11-09,Northern,Domestic
S003575,2002-06-22,Northern,Domestic
S003576,1982-03-20,Central,Domestic
S003577,1988-01-24,Central,Domestic
S003578,1963-06-05,Coastal,Domestic
S003579,2003-12-27,Coastal,International
S003580,1977-07-12,Central,Domestic
S003581,1979-07-06,Coastal,Domestic
S003582,1971-08-11,Western,Domestic
S003583,1965-09-27,Coastal,Domestic
S003584,1979-11-13,Western,Domestic
S003585,2006-06-08,Coastal,Domestic
S003586,1998-12-27,Northern,Domestic
S003587,1973-11-02,Central,Domestic
S003588,1981-08-14,Central,Domestic
S003589,1996-07-20,Northern,International
S003590,1973-02-12,Central,Domestic
S003591,2002-10-25,Northern,Domestic
S003592,1963-01-15,Central,Domestic
S003593,2003-11-30,Northern,International
S003594,1977-05-31,Western,Domestic
S003595,2001-08-18,Coastal,International
S003596,1975-12-29,Northern,Domestic
S003597,1981-01-01,Western,Domestic
S003598,2000-09-29,Coastal,Domestic
S003599,1995-02-11,Western,Domestic
S003600,1966-05-06,Central,International
S003601,1986-03-31,Western,International
S003602,1978-12-24,Central,Domestic
S003603,1973-12-06,Central,Domestic
S003604,1964-07-19,Central,Domestic
S003605,1981-05-19,Western,Domestic
S003606,1990-04-11,Western,Domestic
S003607,1961-09-16,Coastal,Domestic
S003608,1969-05-29,Coastal,International
S003609,1976-05-21,Western,Domestic
S003610,1963-11-21,Central,Domestic
S003611,1969-01-11,Central,Domestic
S003612,1980-02-21,Coastal,Domestic
S003613,2000-08-29,Northern,Domestic
S003614,1981-05-23,Coastal,Domestic
S003615,2003-06-13,Coastal,Domestic
S003616,1990-12-22,Coastal,International
S003617,1989-10-22,Coastal,International
S003618,1969-09-09,Northern,Domestic
S003619,1984-03-05,Coastal,International
S003620,1999-03-31,Central,Domestic
S003621,1994-01-16,Northern,Domestic
S003622,1964-11-20,Northern,International
S003623,1990-05-09,Northern,International
S003624,1961-10-14,Central,International
S003625,1999-10-07,Central,International
S003626,1968-01-25,Central,Domestic
S003627,1980-03-26,Central,Domestic
S003628,1962-05-01,Western,Domestic
S003629,1967-03-19,Coastal,International
S003630,2006-02-19,Northern,Domestic
S003631,1984-04-20,Northern,Domestic
S003632,1963-05-23,Central,International
S003633,1991-05-20,Northern,Domestic
S003634,1981-05-17,Coastal,Domestic
S003635,2001-10-15,Coastal,International
S003636,1969-09-25,Northern,Domestic
S003637,2002-03-07,Northern,Domestic
S003638,1996-11-13,Western,Domestic
S003639,1985-09-21,Central,International
S003640,2005-08-01,Coastal,Domestic
S003641,1988-08-24,Western,International
S003642,2004-06-30,Central,Domestic
S003643,1981-06-28,Western,Domestic
S003644,1986-09-17,Northern,Domestic
S003645,1992-11-18,Northern,Domestic
S003646,1992-04-29,Central,Domestic
S003647,1971-04-13,Coastal,Domestic
S003648,1978-04-10,Western,International
S003649,2006-02-07,Northern,International
S003650,1989-10-09,Coastal,Domestic
S003651,1986-03-24,Central,Domestic
S003652,1969-05-24,Central,Domestic
S003653,2001-04-21,Central,Domestic
S003654,1977-10-01,Coastal,International
S003655,1989-09-23,Northern,Domestic
S003656,1965-02-06,Coastal,Domestic
S003657,2003-01-21,Western,Domestic
S003658,1986-08-15,Northern,Domestic
S003659,1960-07-10,Coastal,Domestic
S003660,1999-06-21,Central,International
S003661,1973-01-14,Coastal,Domestic
S003662,1995-04-12,Central,Domestic
S003663,1966-07-15,Coastal,Domestic
S003664,1977-11-09,Central,Domestic
S003665,1985-07-21,Central,Domestic
S003666,2004-09-25,Western,Domestic
S003667,1979-09-18,Coastal,International
S003668,1972-07-21,Northern,Domestic
S003669,1983-05-30,Central,Domestic
S003670,1997-05-27,Coastal,International
S003671,2001-02-06,Northern,Domestic
S003672,1975-10-25,Coastal,Domestic
S003673,2002-03-16,Central,Domestic
S003674,1973-07-16,Western,Domestic
S003675,1961-02-27,Western,Domestic
S003676,2006-02-09,Coastal,Domestic
S003677,1998-01-08,Northern,International
S003678,1987-11-02,Central,International
S003679,1989-10-15,Western,Domestic
S003680,1966-03-12,Northern,Domestic
S003681,1964-11-01,Coastal,Domestic
S003682,1997-01-04,Coastal,International
S003683,1962-02-05,Northern,Domestic
S003684,1974-07-21,Northern,Domestic
S003685,1974-05-05,Central,Domestic
S003686,1989-11-15,Northern,Domestic
S003687,1969-06-20,Central,International
S003688,1971-04-04,Central,Domestic
S003689,1981-01-23,Western,Domestic
S003690,1969-12-16,Northern,International
S003691,1973-05-10,Coastal,International
S003692,1962-03-17,Coastal,Domestic
S003693,2001-12-09,Central,Domestic
S003694,2004-09-19,Coastal,International
S003695,1969-01-27,Central,International
S003696,1976-09-09,Western,Domestic
S003697,2004-01-11,Western,Domestic
S003698,1974-04-20,Central,Domestic
S003699,1999-08-15,Western,Domestic
S003700,1996-03-09,Central,International
S003701,1998-11-26,Coastal,Domestic
S003702,1978-05-29,Central,International
S003703,1986-12-01,Western,International
S003704,1990-07-23,Central,Domestic
S003705,1991-08-25,Central,Domestic
S003706,1996-04-28,Western,Domestic
S003707,1966-10-02,Central,Domestic
S003708,1992-11-12,Northern,Domestic
S003709,1995-06-19,Central,Domestic
S003710,2005-06-30,Coastal,Domestic
S003711,1973-01-09,Northern,Domestic
S003712,1997-06-07,Central,International
S003713,1967-08-29,Central,Domestic
S003714,2002-02-27,Northern,International
S003715,1989-02-06,Coastal,Domestic
S003716,1976-04-22,Coastal,Domestic
S003717,1984-09-13,Northern,Domestic
S003718,1981-07-14,Northern,Domestic
S003719,1960-05-13,Central,Domestic
S003720,1973-10-04,Northern,Domestic
S003721,1967-10-27,Northern,Domestic
S003722,1967-02-26,Central,International
S003723,1967-07-18,Coastal,Domestic
S003724,2000-09-28,Northern,Domestic
S003725,1980-02-29,Western,International
S003726,1975-11-27,Coastal,Domestic
S003727,1980-07-09,Coastal,Domestic
S003728,1991-04-21,Western,International
S003729,1960-11-19,Western,International
S003730,2001-06-12,Central,Domestic
S003731,2005-10-27,Central,Domestic
S003732,1991-09-20,Northern,International
S003733,1982-12-19,Coastal,Domestic
S003734,1960-06-05,Central,Domestic
S003735,1998-12-15,Northern,International
S003736,1975-03-14,Coastal,Domestic
S003737,1965-04-30,Coastal,International
S003738,1997-06-14,Coastal,Domestic
S003739,1997-12-25,Northern,Domestic
S003740,1980-04-18,Central,Domestic
S003741,2005-07-02,Coastal,Domestic
S003742,2002-07-14,Northern,Domestic
S003743,1969-06-05,Northern,Domestic
S003744,1976-03-23,Coastal,International
S003745,2001-12-06,Coastal,Domestic
S003746,1964-05-08,Western,Domestic
S003747,1960-09-27,Central,Domestic
S003748,1975-08-10,Coastal,Domestic
S003749,1991-01-06,Western,Domestic
S003750,1990-02-07,Western,Domestic
S003751,1982-03-23,Northern,International
S003752,1983-07-02,Western,Domestic
S003753,1990-02-26,Coastal,Domestic
S003754,1975-08-05,Central,Domestic
S003755,1987-07-27,Northern,Domestic
S003756,1963-08-31,Coastal,International
S003757,1998-12-02,Western,International
S003758,1992-04-20,Northern,International
S003759,1975-10-31,Northern,Domestic
S003760,1998-12-08,Northern,International
S003761,1974-01-30,Central,Domestic
S003762,2004-06-03,Central,Domestic
S003763,1976-07-13,Coastal,Domestic
S003764,1979-04-30,Northern,Domestic
S003765,1998-07-29,Central,International
S003766,1971-04-16,Northern,Domestic
S003767,1978-08-29,Northern,Domestic
S003768,2004-12-13,Western,Domestic
S003769,1972-09-09,Coastal,International
S003770,2000-07-01,Northern,Domestic
S003771,1996-11-20,Central,International
S003772,1979-09-20,Western,Domestic
S003773,1981-04-06,Northern,Domestic
S003774,1969-10-09,Northern,Domestic
S003775,1969-04-24,Northern,Domestic
S003776,1961-07-16,Coastal,Domestic
S003777,1985-07-11,Western,Domestic
S003778,1989-10-18,Northern,International
S003779,1986-05-30,Northern,Domestic
S003780,1974-09-01,Central,Domestic
S003781,2001-07-11,Central,Domestic
S003782,1969-07-19,Central,International
S003783,1997-07-12,Coastal,Domestic
S003784,1964-05-24,Western,Domestic
S003785,1960-07-14,Northern,Domestic
S003786,1995-03-01,Western,Domestic
S003787,1967-07-17,Northern,Domestic
S003788,1968-07-18,Central,Domestic
S003789,2002-08-13,Coastal,International
S003790,1999-01-15,Coastal,Domestic
S003791,2002-08-29,Western,Domestic
S003792,2003-02-01,Northern,Domestic
S003793,1995-02-22,Coastal,Domestic
S003794,1969-09-27,Central,Domestic
S003795,1997-06-07,Northern,Domestic
S003796,1988-07-28,Western,Domestic
S003797,1983-01-13,Coastal,International
S003798,1990-08-06,Coastal,Domestic
S003799,1983-08-27,Central,Domestic
S003800,1977-08-17,Coastal,International
S003801,1960-08-26,Western,Domestic
S003802,1988-02-17,Northern,International
S003803,1996-03-22,Coastal,International
S003804,1966-07-29,Coastal,Domestic
S003805,2005-01-28,Northern,International
S003806,1968-11-02,Coastal,Domestic
S003807,1966-12-24,Central,International
S003808,1968-07-23,Northern,Domestic
S003809,2006-01-16,Western,Domestic
S003810,2003-10-20,Central,Domestic
S003811,1978-03-23,Western,Domestic
S003812,1999-06-29,Central,Domestic
S003813,1966-01-17,Coastal,Domestic
S003814,1967-08-14,Central,Domestic
S003815,1965-07-09,Western,International
S003816,1992-03-08,Northern,Domestic
S003817,1961-02-15,Northern,Domestic
S003818,1978-12-31,Northern,International
S003819,1996-04-27,Coastal,Domestic
S003820,2004-12-14,Central,Domestic
S003821,2000-06-24,Coastal,International
S003822,1976-11-18,Central,Domestic
S003823,1993-11-23,Central,Domestic
S003824,1989-03-31,Northern,Domestic
S003825,1994-01-31,Central,Domestic
S003826,2004-03-19,Western,Domestic
S003827,1961-11-20,Western,International
S003828,1979-01-31,Coastal,Domestic
S003829,1988-09-24,Coastal,Domestic
S003830,1991-05-02,Western,Domestic
S003831,1978-07-29,Northern,International
S003832,2001-01-29,Western,Domestic
S003833,1976-02-28,Northern,Domestic
S003834,1976-03-05,Central,Domestic
S003835,2001-09-21,Central,International
S003836,2000-04-10,Northern,International
S003837,1978-10-12,Northern,Domestic
S003838,1995-11-09,Coastal,International
S003839,1970-07-04,Central,Domestic
S003840,1965-10-15,Northern,Domestic
S003841,1991-03-26,Western,International
S003842,1969-03-24,Western,Domestic
S003843,1991-05-29,Northern,Domestic
S003844,2003-07-05,Central,Domestic
S003845,1974-04-12,Northern,Domestic
S003846,1976-10-22,Central,Domestic
S003847,1973-11-13,Northern,Domestic
S003848,1972-04-27,Central,Domestic
S003849,1994-05-02,Central,Domestic
S003850,1964-11-23,Coastal,Domestic
S003851,1990-06-17,Western,Domestic
S003852,2004-04-28,Western,International
S003853,1966-03-17,Northern,Domestic
S003854,1991-12-01,Coastal,International
S003855,1981-12-27,Coastal,Domestic
S003856,1987-07-02,Northern,International
S003857,1964-11-02,Central,International
S003858,1979-07-07,Western,Domestic
S003859,1979-10-07,Western,Domestic
S003860,1982-07-06,Northern,International
S003861,1979-08-16,Western,Domestic
S003862,1961-01-23,Central,Domestic
S003863,1962-02-21,Coastal,Domestic
S003864,1960-11-17,Central,Domestic
S003865,1977-04-08,Western,International
S003866,1982-06-09,Central,International
S003867,1993-06-11,Coastal,International
S003868,1966-06-11,Northern,Domestic
S003869,1976-05-17,Western,Domestic
S003870,1975-06-19,Western,International
S003871,1981-03-29,Central,Domestic
S003872,1975-01-10,Central,Domestic
S003873,1996-10-17,Western,Domestic
S003874,1989-07-01,Western,Domestic
S003875,1973-03-26,Central,International
S003876,1985-10-19,Western,Domestic
S003877,1972-11-17,Central,Domestic
S003878,1969-06-13,Coastal,Domestic
S003879,1986-02-10,Central,Domestic
S003880,1975-05-10,Western,International
S003881,2005-06-12,Central,Domestic
S003882,1990-06-13,Coastal,International
S003883,1961-03-20,Western,Domestic
S003884,1966-05-09,Western,Domestic
S003885,1984-10-29,Western,Domestic
S003886,1997-12-05,Coastal,Domestic
S003887,1976-11-27,Western,Domestic
S003888,1965-07-31,Coastal,Domestic
S003889,1994-12-28,Northern,Domestic
S003890,1981-05-09,Coastal,International
S003891,1987-09-14,Coastal,International
S003892,1975-06-14,Central,International
S003893,2004-12-31,Western,International
S003894,1974-08-02,Central,Domestic
S003895,1985-11-04,Northern,Domestic
S003896,1975-07-27,Western,Domestic
S003897,1982-01-12,Northern,Domestic
S003898,1985-12-22,Central,International
S003899,1979-04-17,Central,Domestic
S003900,2001-01-27,Western,International
S003901,1998-07-06,Northern,International
S003902,1963-12-20,Western,Domestic
S003903,1973-05-27,Northern,Domestic
S003904,1960-05-15,Central,International
S003905,1997-04-07,Western,Domestic
S003906,1988-03-30,Northern,International
S003907,1970-07-05,Coastal,Domestic
S003908,2000-08-07,Central,Domestic
S003909,1996-07-02,Northern,Domestic
S003910,1971-08-26,Coastal,Domestic
S003911,1983-03-16,Northern,Domestic
S003912,1978-08-05,Western,Domestic
S003913,2004-11-30,Coastal,Domestic
S003914,1992-03-15,Western,Domestic
S003915,1975-10-29,Central,Domestic
S003916,1977-01-22,Central,Domestic
S003917,1996-04-06,Central,International
S003918,1997-06-16,Northern,Domestic
S003919,1981-09-18,Northern,Domestic
S003920,1988-08-02,Central,International
S003921,1996-01-13,Coastal,Domestic
S003922,1977-10-25,Coastal,Domestic
S003923,1969-04-30,Western,Domestic
S003924,1979-06-29,Northern,Domestic
S003925,1974-05-21,Central,Domestic
S003926,1968-02-28,Western,Domestic
S003927,1975-03-06,Central,Domestic
S003928,1998-03-08,Central,Domestic
S003929,1968-10-18,Northern,Domestic
S003930,1976-05-12,Northern,Domestic
S003931,1984-06-06,Coastal,Domestic
S003932,1994-07-31,Central,Domestic
S003933,1989-05-22,Coastal,Domestic
S003934,1979-10-31,Coastal,Domestic
S003935,1967-10-20,Coastal,International
S003936,1991-03-10,Western,Domestic
S003937,1979-05-26,Central,Domestic
S003938,1962-06-28,Coastal,Domestic
S003939,1987-12-15,Coastal,Domestic
S003940,1998-04-04,Coastal,International
S003941,1991-06-13,Central,International
S003942,1990-10-09,Western,Domestic
S003943,2001-09-19,Western,Domestic
S003944,1970-11-12,Central,Domestic
S003945,1979-06-28,Central,Domestic
S003946,1998-01-09,Coastal,Domestic
S003947,1962-03-23,Northern,Domestic
S003948,1975-03-21,Western,Domestic
S003949,1980-08-01,Northern,Domestic
S003950,1996-03-08,Western,Domestic
S003951,1967-10-25,Central,Domestic
S003952,1982-07-13,Northern,Domestic
S003953,1979-09-03,Northern,Domestic
S003954,1982-08-22,Western,Domestic
S003955,1960-07-31,Western,Domestic
S003956,1987-08-31,Coastal,Domestic
S003957,1986-10-04,Central,Domestic
S003958,1990-07-27,Coastal,International
S003959,2001-04-03,Western,Domestic
S003960,1990-06-16,Northern,Domestic
S003961,1996-08-21,Western,International
S003962,1988-12-24,Western,Domestic
S003963,2000-06-10,Western,International
S003964,1964-03-19,Central,Domestic
S003965,1978-02-01,Central,International
S003966,1987-09-13,Western,International
S003967,2004-11-15,Western,International
S003968,1990-11-26,Western,International
S003969,1986-02-04,Central,International
S003970,1983-03-27,Western,International
S003971,1984-04-18,Western,Domestic
S003972,1984-09-01,Western,International
S003973,1975-08-31,Western,International
S003974,2002-01-27,Northern,Domestic
S003975,1970-04-05,Central,International
S003976,2000-12-23,Northern,Domestic
S003977,1977-09-04,Western,Domestic
S003978,1985-05-22,Coastal,Domestic
S003979,1972-11-14,Northern,Domestic
S003980,2003-02-04,Western,Domestic
S003981,1984-12-15,Northern,Domestic
S003982,1982-11-29,Central,Domestic
S003983,1985-04-12,Northern,Domestic
S003984,1981-10-31,Central,Domestic
S003985,1962-01-21,Northern,Domestic
S003986,1977-09-26,Coastal,International
S003987,1960-10-16,Central,Domestic
S003988,1994-09-02,Central,Domestic
S003989,1992-06-30,Coastal,Domestic
S003990,1978-03-24,Central,Domestic
S003991,1973-10-10,Northern,International
S003992,1973-02-22,Northern,Domestic
S003993,1976-08-14,Central,Domestic
S003994,1966-04-26,Central,Domestic
S003995,2004-07-04,Western,Domestic
S003996,1969-03-19,Central,Domestic
S003997,1965-01-30,Northern,Domestic
S003998,1976-04-30,Coastal,Domestic
S003999,1991-06-05,Western,Domestic
S004000,1971-01-28,Western,Domestic
S004001,1967-09-17,Northern,Domestic
S004002,1964-12-31,Central,Domestic
S004003,1999-11-25,Northern,Domestic
S004004,1969-06-02,Western,Domestic
S004005,1967-10-04,Western,Domestic
S004006,1994-08-15,Northern,Domestic
S004007,1963-01-09,Western,Domestic
S004008,1999-09-27,Coastal,Domestic
S004009,1989-03-29,Central,Domestic
S004010,1987-02-27,Coastal,Domestic
S004011,1984-03-31,Coastal,Domestic
S004012,1976-11-09,Coastal,Domestic
S004013,1963-11-23,Coastal,International
S004014,2003-08-20,Northern,International
S004015,1989-01-11,Northern,Domestic
S004016,1992-11-17,Western,Domestic
S004017,2001-02-24,Western,Domestic
S004018,1989-01-08,Western,Domestic
S004019,1987-02-17,Central,Domestic
S004020,1992-02-01,Western,International
S004021,1964-10-05,Coastal,Domestic
S004022,1985-04-18,Western,Domestic
S004023,1997-04-01,Coastal,Domestic
S004024,1977-10-13,Northern,Domestic
S004025,2004-12-28,Coastal,Domestic
S004026,1980-12-03,Central,International
S004027,1977-05-31,Western,Domestic
S004028,1970-04-22,Coastal,International
S004029,1978-02-03,Northern,International
S004030,1970-09-29,Central,International
S004031,1978-01-25,Central,Domestic
S004032,1968-01-27,Northern,Domestic
S004033,1979-08-21,Coastal,Domestic
S004034,1976-01-03,Northern,Domestic
S004035,1965-12-07,Western,Domestic
S004036,1990-07-22,Western,Domestic
S004037,1993-10-16,Coastal,International
S004038,2003-03-30,Coastal,Domestic
S004039,1984-01-07,Western,Domestic
S004040,2002-12-31,Coastal,Domestic
S004041,2006-01-21,Central,Domestic
S004042,1978-07-06,Central,Domestic
S004043,1998-01-11,Western,Domestic
S004044,1996-03-13,Western,Domestic
S004045,1969-10-12,Western,Domestic
S004046,1973-10-16,Northern,Domestic
S004047,1960-10-20,Central,Domestic
S004048,1991-06-28,Central,Domestic
S004049,1969-06-04,Central,Domestic
S004050,1999-06-17,Central,Domestic
S004051,1991-05-04,Coastal,Domestic
S004052,1988-11-16,Northern,Domestic
S004053,1997-08-27,Central,Domestic
S004054,2002-05-17,Northern,Domestic
S004055,1973-01-09,Central,Domestic
S004056,1996-01-14,Coastal,Domestic
S004057,1982-05-26,Western,Domestic
S004058,1971-04-30,Western,Domestic
S004059,1964-08-27,Western,Domestic
S004060,1992-07-24,Western,Domestic
S004061,1962-01-19,Coastal,International
S004062,1995-06-14,Northern,Domestic
S004063,1994-10-08,Central,International
S004064,1970-03-31,Northern,Domestic
S004065,1977-04-14,Western,International
S004066,1961-02-11,Northern,International
S004067,1973-05-30,Central,International
S004068,2005-06-09,Northern,Domestic
S004069,1989-11-19,Western,Domestic
S004070,1968-12-20,Central,International
S004071,1990-03-13,Western,Domestic
S004072,2001-11-26,Coastal,International
S004073,1970-08-26,Coastal,Domestic
S004074,1990-02-16,Central,Domestic
S004075,1965-09-24,Western,International
S004076,1999-12-08,Coastal,International
S004077,1974-12-25,Coastal,Domestic
S004078,1987-02-26,Central,International
S004079,1977-05-24,Northern,Domestic
S004080,1992-05-14,Central,International
S004081,2002-05-13,Coastal,Domestic
S004082,2005-06-11,Central,Domestic
S004083,1973-11-10,Northern,Domestic
S004084,1980-03-31,Coastal,Domestic
S004085,1989-05-04,Western,Domestic
S004086,2000-06-23,Northern,Domestic
S004087,2001-07-22,Western,Domestic
S004088,1995-06-01,Northern,Domestic
S004089,1961-08-10,Western,Domestic
S004090,1962-01-10,Western,Domestic
S004091,1990-09-02,Central,Domestic
S004092,1961-08-17,Coastal,Domestic
S004093,1973-09-11,Western,Domestic
S004094,1990-03-27,Coastal,Domestic
S004095,1980-01-17,Northern,Domestic
S004096,1982-02-12,Central,International
S004097,1974-08-12,Coastal,Domestic
S004098,1999-08-05,Central,Domestic
S004099,1993-08-13,Central,Domestic
S004100,1963-07-20,Central,Domestic
S004101,1980-12-21,Central,International
S004102,1965-01-15,Central,International
S004103,2003-04-24,Coastal,Domestic
S004104,1999-10-15,Coastal,Domestic
S004105,2003-05-03,Western,Domestic
S004106,1965-10-06,Coastal,Domestic
S004107,1986-01-18,Northern,Domestic
S004108,1967-01-29,Western,Domestic
S004109,1992-11-11,Central,Domestic
S004110,1974-03-30,Western,International
S004111,1968-10-31,Western,International
S004112,1970-03-15,Northern,Domestic
S004113,2000-10-04,Coastal,Domestic
S004114,1994-08-08,Western,Domestic
S004115,1988-06-24,Western,Domestic
S004116,2003-12-26,Northern,International
S004117,2003-05-21,Western,Domestic
S004118,2003-12-05,Central,Domestic
S004119,2004-07-18,Western,Domestic
S004120,1968-10-15,Northern,International
S004121,2005-11-28,Central,Domestic
S004122,1979-02-07,Coastal,Domestic
S004123,1977-03-29,Western,Domestic
S004124,2003-11-27,Coastal,International
S004125,1991-12-27,Western,International
S004126,2003-06-28,Northern,Domestic
S004127,1965-05-19,Central,Domestic
S004128,1972-09-18,Northern,International
S004129,1983-06-03,Central,Domestic
S004130,1961-02-20,Western,Domestic
S004131,1978-02-19,Coastal,Domestic
S004132,1989-11-30,Central,Domestic
S004133,1978-05-14,Coastal,International
S004134,1965-08-11,Northern,Domestic
S004135,1975-04-20,Central,Domestic
S004136,1984-02-21,Coastal,Domestic
S004137,1985-02-11,Western,International
S004138,1978-05-28,Coastal,International
S004139,1966-07-17,Western,Domestic
S004140,1977-06-14,Northern,Domestic
S004141,2000-11-21,Central,International
S004142,1975-06-14,Northern,Domestic
S004143,1983-10-23,Coastal,Domestic
S004144,1966-04-01,Northern,Domestic
S004145,1971-11-17,Coastal,Domestic
S004146,2006-05-08,Central,Domestic
S004147,1999-04-27,Northern,International
S004148,1984-01-20,Coastal,Domestic
S004149,1966-06-24,Western,International
S004150,1961-06-08,Coastal,Domestic
S004151,1981-05-03,Central,International
S004152,1977-03-27,Western,Domestic
S004153,1999-05-01,Western,International
S004154,1976-11-24,Northern,Domestic
S004155,1990-12-17,Coastal,International
S004156,2001-07-27,Central,Domestic
S004157,1998-06-19,Western,International
S004158,1995-06-15,Central,Domestic
S004159,1972-11-02,Western,Domestic
S004160,2005-01-26,Central,International
S004161,2002-12-30,Western,International
S004162,1963-12-22,Northern,Domestic
S004163,1962-08-27,Coastal,Domestic
S004164,1984-07-18,Coastal,International
S004165,1996-01-28,Central,Domestic
S004166,1994-04-25,Western,International
S004167,1989-11-30,Central,Domestic
S004168,1968-02-09,Coastal,Domestic
S004169,1999-06-23,Coastal,Domestic
S004170,1993-04-15,Northern,Domestic
S004171,1990-02-15,Northern,Domestic
S004172,1982-08-08,Western,International
S004173,1993-04-24,Coastal,Domestic
S004174,1980-03-14,Coastal,Domestic
S004175,2003-08-18,Central,Domestic
S004176,1990-03-12,Central,International
S004177,1970-10-13,Central,International
S004178,1963-11-02,Western,Domestic
S004179,1984-04-16,Central,International
S004180,1969-10-25,Western,International
S004181,1998-09-25,Western,Domestic
S004182,1986-02-15,Western,Domestic
S004183,1979-11-21,Coastal,Domestic
S004184,1994-05-01,Central,Domestic
S004185,1980-05-20,Northern,Domestic
S004186,1962-10-11,Coastal,Domestic
S004187,1970-09-23,Central,Domestic
S004188,2001-05-14,Central,Domestic
S004189,2005-06-01,Central,International
S004190,1985-12-13,Western,Domestic
S004191,1990-03-10,Central,Domestic
S004192,1994-10-20,Coastal,Domestic
S004193,1976-12-15,Northern,Domestic
S004194,1974-08-04,Coastal,Domestic
S004195,2005-09-10,Northern,International
S004196,1966-08-06,Northern,Domestic
S004197,2004-12-26,Coastal,International
S004198,1981-01-04,Coastal,Domestic
S004199,2006-07-11,Central,Domestic
S004200,1984-01-21,Central,Domestic
